Reporting Starts,Reporting Ends,Campaign Name,Ad Set Name,Ad Name,Amount Spent (USD),Impressions,Link Clicks,CPM,CTR,Purchases,Purchases Conversion Value
2025-01-31,2025-01-31,Artisan Watch - BOF - Retargeting,Website Visitors - Artisan Watch,DPA - Artisan Watch,6.89,540,18,12.76,3.45,1,65.99
2025-01-31,2025-01-31,Artisan Watch - TOF - Interests,Broad Interests - Artisan Watch,Creative A - Artisan Watch,16.07,831,7,19.34,0.92,1,44.0
2025-01-31,2025-01-31,Canvas Tote Bag - TOF - Interests,Broad Interests - Canvas Tote Bag,Creative A - Canvas Tote Bag,6.01,244,2,24.63,1.02,0,0.0
2025-01-31,2025-01-31,Casual Jeans - TOF - Interests,Broad Interests - Casual Jeans,Creative A - Casual Jeans,9.25,627,5,14.76,0.83,0,0.0
2025-01-31,2025-01-31,Plain Beanie - TOF - Interests,Broad Interests - Plain Beanie,Creative A - Plain Beanie,14.6,798,11,18.3,1.48,0,0.0
2025-01-31,2025-01-31,Running Shorts - TOF - Interests,Broad Interests - Running Shorts,Creative A - Running Shorts,8.71,413,4,21.09,0.98,0,0.0
2025-01-31,2025-01-31,Sample Sale Coat - TOF - Interests,Broad Interests - Sample Sale Coat,Creative A - Sample Sale Coa,28.28,1157,13,24.44,1.16,0,0.0
2025-01-31,2025-01-31,Sport Sneakers - TOF - Interests,Broad Interests - Sport Sneakers,Creative A - Sport Sneakers,12.46,639,9,19.5,1.44,0,0.0
2025-01-31,2025-01-31,Standard Lanyard - TOF - Interests,Broad Interests - Standard Lanyard,Creative A - Standard Lanyar,12.16,818,11,14.87,1.43,0,0.0
2025-02-01,2025-02-01,Artisan Watch - TOF - Interests,Broad Interests - Artisan Watch,Creative A - Artisan Watch,3.49,226,3,15.44,1.47,0,0.0
2025-02-01,2025-02-01,Basic Phone Case - TOF - Interests,Broad Interests - Basic Phone Case,Creative A - Basic Phone Cas,9.97,604,8,16.51,1.35,0,0.0
2025-02-01,2025-02-01,Canvas Tote Bag - TOF - Interests,Broad Interests - Canvas Tote Bag,Creative A - Canvas Tote Bag,9.56,567,7,16.86,1.26,0,0.0
2025-02-01,2025-02-01,Canvas Tote Bag - TOF - Interests,Broad Interests - Canvas Tote Bag,Creative A - Canvas Tote Bag,14.75,661,5,22.31,0.88,0,0.0
2025-02-01,2025-02-01,Classic T-Shirt - TOF - Interests,Broad Interests - Classic T-Shirt,Creative A - Classic T-Shirt,10.38,709,8,14.64,1.23,0,0.0
2025-02-01,2025-02-01,Handcrafted Wallet - TOF - Interests,Broad Interests - Handcrafted Wallet,Creative A - Handcrafted Wal,7.2,426,6,16.89,1.42,0,0.0
2025-02-01,2025-02-01,Simple Keychain - TOF - Interests,Broad Interests - Simple Keychain,Creative A - Simple Keychain,6.85,305,3,22.47,1.16,0,0.0
2025-02-01,2025-02-01,Standard Lanyard - TOF - Interests,Broad Interests - Standard Lanyard,Creative A - Standard Lanyar,12.86,634,7,20.28,1.21,0,0.0
2025-02-02,2025-02-02,Basic Socks 3-Pack - TOF - Interests,Broad Interests - Basic Socks 3-Pack,Creative A - Basic Socks 3-P,10.21,585,6,17.45,1.16,0,0.0
2025-02-02,2025-02-02,Designer Sunglasses - BOF - Retargeting,Website Visitors - Designer Sunglasses,DPA - Designer Sungla,13.23,1368,33,9.67,2.48,1,119.99
2025-02-02,2025-02-02,Designer Sunglasses - TOF - Interests,Broad Interests - Designer Sunglasses,Creative A - Designer Sungla,30.85,1429,21,21.59,1.5,1,79.99
2025-02-02,2025-02-02,Last Season Dress - TOF - Interests,Broad Interests - Last Season Dress,Creative A - Last Season Dre,14.58,633,7,23.03,1.15,0,0.0
2025-02-02,2025-02-02,Last Season Dress - TOF - Interests,Broad Interests - Last Season Dress,Creative A - Last Season Dre,17.81,774,8,23.01,1.04,0,0.0
2025-02-02,2025-02-02,Plain Beanie - TOF - Interests,Broad Interests - Plain Beanie,Creative A - Plain Beanie,14.66,1102,11,13.3,1.03,0,0.0
2025-02-02,2025-02-02,Running Shorts - TOF - Interests,Broad Interests - Running Shorts,Creative A - Running Shorts,7.53,311,3,24.2,1.25,0,0.0
2025-02-03,2025-02-03,Baseball Cap - TOF - Interests,Broad Interests - Baseball Cap,Creative A - Baseball Cap,7.31,465,5,15.71,1.27,0,0.0
2025-02-03,2025-02-03,Discontinued Boots - TOF - Interests,Broad Interests - Discontinued Boots,Creative A - Discontinued Bo,23.13,1830,20,12.64,1.13,0,0.0
2025-02-03,2025-02-03,Handcrafted Wallet - TOF - Interests,Broad Interests - Handcrafted Wallet,Creative A - Handcrafted Wal,8.36,462,5,18.1,1.18,0,0.0
2025-02-03,2025-02-03,Sample Sale Coat - TOF - Interests,Broad Interests - Sample Sale Coat,Creative A - Sample Sale Coa,10.68,732,10,14.59,1.45,0,0.0
2025-02-04,2025-02-04,Classic T-Shirt - TOF - Interests,Broad Interests - Classic T-Shirt,Creative A - Classic T-Shirt,13.19,846,8,15.59,1.01,0,0.0
2025-02-04,2025-02-04,Designer Sunglasses - BOF - Retargeting,Website Visitors - Designer Sunglasses,DPA - Designer Sungla,13.21,1317,45,10.03,3.49,1,119.99
2025-02-04,2025-02-04,Designer Sunglasses - TOF - Interests,Broad Interests - Designer Sunglasses,Creative A - Designer Sungla,30.81,2241,25,13.75,1.13,1,79.99
2025-02-04,2025-02-04,Last Season Dress - TOF - Interests,Broad Interests - Last Season Dress,Creative A - Last Season Dre,16.27,858,9,18.96,1.08,0,0.0
2025-02-04,2025-02-04,Polo Shirt - TOF - Interests,Broad Interests - Polo Shirt,Creative A - Polo Shirt,11.27,528,7,21.35,1.36,0,0.0
2025-02-04,2025-02-04,Sport Sneakers - TOF - Interests,Broad Interests - Sport Sneakers,Creative A - Sport Sneakers,12.04,819,11,14.7,1.38,0,0.0
2025-02-05,2025-02-05,Baseball Cap - TOF - Interests,Broad Interests - Baseball Cap,Creative A - Baseball Cap,6.6,433,4,15.25,1.03,0,0.0
2025-02-05,2025-02-05,Basic Phone Case - TOF - Interests,Broad Interests - Basic Phone Case,Creative A - Basic Phone Cas,13.76,772,8,17.83,1.12,0,0.0
2025-02-05,2025-02-05,Basic Socks 3-Pack - TOF - Interests,Broad Interests - Basic Socks 3-Pack,Creative A - Basic Socks 3-P,12.46,822,8,15.16,1.08,0,0.0
2025-02-05,2025-02-05,Cashmere Sweater - BOF - Retargeting,Website Visitors - Cashmere Sweater,DPA - Cashmere Sweate,8.81,1000,36,8.81,3.61,1,71.99
2025-02-05,2025-02-05,Cashmere Sweater - TOF - Interests,Broad Interests - Cashmere Sweater,Creative A - Cashmere Sweate,20.56,1277,17,16.1,1.35,1,48.0
2025-02-05,2025-02-05,Handcrafted Wallet - BOF - Retargeting,Website Visitors - Handcrafted Wallet,DPA - Handcrafted Wal,11.75,961,31,12.23,3.26,1,95.99
2025-02-05,2025-02-05,Handcrafted Wallet - TOF - Interests,Broad Interests - Handcrafted Wallet,Creative A - Handcrafted Wal,27.43,1406,12,19.51,0.91,1,63.99
2025-02-05,2025-02-05,Last Season Dress - BOF - Retargeting,Website Visitors - Last Season Dress,DPA - Last Season Dre,10.0,775,29,12.9,3.77,1,14.99
2025-02-05,2025-02-05,Last Season Dress - TOF - Interests,Broad Interests - Last Season Dress,Creative A - Last Season Dre,23.32,1275,18,18.29,1.46,1,10.0
2025-02-05,2025-02-05,Overstock Pants - TOF - Interests,Broad Interests - Overstock Pants,Creative A - Overstock Pants,27.03,2065,27,13.09,1.33,0,0.0
2025-02-05,2025-02-05,Simple Keychain - TOF - Interests,Broad Interests - Simple Keychain,Creative A - Simple Keychain,5.43,286,2,19.0,0.86,0,0.0
2025-02-06,2025-02-06,Basic Phone Case - TOF - Interests,Broad Interests - Basic Phone Case,Creative A - Basic Phone Cas,9.83,566,4,17.36,0.8,0,0.0
2025-02-06,2025-02-06,Canvas Tote Bag - TOF - Interests,Broad Interests - Canvas Tote Bag,Creative A - Canvas Tote Bag,8.28,337,3,24.56,0.89,0,0.0
2025-02-06,2025-02-06,Casual Jeans - BOF - Retargeting,Website Visitors - Casual Jeans,DPA - Casual Jeans,6.33,606,17,10.45,2.93,1,35.99
2025-02-06,2025-02-06,Casual Jeans - TOF - Interests,Broad Interests - Casual Jeans,Creative A - Casual Jeans,14.79,869,7,17.02,0.81,1,24.0
2025-02-06,2025-02-06,Discontinued Boots - TOF - Interests,Broad Interests - Discontinued Boots,Creative A - Discontinued Bo,20.5,877,9,23.37,1.07,0,0.0
2025-02-06,2025-02-06,Handcrafted Wallet - TOF - Interests,Broad Interests - Handcrafted Wallet,Creative A - Handcrafted Wal,6.35,282,3,22.51,1.17,0,0.0
2025-02-06,2025-02-06,Plain Beanie - TOF - Interests,Broad Interests - Plain Beanie,Creative A - Plain Beanie,9.83,405,3,24.28,0.96,0,0.0
2025-02-07,2025-02-07,Artisan Watch - TOF - Interests,Broad Interests - Artisan Watch,Creative A - Artisan Watch,3.08,219,2,14.08,1.07,0,0.0
2025-02-07,2025-02-07,Basic Phone Case - TOF - Interests,Broad Interests - Basic Phone Case,Creative A - Basic Phone Cas,9.81,792,10,12.39,1.34,0,0.0
2025-02-07,2025-02-07,Casual Jeans - TOF - Interests,Broad Interests - Casual Jeans,Creative A - Casual Jeans,8.85,577,5,15.33,1.03,0,0.0
2025-02-07,2025-02-07,Classic T-Shirt - TOF - Interests,Broad Interests - Classic T-Shirt,Creative A - Classic T-Shirt,14.34,1048,10,13.68,0.98,0,0.0
2025-02-07,2025-02-07,Designer Sunglasses - BOF - Retargeting,Website Visitors - Designer Sunglasses,DPA - Designer Sungla,6.51,589,19,11.06,3.27,1,59.99
2025-02-07,2025-02-07,Designer Sunglasses - TOF - Interests,Broad Interests - Designer Sunglasses,Creative A - Designer Sungla,15.22,1252,10,12.16,0.84,1,40.0
2025-02-07,2025-02-07,Premium Backpack - BOF - Retargeting,Website Visitors - Premium Backpack,DPA - Premium Backpac,5.45,386,12,14.11,3.33,1,53.99
2025-02-07,2025-02-07,Premium Backpack - TOF - Interests,Broad Interests - Premium Backpack,Creative A - Premium Backpac,12.71,635,7,20.02,1.18,1,36.0
2025-02-07,2025-02-07,Premium Backpack - TOF - Interests,Broad Interests - Premium Backpack,Creative A - Premium Backpac,4.1,284,3,14.44,1.27,0,0.0
2025-02-07,2025-02-07,Simple Keychain - TOF - Interests,Broad Interests - Simple Keychain,Creative A - Simple Keychain,6.46,428,3,15.09,0.85,0,0.0
2025-02-07,2025-02-07,Standard Lanyard - TOF - Interests,Broad Interests - Standard Lanyard,Creative A - Standard Lanyar,11.13,482,6,23.1,1.36,0,0.0
2025-02-08,2025-02-08,Basic Socks 3-Pack - TOF - Interests,Broad Interests - Basic Socks 3-Pack,Creative A - Basic Socks 3-P,9.6,449,5,21.39,1.15,0,0.0
2025-02-08,2025-02-08,Clearance Jacket - TOF - Interests,Broad Interests - Clearance Jacket,Creative A - Clearance Jacke,28.78,1268,10,22.7,0.81,0,0.0
2025-02-08,2025-02-08,Handcrafted Wallet - BOF - Retargeting,Website Visitors - Handcrafted Wallet,DPA - Handcrafted Wal,11.35,1025,29,11.07,2.92,1,95.99
2025-02-08,2025-02-08,Handcrafted Wallet - TOF - Interests,Broad Interests - Handcrafted Wallet,Creative A - Handcrafted Wal,26.49,1381,13,19.18,0.97,1,63.99
2025-02-08,2025-02-08,Luxury Belt - TOF - Interests,Broad Interests - Luxury Belt,Creative A - Luxury Belt,3.46,141,2,24.56,1.48,0,0.0
2025-02-08,2025-02-08,Sport Sneakers - TOF - Interests,Broad Interests - Sport Sneakers,Creative A - Sport Sneakers,11.2,496,6,22.58,1.33,0,0.0
2025-02-09,2025-02-09,Canvas Tote Bag - TOF - Interests,Broad Interests - Canvas Tote Bag,Creative A - Canvas Tote Bag,7.35,311,3,23.62,1.16,0,0.0
2025-02-09,2025-02-09,Casual Jeans - BOF - Retargeting,Website Visitors - Casual Jeans,DPA - Casual Jeans,13.77,1632,51,8.44,3.13,1,71.99
2025-02-09,2025-02-09,Casual Jeans - TOF - Interests,Broad Interests - Casual Jeans,Creative A - Casual Jeans,32.14,1337,14,24.04,1.1,1,47.99
2025-02-09,2025-02-09,Cotton Hoodie - TOF - Interests,Broad Interests - Cotton Hoodie,Creative A - Cotton Hoodie,10.87,501,7,21.7,1.44,0,0.0
2025-02-09,2025-02-09,Discontinued Boots - TOF - Interests,Broad Interests - Discontinued Boots,Creative A - Discontinued Bo,16.49,876,10,18.82,1.23,0,0.0
2025-02-09,2025-02-09,Overstock Pants - TOF - Interests,Broad Interests - Overstock Pants,Creative A - Overstock Pants,23.0,1850,19,12.43,1.05,0,0.0
2025-02-09,2025-02-09,Polo Shirt - TOF - Interests,Broad Interests - Polo Shirt,Creative A - Polo Shirt,14.16,701,7,20.2,1.12,0,0.0
2025-02-09,2025-02-09,Sport Sneakers - TOF - Interests,Broad Interests - Sport Sneakers,Creative A - Sport Sneakers,5.19,282,2,18.39,0.8,0,0.0
2025-02-10,2025-02-10,Baseball Cap - TOF - Interests,Broad Interests - Baseball Cap,Creative A - Baseball Cap,10.64,556,7,19.13,1.39,0,0.0
2025-02-10,2025-02-10,Basic Socks 3-Pack - BOF - Retargeting,Website Visitors - Basic Socks 3-Pack,DPA - Basic Socks 3-P,12.46,1442,42,8.64,2.95,1,23.99
2025-02-10,2025-02-10,Basic Socks 3-Pack - TOF - Interests,Broad Interests - Basic Socks 3-Pack,Creative A - Basic Socks 3-P,29.08,1454,18,20.0,1.24,1,15.99
2025-02-10,2025-02-10,Cashmere Sweater - BOF - Retargeting,Website Visitors - Cashmere Sweater,DPA - Cashmere Sweate,15.31,1076,41,14.23,3.82,1,143.99
2025-02-10,2025-02-10,Cashmere Sweater - TOF - Interests,Broad Interests - Cashmere Sweater,Creative A - Cashmere Sweate,35.74,2256,19,15.84,0.88,1,95.99
2025-02-10,2025-02-10,Classic T-Shirt - TOF - Interests,Broad Interests - Classic T-Shirt,Creative A - Classic T-Shirt,14.48,1148,10,12.61,0.91,0,0.0
2025-02-10,2025-02-10,Cotton Hoodie - TOF - Interests,Broad Interests - Cotton Hoodie,Creative A - Cotton Hoodie,7.45,492,7,15.14,1.44,0,0.0
2025-02-10,2025-02-10,Handcrafted Wallet - BOF - Retargeting,Website Visitors - Handcrafted Wallet,DPA - Handcrafted Wal,11.89,842,32,14.12,3.86,1,95.99
2025-02-10,2025-02-10,Handcrafted Wallet - TOF - Interests,Broad Interests - Handcrafted Wallet,Creative A - Handcrafted Wal,27.75,1965,26,14.12,1.34,1,63.99
2025-02-10,2025-02-10,Last Season Dress - TOF - Interests,Broad Interests - Last Season Dress,Creative A - Last Season Dre,24.77,1018,10,24.33,0.98,0,0.0
2025-02-10,2025-02-10,Sample Sale Coat - TOF - Interests,Broad Interests - Sample Sale Coat,Creative A - Sample Sale Coa,16.83,880,9,19.13,1.11,0,0.0
2025-02-10,2025-02-10,Standard Lanyard - TOF - Interests,Broad Interests - Standard Lanyard,Creative A - Standard Lanyar,9.97,554,7,18.0,1.34,0,0.0
2025-02-11,2025-02-11,Basic Phone Case - TOF - Interests,Broad Interests - Basic Phone Case,Creative A - Basic Phone Cas,9.48,527,4,17.98,0.84,0,0.0
2025-02-11,2025-02-11,Canvas Tote Bag - TOF - Interests,Broad Interests - Canvas Tote Bag,Creative A - Canvas Tote Bag,7.0,401,5,17.46,1.33,0,0.0
2025-02-11,2025-02-11,Casual Jeans - TOF - Interests,Broad Interests - Casual Jeans,Creative A - Casual Jeans,13.1,994,11,13.18,1.12,0,0.0
2025-02-11,2025-02-11,Clearance Jacket - TOF - Interests,Broad Interests - Clearance Jacket,Creative A - Clearance Jacke,15.33,840,10,18.25,1.2,0,0.0
2025-02-11,2025-02-11,Last Season Dress - TOF - Interests,Broad Interests - Last Season Dress,Creative A - Last Season Dre,13.9,739,6,18.81,0.87,0,0.0
2025-02-11,2025-02-11,Plain Beanie - TOF - Interests,Broad Interests - Plain Beanie,Creative A - Plain Beanie,7.33,545,5,13.45,1.03,0,0.0
2025-02-11,2025-02-11,Premium Leather Bag - BOF - Retargeting,Website Visitors - Premium Leather Bag,DPA - Premium Leather,17.74,1908,59,9.3,3.12,1,143.99
2025-02-11,2025-02-11,Premium Leather Bag - TOF - Interests,Broad Interests - Premium Leather Bag,Creative A - Premium Leather,41.39,1937,16,21.37,0.83,1,95.99
2025-02-11,2025-02-11,Sport Sneakers - TOF - Interests,Broad Interests - Sport Sneakers,Creative A - Sport Sneakers,6.83,385,5,17.73,1.41,0,0.0
2025-02-12,2025-02-12,Cashmere Sweater - TOF - Interests,Broad Interests - Cashmere Sweater,Creative A - Cashmere Sweate,6.84,475,4,14.39,0.91,0,0.0
2025-02-12,2025-02-12,Cashmere Sweater - TOF - Interests,Broad Interests - Cashmere Sweater,Creative A - Cashmere Sweate,8.61,398,4,21.63,1.19,0,0.0
2025-02-12,2025-02-12,Discontinued Boots - TOF - Interests,Broad Interests - Discontinued Boots,Creative A - Discontinued Bo,21.13,1095,8,19.3,0.8,0,0.0
2025-02-12,2025-02-12,Handcrafted Wallet - TOF - Interests,Broad Interests - Handcrafted Wallet,Creative A - Handcrafted Wal,6.53,433,4,15.08,0.93,0,0.0
2025-02-12,2025-02-12,Sample Sale Coat - TOF - Interests,Broad Interests - Sample Sale Coat,Creative A - Sample Sale Coa,14.9,665,9,22.41,1.37,0,0.0
2025-02-13,2025-02-13,Baseball Cap - TOF - Interests,Broad Interests - Baseball Cap,Creative A - Baseball Cap,13.66,999,8,13.67,0.82,0,0.0
2025-02-13,2025-02-13,Canvas Tote Bag - TOF - Interests,Broad Interests - Canvas Tote Bag,Creative A - Canvas Tote Bag,6.58,289,2,22.78,0.87,0,0.0
2025-02-13,2025-02-13,Cashmere Sweater - BOF - Retargeting,Website Visitors - Cashmere Sweater,DPA - Cashmere Sweate,7.58,711,25,10.66,3.53,1,71.99
2025-02-13,2025-02-13,Cashmere Sweater - TOF - Interests,Broad Interests - Cashmere Sweater,Creative A - Cashmere Sweate,17.68,1295,11,13.65,0.89,1,48.0
2025-02-13,2025-02-13,Cashmere Sweater - TOF - Interests,Broad Interests - Cashmere Sweater,Creative A - Cashmere Sweate,5.78,440,5,13.13,1.3,0,0.0
2025-02-13,2025-02-13,Last Season Dress - BOF - Retargeting,Website Visitors - Last Season Dress,DPA - Last Season Dre,20.83,1737,62,11.99,3.59,1,29.99
2025-02-13,2025-02-13,Last Season Dress - TOF - Interests,Broad Interests - Last Season Dress,Creative A - Last Season Dre,48.61,2671,35,18.2,1.31,1,19.99
2025-02-13,2025-02-13,Overstock Pants - TOF - Interests,Broad Interests - Overstock Pants,Creative A - Overstock Pants,21.25,974,13,21.82,1.35,0,0.0
2025-02-13,2025-02-13,Running Shorts - TOF - Interests,Broad Interests - Running Shorts,Creative A - Running Shorts,13.42,567,5,23.66,1.0,0,0.0
2025-02-13,2025-02-13,Running Shorts - TOF - Interests,Broad Interests - Running Shorts,Creative A - Running Shorts,10.49,560,6,18.73,1.2,0,0.0
2025-02-14,2025-02-14,Cashmere Sweater - BOF - Retargeting,Website Visitors - Cashmere Sweater,DPA - Cashmere Sweate,8.25,598,16,13.79,2.69,1,71.99
2025-02-14,2025-02-14,Cashmere Sweater - TOF - Interests,Broad Interests - Cashmere Sweater,Creative A - Cashmere Sweate,19.24,1029,12,18.7,1.17,1,48.0
2025-02-14,2025-02-14,Casual Jeans - TOF - Interests,Broad Interests - Casual Jeans,Creative A - Casual Jeans,13.6,582,4,23.37,0.84,0,0.0
2025-02-14,2025-02-14,Last Season Dress - TOF - Interests,Broad Interests - Last Season Dress,Creative A - Last Season Dre,9.06,638,6,14.2,0.98,0,0.0
2025-02-14,2025-02-14,Polo Shirt - TOF - Interests,Broad Interests - Polo Shirt,Creative A - Polo Shirt,10.7,695,6,15.39,0.88,0,0.0
2025-02-14,2025-02-14,Simple Keychain - TOF - Interests,Broad Interests - Simple Keychain,Creative A - Simple Keychain,12.08,686,7,17.61,1.09,0,0.0
2025-02-15,2025-02-15,Last Season Dress - TOF - Interests,Broad Interests - Last Season Dress,Creative A - Last Season Dre,26.92,1664,21,16.18,1.31,0,0.0
2025-02-15,2025-02-15,Luxury Silk Scarf - BOF - Retargeting,Website Visitors - Luxury Silk Scarf,DPA - Luxury Silk Sca,6.3,500,18,12.61,3.66,1,53.99
2025-02-15,2025-02-15,Luxury Silk Scarf - TOF - Interests,Broad Interests - Luxury Silk Scarf,Creative A - Luxury Silk Sca,14.73,857,7,17.19,0.92,1,36.0
2025-02-15,2025-02-15,Sport Sneakers - TOF - Interests,Broad Interests - Sport Sneakers,Creative A - Sport Sneakers,8.09,351,3,23.06,0.93,0,0.0
2025-02-16,2025-02-16,Baseball Cap - TOF - Interests,Broad Interests - Baseball Cap,Creative A - Baseball Cap,7.85,552,5,14.22,0.97,0,0.0
2025-02-16,2025-02-16,Canvas Tote Bag - TOF - Interests,Broad Interests - Canvas Tote Bag,Creative A - Canvas Tote Bag,7.55,626,8,12.06,1.37,0,0.0
2025-02-16,2025-02-16,Cashmere Sweater - BOF - Retargeting,Website Visitors - Cashmere Sweater,DPA - Cashmere Sweate,7.34,517,11,14.2,2.28,1,71.99
2025-02-16,2025-02-16,Cashmere Sweater - TOF - Interests,Broad Interests - Cashmere Sweater,Creative A - Cashmere Sweate,17.15,1018,14,16.85,1.45,1,48.0
2025-02-16,2025-02-16,Casual Jeans - BOF - Retargeting,Website Visitors - Casual Jeans,DPA - Casual Jeans,17.71,1607,51,11.02,3.2,1,71.99
2025-02-16,2025-02-16,Casual Jeans - TOF - Interests,Broad Interests - Casual Jeans,Creative A - Casual Jeans,41.31,1700,23,24.3,1.36,1,47.99
2025-02-16,2025-02-16,Clearance Jacket - BOF - Retargeting,Website Visitors - Clearance Jacket,DPA - Clearance Jacke,14.65,1124,32,13.03,2.92,1,17.99
2025-02-16,2025-02-16,Clearance Jacket - TOF - Interests,Broad Interests - Clearance Jacket,Creative A - Clearance Jacke,34.17,1568,22,21.79,1.42,1,12.0
2025-02-16,2025-02-16,Luxury Belt - TOF - Interests,Broad Interests - Luxury Belt,Creative A - Luxury Belt,9.17,615,8,14.91,1.43,0,0.0
2025-02-16,2025-02-16,Premium Leather Bag - BOF - Retargeting,Website Visitors - Premium Leather Bag,DPA - Premium Leather,14.45,1388,28,10.41,2.03,1,143.99
2025-02-16,2025-02-16,Premium Leather Bag - TOF - Interests,Broad Interests - Premium Leather Bag,Creative A - Premium Leather,33.73,2193,18,15.38,0.82,1,95.99
2025-02-16,2025-02-16,Sample Sale Coat - BOF - Retargeting,Website Visitors - Sample Sale Coat,DPA - Sample Sale Coa,24.95,2175,48,11.47,2.22,1,29.99
2025-02-16,2025-02-16,Sample Sale Coat - TOF - Interests,Broad Interests - Sample Sale Coat,Creative A - Sample Sale Coa,58.24,3593,39,16.21,1.11,1,20.0
2025-02-17,2025-02-17,Clearance Jacket - TOF - Interests,Broad Interests - Clearance Jacket,Creative A - Clearance Jacke,9.78,467,4,20.94,1.03,0,0.0
2025-02-17,2025-02-17,Cotton Hoodie - TOF - Interests,Broad Interests - Cotton Hoodie,Creative A - Cotton Hoodie,7.91,429,5,18.44,1.39,0,0.0
2025-02-17,2025-02-17,Handcrafted Wallet - BOF - Retargeting,Website Visitors - Handcrafted Wallet,DPA - Handcrafted Wal,5.12,389,11,13.17,3.03,1,47.99
2025-02-17,2025-02-17,Handcrafted Wallet - TOF - Interests,Broad Interests - Handcrafted Wallet,Creative A - Handcrafted Wal,11.95,614,8,19.46,1.45,1,32.0
2025-02-17,2025-02-17,Luxury Belt - BOF - Retargeting,Website Visitors - Luxury Belt,DPA - Luxury Belt,4.99,591,17,8.45,2.97,1,47.99
2025-02-17,2025-02-17,Luxury Belt - TOF - Interests,Broad Interests - Luxury Belt,Creative A - Luxury Belt,11.66,788,11,14.8,1.45,1,32.0
2025-02-17,2025-02-17,Luxury Silk Scarf - TOF - Interests,Broad Interests - Luxury Silk Scarf,Creative A - Luxury Silk Sca,8.02,608,8,13.19,1.32,0,0.0
2025-02-17,2025-02-17,Running Shorts - TOF - Interests,Broad Interests - Running Shorts,Creative A - Running Shorts,14.29,582,5,24.55,0.87,0,0.0
2025-02-18,2025-02-18,Cashmere Sweater - BOF - Retargeting,Website Visitors - Cashmere Sweater,DPA - Cashmere Sweate,15.75,1670,58,9.43,3.49,1,143.99
2025-02-18,2025-02-18,Cashmere Sweater - TOF - Interests,Broad Interests - Cashmere Sweater,Creative A - Cashmere Sweate,36.74,2515,24,14.61,0.96,1,95.99
2025-02-18,2025-02-18,Casual Jeans - TOF - Interests,Broad Interests - Casual Jeans,Creative A - Casual Jeans,8.18,409,4,20.0,1.16,0,0.0
2025-02-18,2025-02-18,Clearance Jacket - TOF - Interests,Broad Interests - Clearance Jacket,Creative A - Clearance Jacke,23.57,1014,14,23.24,1.4,0,0.0
2025-02-18,2025-02-18,Last Season Dress - BOF - Retargeting,Website Visitors - Last Season Dress,DPA - Last Season Dre,19.87,1397,48,14.22,3.44,1,29.99
2025-02-18,2025-02-18,Last Season Dress - TOF - Interests,Broad Interests - Last Season Dress,Creative A - Last Season Dre,46.37,2086,26,22.23,1.28,1,19.99
2025-02-18,2025-02-18,Overstock Pants - TOF - Interests,Broad Interests - Overstock Pants,Creative A - Overstock Pants,23.38,1642,20,14.24,1.27,0,0.0
2025-02-18,2025-02-18,Premium Leather Bag - BOF - Retargeting,Website Visitors - Premium Leather Bag,DPA - Premium Leather,7.76,903,26,8.59,2.9,1,71.99
2025-02-18,2025-02-18,Premium Leather Bag - TOF - Interests,Broad Interests - Premium Leather Bag,Creative A - Premium Leather,18.11,1017,10,17.81,1.02,1,48.0
2025-02-18,2025-02-18,Running Shorts - TOF - Interests,Broad Interests - Running Shorts,Creative A - Running Shorts,10.75,542,6,19.83,1.22,0,0.0
2025-02-18,2025-02-18,Sample Sale Coat - TOF - Interests,Broad Interests - Sample Sale Coat,Creative A - Sample Sale Coa,16.19,1063,15,15.23,1.42,0,0.0
2025-02-19,2025-02-19,Basic Socks 3-Pack - TOF - Interests,Broad Interests - Basic Socks 3-Pack,Creative A - Basic Socks 3-P,14.59,631,6,23.12,0.97,0,0.0
2025-02-19,2025-02-19,Clearance Jacket - TOF - Interests,Broad Interests - Clearance Jacket,Creative A - Clearance Jacke,14.46,943,10,15.33,1.11,0,0.0
2025-02-19,2025-02-19,Discontinued Boots - TOF - Interests,Broad Interests - Discontinued Boots,Creative A - Discontinued Bo,20.62,1225,9,16.83,0.8,0,0.0
2025-02-19,2025-02-19,Overstock Pants - TOF - Interests,Broad Interests - Overstock Pants,Creative A - Overstock Pants,11.04,783,9,14.1,1.17,0,0.0
2025-02-19,2025-02-19,Sample Sale Coat - TOF - Interests,Broad Interests - Sample Sale Coat,Creative A - Sample Sale Coa,23.76,1274,15,18.65,1.2,0,0.0
2025-02-19,2025-02-19,Sport Sneakers - TOF - Interests,Broad Interests - Sport Sneakers,Creative A - Sport Sneakers,11.27,711,8,15.85,1.14,0,0.0
2025-02-20,2025-02-20,Artisan Watch - BOF - Retargeting,Website Visitors - Artisan Watch,DPA - Artisan Watch,14.76,1098,31,13.44,2.87,1,131.99
2025-02-20,2025-02-20,Artisan Watch - TOF - Interests,Broad Interests - Artisan Watch,Creative A - Artisan Watch,34.44,2553,34,13.49,1.36,1,87.99
2025-02-20,2025-02-20,Cashmere Sweater - TOF - Interests,Broad Interests - Cashmere Sweater,Creative A - Cashmere Sweate,6.82,351,4,19.43,1.36,0,0.0
2025-02-20,2025-02-20,Classic T-Shirt - TOF - Interests,Broad Interests - Classic T-Shirt,Creative A - Classic T-Shirt,14.35,614,7,23.37,1.15,0,0.0
2025-02-20,2025-02-20,Discontinued Boots - TOF - Interests,Broad Interests - Discontinued Boots,Creative A - Discontinued Bo,28.22,1288,10,21.91,0.82,0,0.0
2025-02-20,2025-02-20,Overstock Pants - TOF - Interests,Broad Interests - Overstock Pants,Creative A - Overstock Pants,29.45,1373,16,21.45,1.23,0,0.0
2025-02-20,2025-02-20,Premium Backpack - TOF - Interests,Broad Interests - Premium Backpack,Creative A - Premium Backpac,7.28,379,5,19.21,1.45,0,0.0
2025-02-20,2025-02-20,Premium Leather Bag - BOF - Retargeting,Website Visitors - Premium Leather Bag,DPA - Premium Leather,7.3,494,11,14.77,2.24,1,71.99
2025-02-20,2025-02-20,Premium Leather Bag - TOF - Interests,Broad Interests - Premium Leather Bag,Creative A - Premium Leather,17.02,873,9,19.5,1.06,1,48.0
2025-02-20,2025-02-20,Simple Keychain - TOF - Interests,Broad Interests - Simple Keychain,Creative A - Simple Keychain,12.92,580,5,22.27,0.88,0,0.0
2025-02-21,2025-02-21,Luxury Belt - TOF - Interests,Broad Interests - Luxury Belt,Creative A - Luxury Belt,8.16,492,4,16.59,1.0,0,0.0
2025-02-21,2025-02-21,Overstock Pants - TOF - Interests,Broad Interests - Overstock Pants,Creative A - Overstock Pants,25.27,1273,13,19.85,1.06,0,0.0
2025-02-21,2025-02-21,Plain Beanie - TOF - Interests,Broad Interests - Plain Beanie,Creative A - Plain Beanie,14.95,1091,10,13.7,1.0,0,0.0
2025-02-21,2025-02-21,Simple Keychain - TOF - Interests,Broad Interests - Simple Keychain,Creative A - Simple Keychain,11.67,616,7,18.95,1.16,0,0.0
2025-02-22,2025-02-22,Clearance Jacket - TOF - Interests,Broad Interests - Clearance Jacket,Creative A - Clearance Jacke,22.21,1026,9,21.65,0.89,0,0.0
2025-02-22,2025-02-22,Luxury Silk Scarf - TOF - Interests,Broad Interests - Luxury Silk Scarf,Creative A - Luxury Silk Sca,6.87,308,2,22.29,0.86,0,0.0
2025-02-22,2025-02-22,Overstock Pants - TOF - Interests,Broad Interests - Overstock Pants,Creative A - Overstock Pants,18.7,761,6,24.57,0.8,0,0.0
2025-02-22,2025-02-22,Sample Sale Coat - TOF - Interests,Broad Interests - Sample Sale Coat,Creative A - Sample Sale Coa,21.59,967,12,22.33,1.25,0,0.0
2025-02-23,2025-02-23,Basic Socks 3-Pack - TOF - Interests,Broad Interests - Basic Socks 3-Pack,Creative A - Basic Socks 3-P,5.9,406,3,14.53,0.86,0,0.0
2025-02-23,2025-02-23,Clearance Jacket - TOF - Interests,Broad Interests - Clearance Jacket,Creative A - Clearance Jacke,15.32,776,10,19.74,1.38,0,0.0
2025-02-23,2025-02-23,Designer Sunglasses - TOF - Interests,Broad Interests - Designer Sunglasses,Creative A - Designer Sungla,5.46,241,1,22.66,0.81,0,0.0
2025-02-23,2025-02-23,Discontinued Boots - TOF - Interests,Broad Interests - Discontinued Boots,Creative A - Discontinued Bo,18.58,1304,17,14.25,1.37,0,0.0
2025-02-23,2025-02-23,Discontinued Boots - TOF - Interests,Broad Interests - Discontinued Boots,Creative A - Discontinued Bo,15.74,733,5,21.47,0.81,0,0.0
2025-02-23,2025-02-23,Last Season Dress - TOF - Interests,Broad Interests - Last Season Dress,Creative A - Last Season Dre,21.44,1781,18,12.04,1.05,0,0.0
2025-02-23,2025-02-23,Premium Leather Bag - BOF - Retargeting,Website Visitors - Premium Leather Bag,DPA - Premium Leather,15.59,1592,61,9.79,3.88,1,143.99
2025-02-23,2025-02-23,Premium Leather Bag - TOF - Interests,Broad Interests - Premium Leather Bag,Creative A - Premium Leather,36.34,1585,14,22.93,0.93,1,95.99
2025-02-24,2025-02-24,Basic Phone Case - TOF - Interests,Broad Interests - Basic Phone Case,Creative A - Basic Phone Cas,12.29,670,7,18.34,1.11,0,0.0
2025-02-24,2025-02-24,Canvas Tote Bag - TOF - Interests,Broad Interests - Canvas Tote Bag,Creative A - Canvas Tote Bag,13.5,719,7,18.77,1.07,0,0.0
2025-02-24,2025-02-24,Canvas Tote Bag - TOF - Interests,Broad Interests - Canvas Tote Bag,Creative A - Canvas Tote Bag,14.75,1200,14,12.29,1.21,0,0.0
2025-02-24,2025-02-24,Classic T-Shirt - TOF - Interests,Broad Interests - Classic T-Shirt,Creative A - Classic T-Shirt,9.45,441,5,21.42,1.2,0,0.0
2025-02-24,2025-02-24,Overstock Pants - TOF - Interests,Broad Interests - Overstock Pants,Creative A - Overstock Pants,15.79,1087,11,14.53,1.03,0,0.0
2025-02-24,2025-02-24,Simple Keychain - TOF - Interests,Broad Interests - Simple Keychain,Creative A - Simple Keychain,9.08,589,5,15.42,0.9,0,0.0
2025-02-24,2025-02-24,Sport Sneakers - TOF - Interests,Broad Interests - Sport Sneakers,Creative A - Sport Sneakers,9.37,387,3,24.2,0.89,0,0.0
2025-02-25,2025-02-25,Basic Socks 3-Pack - TOF - Interests,Broad Interests - Basic Socks 3-Pack,Creative A - Basic Socks 3-P,10.06,409,5,24.6,1.23,0,0.0
2025-02-25,2025-02-25,Canvas Tote Bag - TOF - Interests,Broad Interests - Canvas Tote Bag,Creative A - Canvas Tote Bag,13.22,590,6,22.41,1.09,0,0.0
2025-02-25,2025-02-25,Last Season Dress - TOF - Interests,Broad Interests - Last Season Dress,Creative A - Last Season Dre,9.99,620,8,16.11,1.36,0,0.0
2025-02-25,2025-02-25,Sample Sale Coat - TOF - Interests,Broad Interests - Sample Sale Coat,Creative A - Sample Sale Coa,19.0,860,12,22.09,1.44,0,0.0
2025-02-26,2025-02-26,Classic T-Shirt - TOF - Interests,Broad Interests - Classic T-Shirt,Creative A - Classic T-Shirt,14.27,722,7,19.77,1.04,0,0.0
2025-02-26,2025-02-26,Cotton Hoodie - TOF - Interests,Broad Interests - Cotton Hoodie,Creative A - Cotton Hoodie,13.88,982,14,14.13,1.46,0,0.0
2025-02-26,2025-02-26,Last Season Dress - TOF - Interests,Broad Interests - Last Season Dress,Creative A - Last Season Dre,25.23,1327,13,19.01,0.99,0,0.0
2025-02-26,2025-02-26,Luxury Belt - BOF - Retargeting,Website Visitors - Luxury Belt,DPA - Luxury Belt,9.92,665,26,14.92,3.94,1,95.99
2025-02-26,2025-02-26,Luxury Belt - TOF - Interests,Broad Interests - Luxury Belt,Creative A - Luxury Belt,23.17,1200,14,19.31,1.2,1,63.99
2025-02-26,2025-02-26,Overstock Pants - TOF - Interests,Broad Interests - Overstock Pants,Creative A - Overstock Pants,19.43,1368,11,14.2,0.85,0,0.0
2025-02-26,2025-02-26,Standard Lanyard - BOF - Retargeting,Website Visitors - Standard Lanyard,DPA - Standard Lanyar,2.36,173,3,13.63,2.24,1,4.79
2025-02-26,2025-02-26,Standard Lanyard - TOF - Interests,Broad Interests - Standard Lanyard,Creative A - Standard Lanyar,5.51,250,2,22.03,1.0,1,3.2
2025-02-27,2025-02-27,Basic Socks 3-Pack - TOF - Interests,Broad Interests - Basic Socks 3-Pack,Creative A - Basic Socks 3-P,14.61,930,7,15.71,0.81,0,0.0
2025-02-27,2025-02-27,Canvas Tote Bag - TOF - Interests,Broad Interests - Canvas Tote Bag,Creative A - Canvas Tote Bag,5.61,288,4,19.47,1.39,0,0.0
2025-02-27,2025-02-27,Premium Backpack - TOF - Interests,Broad Interests - Premium Backpack,Creative A - Premium Backpac,9.28,493,5,18.82,1.07,0,0.0
2025-02-28,2025-02-28,Cashmere Sweater - TOF - Interests,Broad Interests - Cashmere Sweater,Creative A - Cashmere Sweate,3.86,209,1,18.47,0.89,0,0.0
2025-02-28,2025-02-28,Cashmere Sweater - TOF - Interests,Broad Interests - Cashmere Sweater,Creative A - Cashmere Sweate,9.49,389,3,24.39,0.96,0,0.0
2025-02-28,2025-02-28,Last Season Dress - TOF - Interests,Broad Interests - Last Season Dress,Creative A - Last Season Dre,15.73,803,9,19.59,1.19,0,0.0
2025-02-28,2025-02-28,Premium Backpack - TOF - Interests,Broad Interests - Premium Backpack,Creative A - Premium Backpac,3.89,207,1,18.79,0.93,0,0.0
2025-03-01,2025-03-01,Baseball Cap - TOF - Interests,Broad Interests - Baseball Cap,Creative A - Baseball Cap,5.27,249,3,21.17,1.25,0,0.0
2025-03-01,2025-03-01,Canvas Tote Bag - TOF - Interests,Broad Interests - Canvas Tote Bag,Creative A - Canvas Tote Bag,9.85,792,11,12.44,1.48,0,0.0
2025-03-01,2025-03-01,Designer Sunglasses - BOF - Retargeting,Website Visitors - Designer Sunglasses,DPA - Designer Sungla,12.81,1007,27,12.72,2.77,1,119.99
2025-03-01,2025-03-01,Designer Sunglasses - TOF - Interests,Broad Interests - Designer Sunglasses,Creative A - Designer Sungla,29.89,1378,17,21.69,1.3,1,79.99
2025-03-01,2025-03-01,Handcrafted Wallet - BOF - Retargeting,Website Visitors - Handcrafted Wallet,DPA - Handcrafted Wal,4.85,522,19,9.29,3.72,1,47.99
2025-03-01,2025-03-01,Handcrafted Wallet - TOF - Interests,Broad Interests - Handcrafted Wallet,Creative A - Handcrafted Wal,11.33,483,4,23.45,1.0,1,32.0
2025-03-01,2025-03-01,Luxury Belt - TOF - Interests,Broad Interests - Luxury Belt,Creative A - Luxury Belt,5.84,326,3,17.91,0.97,0,0.0
2025-03-01,2025-03-01,Overstock Pants - BOF - Retargeting,Website Visitors - Overstock Pants,DPA - Overstock Pants,20.75,1825,69,11.37,3.82,1,23.99
2025-03-01,2025-03-01,Overstock Pants - TOF - Interests,Broad Interests - Overstock Pants,Creative A - Overstock Pants,48.45,2436,33,19.89,1.4,1,15.99
2025-03-01,2025-03-01,Plain Beanie - TOF - Interests,Broad Interests - Plain Beanie,Creative A - Plain Beanie,8.34,364,4,22.9,1.11,0,0.0
2025-03-01,2025-03-01,Sample Sale Coat - BOF - Retargeting,Website Visitors - Sample Sale Coat,DPA - Sample Sale Coa,25.54,3084,116,8.28,3.78,1,29.99
2025-03-01,2025-03-01,Sample Sale Coat - TOF - Interests,Broad Interests - Sample Sale Coat,Creative A - Sample Sale Coa,59.54,4443,41,13.4,0.93,1,20.0
2025-03-01,2025-03-01,Simple Keychain - TOF - Interests,Broad Interests - Simple Keychain,Creative A - Simple Keychain,11.53,499,4,23.1,0.87,0,0.0
2025-03-02,2025-03-02,Baseball Cap - BOF - Retargeting,Website Visitors - Baseball Cap,DPA - Baseball Cap,4.21,423,9,9.96,2.2,1,17.99
2025-03-02,2025-03-02,Baseball Cap - TOF - Interests,Broad Interests - Baseball Cap,Creative A - Baseball Cap,9.82,433,6,22.68,1.44,1,12.0
2025-03-02,2025-03-02,Baseball Cap - TOF - Interests,Broad Interests - Baseball Cap,Creative A - Baseball Cap,14.6,612,7,23.85,1.19,0,0.0
2025-03-02,2025-03-02,Basic Phone Case - TOF - Interests,Broad Interests - Basic Phone Case,Creative A - Basic Phone Cas,5.47,220,2,24.86,1.34,0,0.0
2025-03-02,2025-03-02,Casual Jeans - TOF - Interests,Broad Interests - Casual Jeans,Creative A - Casual Jeans,7.68,586,5,13.11,0.91,0,0.0
2025-03-02,2025-03-02,Casual Jeans - TOF - Interests,Broad Interests - Casual Jeans,Creative A - Casual Jeans,10.88,662,7,16.43,1.06,0,0.0
2025-03-02,2025-03-02,Discontinued Boots - TOF - Interests,Broad Interests - Discontinued Boots,Creative A - Discontinued Bo,19.23,996,12,19.31,1.22,0,0.0
2025-03-02,2025-03-02,Last Season Dress - TOF - Interests,Broad Interests - Last Season Dress,Creative A - Last Season Dre,9.86,478,4,20.63,0.97,0,0.0
2025-03-02,2025-03-02,Standard Lanyard - BOF - Retargeting,Website Visitors - Standard Lanyard,DPA - Standard Lanyar,2.3,225,7,10.24,3.36,1,4.79
2025-03-02,2025-03-02,Standard Lanyard - TOF - Interests,Broad Interests - Standard Lanyard,Creative A - Standard Lanyar,5.38,295,3,18.24,1.19,1,3.2
2025-03-03,2025-03-03,Polo Shirt - TOF - Interests,Broad Interests - Polo Shirt,Creative A - Polo Shirt,11.55,704,8,16.4,1.18,0,0.0
2025-03-03,2025-03-03,Sample Sale Coat - BOF - Retargeting,Website Visitors - Sample Sale Coat,DPA - Sample Sale Coa,23.04,1600,51,14.4,3.2,1,29.99
2025-03-03,2025-03-03,Sample Sale Coat - TOF - Interests,Broad Interests - Sample Sale Coat,Creative A - Sample Sale Coa,53.78,2318,33,23.2,1.46,1,20.0
2025-03-04,2025-03-04,Baseball Cap - TOF - Interests,Broad Interests - Baseball Cap,Creative A - Baseball Cap,9.65,452,4,21.34,1.03,0,0.0
2025-03-04,2025-03-04,Canvas Tote Bag - TOF - Interests,Broad Interests - Canvas Tote Bag,Creative A - Canvas Tote Bag,6.51,333,2,19.55,0.81,0,0.0
2025-03-04,2025-03-04,Discontinued Boots - BOF - Retargeting,Website Visitors - Discontinued Boots,DPA - Discontinued Bo,18.88,1718,62,10.99,3.63,1,23.99
2025-03-04,2025-03-04,Discontinued Boots - TOF - Interests,Broad Interests - Discontinued Boots,Creative A - Discontinued Bo,44.07,1777,26,24.8,1.46,1,16.0
2025-03-04,2025-03-04,Luxury Belt - BOF - Retargeting,Website Visitors - Luxury Belt,DPA - Luxury Belt,10.08,684,14,14.73,2.06,1,95.99
2025-03-04,2025-03-04,Luxury Belt - TOF - Interests,Broad Interests - Luxury Belt,Creative A - Luxury Belt,23.53,1375,12,17.11,0.89,1,63.99
2025-03-04,2025-03-04,Plain Beanie - TOF - Interests,Broad Interests - Plain Beanie,Creative A - Plain Beanie,8.75,492,5,17.79,1.17,0,0.0
2025-03-05,2025-03-05,Canvas Tote Bag - TOF - Interests,Broad Interests - Canvas Tote Bag,Creative A - Canvas Tote Bag,6.41,316,4,20.3,1.45,0,0.0
2025-03-05,2025-03-05,Classic T-Shirt - TOF - Interests,Broad Interests - Classic T-Shirt,Creative A - Classic T-Shirt,12.9,676,7,19.08,1.11,0,0.0
2025-03-05,2025-03-05,Last Season Dress - TOF - Interests,Broad Interests - Last Season Dress,Creative A - Last Season Dre,8.98,628,6,14.3,1.05,0,0.0
2025-03-05,2025-03-05,Last Season Dress - TOF - Interests,Broad Interests - Last Season Dress,Creative A - Last Season Dre,27.59,1180,17,23.38,1.44,0,0.0
2025-03-05,2025-03-05,Polo Shirt - TOF - Interests,Broad Interests - Polo Shirt,Creative A - Polo Shirt,12.77,771,10,16.56,1.38,0,0.0
2025-03-05,2025-03-05,Premium Backpack - BOF - Retargeting,Website Visitors - Premium Backpack,DPA - Premium Backpac,5.63,475,9,11.85,2.09,1,53.99
2025-03-05,2025-03-05,Premium Backpack - TOF - Interests,Broad Interests - Premium Backpack,Creative A - Premium Backpac,13.13,972,11,13.51,1.21,1,36.0
2025-03-05,2025-03-05,Premium Leather Bag - TOF - Interests,Broad Interests - Premium Leather Bag,Creative A - Premium Leather,9.5,405,4,23.45,1.05,0,0.0
2025-03-06,2025-03-06,Baseball Cap - TOF - Interests,Broad Interests - Baseball Cap,Creative A - Baseball Cap,5.33,272,2,19.6,0.83,0,0.0
2025-03-06,2025-03-06,Baseball Cap - TOF - Interests,Broad Interests - Baseball Cap,Creative A - Baseball Cap,14.65,799,8,18.34,1.12,0,0.0
2025-03-06,2025-03-06,Canvas Tote Bag - TOF - Interests,Broad Interests - Canvas Tote Bag,Creative A - Canvas Tote Bag,10.8,642,5,16.83,0.86,0,0.0
2025-03-06,2025-03-06,Casual Jeans - TOF - Interests,Broad Interests - Casual Jeans,Creative A - Casual Jeans,14.51,794,9,18.27,1.18,0,0.0
2025-03-06,2025-03-06,Cotton Hoodie - TOF - Interests,Broad Interests - Cotton Hoodie,Creative A - Cotton Hoodie,14.78,776,10,19.05,1.39,0,0.0
2025-03-06,2025-03-06,Overstock Pants - TOF - Interests,Broad Interests - Overstock Pants,Creative A - Overstock Pants,13.3,645,9,20.62,1.46,0,0.0
2025-03-06,2025-03-06,Polo Shirt - TOF - Interests,Broad Interests - Polo Shirt,Creative A - Polo Shirt,10.79,436,3,24.75,0.9,0,0.0
2025-03-06,2025-03-06,Standard Lanyard - TOF - Interests,Broad Interests - Standard Lanyard,Creative A - Standard Lanyar,12.22,569,6,21.48,1.14,0,0.0
2025-03-06,2025-03-06,Standard Lanyard - TOF - Interests,Broad Interests - Standard Lanyard,Creative A - Standard Lanyar,7.37,430,5,17.15,1.39,0,0.0
2025-03-07,2025-03-07,Basic Phone Case - TOF - Interests,Broad Interests - Basic Phone Case,Creative A - Basic Phone Cas,12.93,820,10,15.77,1.28,0,0.0
2025-03-07,2025-03-07,Canvas Tote Bag - TOF - Interests,Broad Interests - Canvas Tote Bag,Creative A - Canvas Tote Bag,10.77,450,6,23.94,1.49,0,0.0
2025-03-07,2025-03-07,Cotton Hoodie - TOF - Interests,Broad Interests - Cotton Hoodie,Creative A - Cotton Hoodie,6.5,359,3,18.11,0.98,0,0.0
2025-03-07,2025-03-07,Last Season Dress - TOF - Interests,Broad Interests - Last Season Dress,Creative A - Last Season Dre,11.13,638,7,17.45,1.2,0,0.0
2025-03-07,2025-03-07,Polo Shirt - TOF - Interests,Broad Interests - Polo Shirt,Creative A - Polo Shirt,10.27,429,3,23.94,0.83,0,0.0
2025-03-08,2025-03-08,Basic Socks 3-Pack - BOF - Retargeting,Website Visitors - Basic Socks 3-Pack,DPA - Basic Socks 3-P,12.05,1266,45,9.52,3.57,1,23.99
2025-03-08,2025-03-08,Basic Socks 3-Pack - TOF - Interests,Broad Interests - Basic Socks 3-Pack,Creative A - Basic Socks 3-P,28.13,1523,13,18.47,0.88,1,15.99
2025-03-08,2025-03-08,Cashmere Sweater - BOF - Retargeting,Website Visitors - Cashmere Sweater,DPA - Cashmere Sweate,7.61,654,24,11.64,3.8,1,71.99
2025-03-08,2025-03-08,Cashmere Sweater - TOF - Interests,Broad Interests - Cashmere Sweater,Creative A - Cashmere Sweate,17.77,866,8,20.52,0.98,1,48.0
2025-03-08,2025-03-08,Classic T-Shirt - TOF - Interests,Broad Interests - Classic T-Shirt,Creative A - Classic T-Shirt,6.74,294,2,22.94,0.87,0,0.0
2025-03-08,2025-03-08,Clearance Jacket - TOF - Interests,Broad Interests - Clearance Jacket,Creative A - Clearance Jacke,26.58,1093,13,24.32,1.28,0,0.0
2025-03-08,2025-03-08,Clearance Jacket - TOF - Interests,Broad Interests - Clearance Jacket,Creative A - Clearance Jacke,20.85,864,10,24.13,1.18,0,0.0
2025-03-08,2025-03-08,Last Season Dress - TOF - Interests,Broad Interests - Last Season Dress,Creative A - Last Season Dre,27.33,1321,14,20.69,1.1,0,0.0
2025-03-08,2025-03-08,Running Shorts - TOF - Interests,Broad Interests - Running Shorts,Creative A - Running Shorts,6.17,311,3,19.84,0.99,0,0.0
2025-03-08,2025-03-08,Simple Keychain - TOF - Interests,Broad Interests - Simple Keychain,Creative A - Simple Keychain,13.83,660,9,20.96,1.38,0,0.0
2025-03-09,2025-03-09,Classic T-Shirt - TOF - Interests,Broad Interests - Classic T-Shirt,Creative A - Classic T-Shirt,8.53,490,5,17.4,1.16,0,0.0
2025-03-09,2025-03-09,Clearance Jacket - TOF - Interests,Broad Interests - Clearance Jacket,Creative A - Clearance Jacke,12.73,554,8,22.98,1.47,0,0.0
2025-03-09,2025-03-09,Handcrafted Wallet - TOF - Interests,Broad Interests - Handcrafted Wallet,Creative A - Handcrafted Wal,9.79,523,6,18.71,1.27,0,0.0
2025-03-09,2025-03-09,Overstock Pants - TOF - Interests,Broad Interests - Overstock Pants,Creative A - Overstock Pants,11.79,779,9,15.14,1.25,0,0.0
2025-03-09,2025-03-09,Sample Sale Coat - TOF - Interests,Broad Interests - Sample Sale Coat,Creative A - Sample Sale Coa,15.99,1025,13,15.6,1.35,0,0.0
2025-03-09,2025-03-09,Standard Lanyard - TOF - Interests,Broad Interests - Standard Lanyard,Creative A - Standard Lanyar,6.86,353,2,19.44,0.81,0,0.0
2025-03-10,2025-03-10,Artisan Watch - BOF - Retargeting,Website Visitors - Artisan Watch,DPA - Artisan Watch,7.87,529,20,14.87,3.82,1,65.99
2025-03-10,2025-03-10,Artisan Watch - TOF - Interests,Broad Interests - Artisan Watch,Creative A - Artisan Watch,18.37,1320,14,13.92,1.13,1,44.0
2025-03-10,2025-03-10,Classic T-Shirt - TOF - Interests,Broad Interests - Classic T-Shirt,Creative A - Classic T-Shirt,14.08,752,6,18.72,0.85,0,0.0
2025-03-10,2025-03-10,Cotton Hoodie - TOF - Interests,Broad Interests - Cotton Hoodie,Creative A - Cotton Hoodie,14.42,585,6,24.65,1.11,0,0.0
2025-03-10,2025-03-10,Discontinued Boots - TOF - Interests,Broad Interests - Discontinued Boots,Creative A - Discontinued Bo,21.81,910,9,23.97,1.09,0,0.0
2025-03-10,2025-03-10,Premium Backpack - BOF - Retargeting,Website Visitors - Premium Backpack,DPA - Premium Backpac,13.27,1028,32,12.91,3.12,1,107.99
2025-03-10,2025-03-10,Premium Backpack - TOF - Interests,Broad Interests - Premium Backpack,Creative A - Premium Backpac,30.98,1305,14,23.74,1.08,1,71.99
2025-03-10,2025-03-10,Sample Sale Coat - TOF - Interests,Broad Interests - Sample Sale Coat,Creative A - Sample Sale Coa,23.28,1788,14,13.02,0.82,0,0.0
2025-03-11,2025-03-11,Classic T-Shirt - TOF - Interests,Broad Interests - Classic T-Shirt,Creative A - Classic T-Shirt,10.25,491,4,20.88,0.82,0,0.0
2025-03-11,2025-03-11,Cotton Hoodie - TOF - Interests,Broad Interests - Cotton Hoodie,Creative A - Cotton Hoodie,5.66,414,3,13.67,0.84,0,0.0
2025-03-11,2025-03-11,Designer Sunglasses - TOF - Interests,Broad Interests - Designer Sunglasses,Creative A - Designer Sungla,3.39,267,3,12.71,1.45,0,0.0
2025-03-11,2025-03-11,Plain Beanie - TOF - Interests,Broad Interests - Plain Beanie,Creative A - Plain Beanie,12.93,608,5,21.27,0.87,0,0.0
2025-03-11,2025-03-11,Plain Beanie - TOF - Interests,Broad Interests - Plain Beanie,Creative A - Plain Beanie,14.26,576,5,24.75,0.91,0,0.0
2025-03-11,2025-03-11,Polo Shirt - TOF - Interests,Broad Interests - Polo Shirt,Creative A - Polo Shirt,13.48,634,6,21.26,1.03,0,0.0
2025-03-11,2025-03-11,Premium Leather Bag - TOF - Interests,Broad Interests - Premium Leather Bag,Creative A - Premium Leather,5.02,228,2,22.03,0.89,0,0.0
2025-03-11,2025-03-11,Sample Sale Coat - TOF - Interests,Broad Interests - Sample Sale Coat,Creative A - Sample Sale Coa,12.09,706,7,17.13,1.08,0,0.0
2025-03-11,2025-03-11,Simple Keychain - TOF - Interests,Broad Interests - Simple Keychain,Creative A - Simple Keychain,9.21,472,6,19.51,1.32,0,0.0
2025-03-11,2025-03-11,Simple Keychain - TOF - Interests,Broad Interests - Simple Keychain,Creative A - Simple Keychain,11.55,849,11,13.6,1.31,0,0.0
2025-03-11,2025-03-11,Standard Lanyard - BOF - Retargeting,Website Visitors - Standard Lanyard,DPA - Standard Lanyar,4.09,296,9,13.83,3.1,1,9.59
2025-03-11,2025-03-11,Standard Lanyard - TOF - Interests,Broad Interests - Standard Lanyard,Creative A - Standard Lanyar,9.57,430,6,22.25,1.41,1,6.39
2025-03-12,2025-03-12,Basic Socks 3-Pack - TOF - Interests,Broad Interests - Basic Socks 3-Pack,Creative A - Basic Socks 3-P,7.08,316,3,22.4,1.17,0,0.0
2025-03-12,2025-03-12,Last Season Dress - TOF - Interests,Broad Interests - Last Season Dress,Creative A - Last Season Dre,11.15,662,6,16.85,0.92,0,0.0
2025-03-12,2025-03-12,Sample Sale Coat - TOF - Interests,Broad Interests - Sample Sale Coat,Creative A - Sample Sale Coa,9.71,639,6,15.2,1.01,0,0.0
2025-03-13,2025-03-13,Artisan Watch - BOF - Retargeting,Website Visitors - Artisan Watch,DPA - Artisan Watch,14.15,1599,53,8.85,3.33,1,131.99
2025-03-13,2025-03-13,Artisan Watch - TOF - Interests,Broad Interests - Artisan Watch,Creative A - Artisan Watch,33.03,2527,33,13.07,1.33,1,87.99
2025-03-13,2025-03-13,Discontinued Boots - TOF - Interests,Broad Interests - Discontinued Boots,Creative A - Discontinued Bo,15.91,742,8,21.44,1.18,0,0.0
2025-03-13,2025-03-13,Handcrafted Wallet - BOF - Retargeting,Website Visitors - Handcrafted Wallet,DPA - Handcrafted Wal,5.76,617,17,9.34,2.9,1,47.99
2025-03-13,2025-03-13,Handcrafted Wallet - TOF - Interests,Broad Interests - Handcrafted Wallet,Creative A - Handcrafted Wal,13.44,1067,14,12.6,1.32,1,32.0
2025-03-13,2025-03-13,Luxury Silk Scarf - TOF - Interests,Broad Interests - Luxury Silk Scarf,Creative A - Luxury Silk Sca,5.37,269,3,19.97,1.3,0,0.0
2025-03-13,2025-03-13,Running Shorts - TOF - Interests,Broad Interests - Running Shorts,Creative A - Running Shorts,5.41,395,4,13.69,1.07,0,0.0
2025-03-14,2025-03-14,Baseball Cap - TOF - Interests,Broad Interests - Baseball Cap,Creative A - Baseball Cap,5.55,315,3,17.61,1.1,0,0.0
2025-03-14,2025-03-14,Designer Sunglasses - TOF - Interests,Broad Interests - Designer Sunglasses,Creative A - Designer Sungla,5.49,250,3,21.96,1.22,0,0.0
2025-03-14,2025-03-14,Discontinued Boots - TOF - Interests,Broad Interests - Discontinued Boots,Creative A - Discontinued Bo,12.11,955,9,12.68,0.98,0,0.0
2025-03-14,2025-03-14,Sport Sneakers - TOF - Interests,Broad Interests - Sport Sneakers,Creative A - Sport Sneakers,11.72,522,4,22.45,0.88,0,0.0
2025-03-15,2025-03-15,Discontinued Boots - TOF - Interests,Broad Interests - Discontinued Boots,Creative A - Discontinued Bo,19.06,1043,15,18.27,1.46,0,0.0
2025-03-15,2025-03-15,Discontinued Boots - TOF - Interests,Broad Interests - Discontinued Boots,Creative A - Discontinued Bo,14.59,783,8,18.63,1.04,0,0.0
2025-03-15,2025-03-15,Handcrafted Wallet - BOF - Retargeting,Website Visitors - Handcrafted Wallet,DPA - Handcrafted Wal,10.51,1298,26,8.1,2.01,1,95.99
2025-03-15,2025-03-15,Handcrafted Wallet - TOF - Interests,Broad Interests - Handcrafted Wallet,Creative A - Handcrafted Wal,24.55,1270,16,19.33,1.29,1,63.99
2025-03-15,2025-03-15,Sample Sale Coat - TOF - Interests,Broad Interests - Sample Sale Coat,Creative A - Sample Sale Coa,10.53,569,6,18.51,1.22,0,0.0
2025-03-16,2025-03-16,Basic Phone Case - TOF - Interests,Broad Interests - Basic Phone Case,Creative A - Basic Phone Cas,7.7,553,6,13.93,1.24,0,0.0
2025-03-16,2025-03-16,Basic Socks 3-Pack - BOF - Retargeting,Website Visitors - Basic Socks 3-Pack,DPA - Basic Socks 3-P,5.64,601,21,9.39,3.55,1,11.99
2025-03-16,2025-03-16,Basic Socks 3-Pack - TOF - Interests,Broad Interests - Basic Socks 3-Pack,Creative A - Basic Socks 3-P,13.18,691,10,19.07,1.46,1,8.0
2025-03-16,2025-03-16,Canvas Tote Bag - TOF - Interests,Broad Interests - Canvas Tote Bag,Creative A - Canvas Tote Bag,14.77,1044,10,14.15,1.03,0,0.0
2025-03-16,2025-03-16,Classic T-Shirt - BOF - Retargeting,Website Visitors - Classic T-Shirt,DPA - Classic T-Shirt,7.18,616,23,11.66,3.73,1,29.99
2025-03-16,2025-03-16,Classic T-Shirt - TOF - Interests,Broad Interests - Classic T-Shirt,Creative A - Classic T-Shirt,16.77,1180,12,14.21,1.07,1,20.0
2025-03-16,2025-03-16,Cotton Hoodie - BOF - Retargeting,Website Visitors - Cotton Hoodie,DPA - Cotton Hoodie,6.08,577,18,10.53,3.15,1,26.99
2025-03-16,2025-03-16,Cotton Hoodie - TOF - Interests,Broad Interests - Cotton Hoodie,Creative A - Cotton Hoodie,14.19,735,9,19.3,1.31,1,18.0
2025-03-16,2025-03-16,Handcrafted Wallet - TOF - Interests,Broad Interests - Handcrafted Wallet,Creative A - Handcrafted Wal,3.12,200,2,15.6,1.46,0,0.0
2025-03-16,2025-03-16,Last Season Dress - TOF - Interests,Broad Interests - Last Season Dress,Creative A - Last Season Dre,14.44,599,6,24.11,1.11,0,0.0
2025-03-16,2025-03-16,Running Shorts - TOF - Interests,Broad Interests - Running Shorts,Creative A - Running Shorts,6.62,452,4,14.64,0.97,0,0.0
2025-03-16,2025-03-16,Sample Sale Coat - TOF - Interests,Broad Interests - Sample Sale Coat,Creative A - Sample Sale Coa,12.34,794,9,15.54,1.17,0,0.0
2025-03-17,2025-03-17,Basic Phone Case - BOF - Retargeting,Website Visitors - Basic Phone Case,DPA - Basic Phone Cas,7.64,681,21,11.22,3.22,1,15.59
2025-03-17,2025-03-17,Basic Phone Case - TOF - Interests,Broad Interests - Basic Phone Case,Creative A - Basic Phone Cas,17.84,851,7,20.96,0.93,1,10.39
2025-03-17,2025-03-17,Designer Sunglasses - TOF - Interests,Broad Interests - Designer Sunglasses,Creative A - Designer Sungla,9.86,508,5,19.41,0.99,0,0.0
2025-03-17,2025-03-17,Overstock Pants - TOF - Interests,Broad Interests - Overstock Pants,Creative A - Overstock Pants,20.85,922,12,22.61,1.35,0,0.0
2025-03-17,2025-03-17,Running Shorts - TOF - Interests,Broad Interests - Running Shorts,Creative A - Running Shorts,9.22,753,7,12.24,0.99,0,0.0
2025-03-17,2025-03-17,Sport Sneakers - TOF - Interests,Broad Interests - Sport Sneakers,Creative A - Sport Sneakers,6.52,282,2,23.11,0.93,0,0.0
2025-03-18,2025-03-18,Basic Socks 3-Pack - TOF - Interests,Broad Interests - Basic Socks 3-Pack,Creative A - Basic Socks 3-P,14.44,1130,15,12.78,1.33,0,0.0
2025-03-18,2025-03-18,Canvas Tote Bag - TOF - Interests,Broad Interests - Canvas Tote Bag,Creative A - Canvas Tote Bag,14.53,653,9,22.25,1.48,0,0.0
2025-03-18,2025-03-18,Classic T-Shirt - BOF - Retargeting,Website Visitors - Classic T-Shirt,DPA - Classic T-Shirt,11.51,1393,43,8.26,3.15,1,59.99
2025-03-18,2025-03-18,Classic T-Shirt - TOF - Interests,Broad Interests - Classic T-Shirt,Creative A - Classic T-Shirt,26.84,1916,25,14.01,1.33,1,39.99
2025-03-18,2025-03-18,Discontinued Boots - TOF - Interests,Broad Interests - Discontinued Boots,Creative A - Discontinued Bo,9.76,458,3,21.32,0.82,0,0.0
2025-03-18,2025-03-18,Last Season Dress - TOF - Interests,Broad Interests - Last Season Dress,Creative A - Last Season Dre,9.07,640,6,14.17,0.98,0,0.0
2025-03-18,2025-03-18,Luxury Belt - BOF - Retargeting,Website Visitors - Luxury Belt,DPA - Luxury Belt,15.22,1854,40,8.21,2.17,2,143.98
2025-03-18,2025-03-18,Luxury Belt - TOF - Interests,Broad Interests - Luxury Belt,Creative A - Luxury Belt,35.54,2755,25,12.9,0.91,1,95.99
2025-03-18,2025-03-18,Overstock Pants - TOF - Interests,Broad Interests - Overstock Pants,Creative A - Overstock Pants,10.46,463,6,22.6,1.37,0,0.0
2025-03-18,2025-03-18,Premium Leather Bag - TOF - Interests,Broad Interests - Premium Leather Bag,Creative A - Premium Leather,6.33,432,6,14.65,1.44,0,0.0
2025-03-18,2025-03-18,Sport Sneakers - TOF - Interests,Broad Interests - Sport Sneakers,Creative A - Sport Sneakers,12.11,901,10,13.44,1.12,0,0.0
2025-03-18,2025-03-18,Standard Lanyard - TOF - Interests,Broad Interests - Standard Lanyard,Creative A - Standard Lanyar,6.28,422,4,14.89,1.16,0,0.0
2025-03-19,2025-03-19,Basic Socks 3-Pack - BOF - Retargeting,Website Visitors - Basic Socks 3-Pack,DPA - Basic Socks 3-P,10.39,740,21,14.04,2.94,1,23.99
2025-03-19,2025-03-19,Basic Socks 3-Pack - TOF - Interests,Broad Interests - Basic Socks 3-Pack,Creative A - Basic Socks 3-P,24.25,1131,9,21.44,0.84,1,15.99
2025-03-19,2025-03-19,Casual Jeans - TOF - Interests,Broad Interests - Casual Jeans,Creative A - Casual Jeans,7.28,350,4,20.8,1.36,0,0.0
2025-03-19,2025-03-19,Designer Sunglasses - TOF - Interests,Broad Interests - Designer Sunglasses,Creative A - Designer Sungla,3.35,251,3,13.35,1.2,0,0.0
2025-03-19,2025-03-19,Handcrafted Wallet - TOF - Interests,Broad Interests - Handcrafted Wallet,Creative A - Handcrafted Wal,8.13,366,3,22.21,0.86,0,0.0
2025-03-19,2025-03-19,Last Season Dress - TOF - Interests,Broad Interests - Last Season Dress,Creative A - Last Season Dre,9.6,460,5,20.86,1.09,0,0.0
2025-03-19,2025-03-19,Plain Beanie - TOF - Interests,Broad Interests - Plain Beanie,Creative A - Plain Beanie,10.95,824,9,13.29,1.16,0,0.0
2025-03-19,2025-03-19,Running Shorts - BOF - Retargeting,Website Visitors - Running Shorts,DPA - Running Shorts,8.75,593,16,14.76,2.71,1,41.99
2025-03-19,2025-03-19,Running Shorts - TOF - Interests,Broad Interests - Running Shorts,Creative A - Running Shorts,20.43,912,10,22.4,1.12,1,27.99
2025-03-19,2025-03-19,Sample Sale Coat - TOF - Interests,Broad Interests - Sample Sale Coat,Creative A - Sample Sale Coa,25.48,2055,22,12.4,1.1,0,0.0
2025-03-19,2025-03-19,Simple Keychain - TOF - Interests,Broad Interests - Simple Keychain,Creative A - Simple Keychain,13.18,622,6,21.19,1.03,0,0.0
2025-03-20,2025-03-20,Artisan Watch - TOF - Interests,Broad Interests - Artisan Watch,Creative A - Artisan Watch,5.71,410,4,13.92,1.19,0,0.0
2025-03-20,2025-03-20,Casual Jeans - TOF - Interests,Broad Interests - Casual Jeans,Creative A - Casual Jeans,10.78,896,12,12.03,1.41,0,0.0
2025-03-20,2025-03-20,Cotton Hoodie - TOF - Interests,Broad Interests - Cotton Hoodie,Creative A - Cotton Hoodie,13.37,1042,15,12.83,1.45,0,0.0
2025-03-20,2025-03-20,Luxury Silk Scarf - BOF - Retargeting,Website Visitors - Luxury Silk Scarf,DPA - Luxury Silk Sca,6.53,798,23,8.18,2.96,1,53.99
2025-03-20,2025-03-20,Luxury Silk Scarf - TOF - Interests,Broad Interests - Luxury Silk Scarf,Creative A - Luxury Silk Sca,15.24,833,9,18.29,1.14,1,36.0
2025-03-20,2025-03-20,Polo Shirt - TOF - Interests,Broad Interests - Polo Shirt,Creative A - Polo Shirt,13.75,586,8,23.46,1.38,0,0.0
2025-03-20,2025-03-20,Running Shorts - TOF - Interests,Broad Interests - Running Shorts,Creative A - Running Shorts,7.01,522,5,13.42,1.0,0,0.0
2025-03-20,2025-03-20,Sport Sneakers - TOF - Interests,Broad Interests - Sport Sneakers,Creative A - Sport Sneakers,7.33,456,5,16.07,1.11,0,0.0
2025-03-21,2025-03-21,Casual Jeans - BOF - Retargeting,Website Visitors - Casual Jeans,DPA - Casual Jeans,13.74,1098,30,12.51,2.76,1,71.99
2025-03-21,2025-03-21,Casual Jeans - TOF - Interests,Broad Interests - Casual Jeans,Creative A - Casual Jeans,32.04,2442,28,13.12,1.15,1,47.99
2025-03-21,2025-03-21,Classic T-Shirt - TOF - Interests,Broad Interests - Classic T-Shirt,Creative A - Classic T-Shirt,5.45,223,3,24.44,1.38,0,0.0
2025-03-21,2025-03-21,Designer Sunglasses - BOF - Retargeting,Website Visitors - Designer Sunglasses,DPA - Designer Sungla,13.12,1336,37,9.82,2.83,1,119.99
2025-03-21,2025-03-21,Designer Sunglasses - TOF - Interests,Broad Interests - Designer Sunglasses,Creative A - Designer Sungla,30.64,1247,16,24.57,1.33,1,79.99
2025-03-21,2025-03-21,Plain Beanie - TOF - Interests,Broad Interests - Plain Beanie,Creative A - Plain Beanie,8.96,424,5,21.13,1.26,0,0.0
2025-03-21,2025-03-21,Sample Sale Coat - TOF - Interests,Broad Interests - Sample Sale Coat,Creative A - Sample Sale Coa,28.96,1966,22,14.73,1.13,0,0.0
2025-03-21,2025-03-21,Sport Sneakers - TOF - Interests,Broad Interests - Sport Sneakers,Creative A - Sport Sneakers,14.04,584,6,24.04,1.19,0,0.0
2025-03-22,2025-03-22,Baseball Cap - TOF - Interests,Broad Interests - Baseball Cap,Creative A - Baseball Cap,11.72,974,8,12.03,0.83,0,0.0
2025-03-22,2025-03-22,Discontinued Boots - TOF - Interests,Broad Interests - Discontinued Boots,Creative A - Discontinued Bo,9.13,544,6,16.79,1.27,0,0.0
2025-03-22,2025-03-22,Luxury Belt - TOF - Interests,Broad Interests - Luxury Belt,Creative A - Luxury Belt,5.16,258,3,20.01,1.17,0,0.0
2025-03-22,2025-03-22,Running Shorts - BOF - Retargeting,Website Visitors - Running Shorts,DPA - Running Shorts,8.48,860,17,9.86,2.04,1,41.99
2025-03-22,2025-03-22,Running Shorts - TOF - Interests,Broad Interests - Running Shorts,Creative A - Running Shorts,19.8,869,9,22.78,1.13,1,27.99
2025-03-22,2025-03-22,Sport Sneakers - TOF - Interests,Broad Interests - Sport Sneakers,Creative A - Sport Sneakers,11.46,657,8,17.45,1.37,0,0.0
2025-03-23,2025-03-23,Luxury Belt - TOF - Interests,Broad Interests - Luxury Belt,Creative A - Luxury Belt,9.33,621,7,15.03,1.14,0,0.0
2025-03-23,2025-03-23,Overstock Pants - TOF - Interests,Broad Interests - Overstock Pants,Creative A - Overstock Pants,24.04,1414,17,17.0,1.27,0,0.0
2025-03-24,2025-03-24,Designer Sunglasses - TOF - Interests,Broad Interests - Designer Sunglasses,Creative A - Designer Sungla,6.09,435,5,13.99,1.37,0,0.0
2025-03-24,2025-03-24,Last Season Dress - TOF - Interests,Broad Interests - Last Season Dress,Creative A - Last Season Dre,12.64,788,9,16.04,1.23,0,0.0
2025-03-24,2025-03-24,Sample Sale Coat - TOF - Interests,Broad Interests - Sample Sale Coat,Creative A - Sample Sale Coa,24.84,1393,14,17.83,1.05,0,0.0
2025-03-25,2025-03-25,Clearance Jacket - TOF - Interests,Broad Interests - Clearance Jacket,Creative A - Clearance Jacke,11.02,466,6,23.65,1.32,0,0.0
2025-03-25,2025-03-25,Overstock Pants - TOF - Interests,Broad Interests - Overstock Pants,Creative A - Overstock Pants,22.71,1295,14,17.54,1.14,0,0.0
2025-03-25,2025-03-25,Running Shorts - TOF - Interests,Broad Interests - Running Shorts,Creative A - Running Shorts,11.24,591,4,19.02,0.84,0,0.0
2025-03-25,2025-03-25,Sample Sale Coat - TOF - Interests,Broad Interests - Sample Sale Coat,Creative A - Sample Sale Coa,23.32,1070,14,21.79,1.36,0,0.0
2025-03-26,2025-03-26,Basic Phone Case - BOF - Retargeting,Website Visitors - Basic Phone Case,DPA - Basic Phone Cas,3.82,396,11,9.65,2.92,1,7.79
2025-03-26,2025-03-26,Basic Phone Case - TOF - Interests,Broad Interests - Basic Phone Case,Creative A - Basic Phone Cas,8.91,381,4,23.39,1.12,1,5.2
2025-03-26,2025-03-26,Cashmere Sweater - TOF - Interests,Broad Interests - Cashmere Sweater,Creative A - Cashmere Sweate,8.25,603,6,13.68,1.0,0,0.0
2025-03-26,2025-03-26,Last Season Dress - TOF - Interests,Broad Interests - Last Season Dress,Creative A - Last Season Dre,14.42,671,7,21.49,1.14,0,0.0
2025-03-26,2025-03-26,Luxury Belt - TOF - Interests,Broad Interests - Luxury Belt,Creative A - Luxury Belt,3.69,232,1,15.89,0.82,0,0.0
2025-03-26,2025-03-26,Luxury Silk Scarf - TOF - Interests,Broad Interests - Luxury Silk Scarf,Creative A - Luxury Silk Sca,7.48,322,4,23.22,1.38,0,0.0
2025-03-26,2025-03-26,Overstock Pants - TOF - Interests,Broad Interests - Overstock Pants,Creative A - Overstock Pants,19.55,868,11,22.52,1.29,0,0.0
2025-03-26,2025-03-26,Polo Shirt - TOF - Interests,Broad Interests - Polo Shirt,Creative A - Polo Shirt,14.93,839,9,17.8,1.18,0,0.0
2025-03-26,2025-03-26,Premium Leather Bag - TOF - Interests,Broad Interests - Premium Leather Bag,Creative A - Premium Leather,6.32,513,6,12.31,1.36,0,0.0
2025-03-27,2025-03-27,Canvas Tote Bag - TOF - Interests,Broad Interests - Canvas Tote Bag,Creative A - Canvas Tote Bag,6.04,258,2,23.43,1.04,0,0.0
2025-03-27,2025-03-27,Cashmere Sweater - TOF - Interests,Broad Interests - Cashmere Sweater,Creative A - Cashmere Sweate,7.72,442,4,17.47,0.97,0,0.0
2025-03-27,2025-03-27,Clearance Jacket - TOF - Interests,Broad Interests - Clearance Jacket,Creative A - Clearance Jacke,13.61,722,6,18.85,0.86,0,0.0
2025-03-27,2025-03-27,Cotton Hoodie - BOF - Retargeting,Website Visitors - Cotton Hoodie,DPA - Cotton Hoodie,12.17,1370,31,8.88,2.29,1,53.99
2025-03-27,2025-03-27,Cotton Hoodie - TOF - Interests,Broad Interests - Cotton Hoodie,Creative A - Cotton Hoodie,28.41,2081,25,13.65,1.21,1,35.99
2025-03-27,2025-03-27,Discontinued Boots - BOF - Retargeting,Website Visitors - Discontinued Boots,DPA - Discontinued Bo,23.55,2820,64,8.35,2.27,1,23.99
2025-03-27,2025-03-27,Discontinued Boots - TOF - Interests,Broad Interests - Discontinued Boots,Creative A - Discontinued Bo,54.95,3001,41,18.31,1.38,1,16.0
2025-03-27,2025-03-27,Overstock Pants - TOF - Interests,Broad Interests - Overstock Pants,Creative A - Overstock Pants,27.86,1823,18,15.28,1.04,0,0.0
2025-03-27,2025-03-27,Running Shorts - TOF - Interests,Broad Interests - Running Shorts,Creative A - Running Shorts,7.06,373,3,18.93,1.02,0,0.0
2025-03-28,2025-03-28,Canvas Tote Bag - TOF - Interests,Broad Interests - Canvas Tote Bag,Creative A - Canvas Tote Bag,7.16,584,7,12.26,1.28,0,0.0
2025-03-28,2025-03-28,Clearance Jacket - TOF - Interests,Broad Interests - Clearance Jacket,Creative A - Clearance Jacke,25.14,1026,11,24.5,1.13,0,0.0
2025-03-28,2025-03-28,Cotton Hoodie - TOF - Interests,Broad Interests - Cotton Hoodie,Creative A - Cotton Hoodie,6.54,350,3,18.68,0.92,0,0.0
2025-03-28,2025-03-28,Polo Shirt - TOF - Interests,Broad Interests - Polo Shirt,Creative A - Polo Shirt,13.92,665,5,20.93,0.88,0,0.0
2025-03-28,2025-03-28,Polo Shirt - TOF - Interests,Broad Interests - Polo Shirt,Creative A - Polo Shirt,9.73,470,5,20.7,1.12,0,0.0
2025-03-28,2025-03-28,Premium Leather Bag - TOF - Interests,Broad Interests - Premium Leather Bag,Creative A - Premium Leather,6.59,440,4,14.98,0.97,0,0.0
2025-03-29,2025-03-29,Basic Socks 3-Pack - TOF - Interests,Broad Interests - Basic Socks 3-Pack,Creative A - Basic Socks 3-P,11.04,566,7,19.51,1.27,0,0.0
2025-03-29,2025-03-29,Classic T-Shirt - TOF - Interests,Broad Interests - Classic T-Shirt,Creative A - Classic T-Shirt,10.53,716,9,14.71,1.27,0,0.0
2025-03-29,2025-03-29,Luxury Silk Scarf - TOF - Interests,Broad Interests - Luxury Silk Scarf,Creative A - Luxury Silk Sca,7.13,311,4,22.92,1.43,0,0.0
2025-03-29,2025-03-29,Overstock Pants - TOF - Interests,Broad Interests - Overstock Pants,Creative A - Overstock Pants,12.92,715,5,18.07,0.82,0,0.0
2025-03-29,2025-03-29,Simple Keychain - TOF - Interests,Broad Interests - Simple Keychain,Creative A - Simple Keychain,13.85,1016,11,13.63,1.17,0,0.0
2025-03-30,2025-03-30,Casual Jeans - TOF - Interests,Broad Interests - Casual Jeans,Creative A - Casual Jeans,6.82,400,4,17.04,1.17,0,0.0
2025-03-30,2025-03-30,Classic T-Shirt - TOF - Interests,Broad Interests - Classic T-Shirt,Creative A - Classic T-Shirt,6.49,405,4,16.03,1.01,0,0.0
2025-03-30,2025-03-30,Luxury Belt - TOF - Interests,Broad Interests - Luxury Belt,Creative A - Luxury Belt,8.13,331,3,24.55,1.15,0,0.0
2025-03-30,2025-03-30,Premium Leather Bag - BOF - Retargeting,Website Visitors - Premium Leather Bag,DPA - Premium Leather,7.23,899,33,8.04,3.77,1,71.99
2025-03-30,2025-03-30,Premium Leather Bag - TOF - Interests,Broad Interests - Premium Leather Bag,Creative A - Premium Leather,16.87,735,9,22.95,1.34,1,48.0
2025-03-30,2025-03-30,Sample Sale Coat - TOF - Interests,Broad Interests - Sample Sale Coat,Creative A - Sample Sale Coa,8.87,570,8,15.57,1.43,0,0.0
2025-03-30,2025-03-30,Sport Sneakers - TOF - Interests,Broad Interests - Sport Sneakers,Creative A - Sport Sneakers,13.35,550,7,24.27,1.39,0,0.0
2025-03-31,2025-03-31,Basic Phone Case - BOF - Retargeting,Website Visitors - Basic Phone Case,DPA - Basic Phone Cas,3.65,264,9,13.82,3.77,1,7.79
2025-03-31,2025-03-31,Basic Phone Case - TOF - Interests,Broad Interests - Basic Phone Case,Creative A - Basic Phone Cas,8.52,572,8,14.9,1.42,1,5.2
2025-03-31,2025-03-31,Basic Phone Case - TOF - Interests,Broad Interests - Basic Phone Case,Creative A - Basic Phone Cas,6.42,298,4,21.56,1.43,0,0.0
2025-03-31,2025-03-31,Canvas Tote Bag - TOF - Interests,Broad Interests - Canvas Tote Bag,Creative A - Canvas Tote Bag,12.53,528,7,23.74,1.39,0,0.0
2025-03-31,2025-03-31,Classic T-Shirt - BOF - Retargeting,Website Visitors - Classic T-Shirt,DPA - Classic T-Shirt,15.0,1854,58,8.09,3.14,1,59.99
2025-03-31,2025-03-31,Classic T-Shirt - TOF - Interests,Broad Interests - Classic T-Shirt,Creative A - Classic T-Shirt,34.97,1825,26,19.16,1.48,1,39.99
2025-03-31,2025-03-31,Clearance Jacket - TOF - Interests,Broad Interests - Clearance Jacket,Creative A - Clearance Jacke,23.91,1455,17,16.43,1.19,0,0.0
2025-03-31,2025-03-31,Cotton Hoodie - TOF - Interests,Broad Interests - Cotton Hoodie,Creative A - Cotton Hoodie,13.22,854,11,15.48,1.29,0,0.0
2025-03-31,2025-03-31,Discontinued Boots - TOF - Interests,Broad Interests - Discontinued Boots,Creative A - Discontinued Bo,23.08,1321,18,17.47,1.39,0,0.0
2025-03-31,2025-03-31,Last Season Dress - TOF - Interests,Broad Interests - Last Season Dress,Creative A - Last Season Dre,14.19,689,6,20.6,0.9,0,0.0
2025-03-31,2025-03-31,Premium Leather Bag - BOF - Retargeting,Website Visitors - Premium Leather Bag,DPA - Premium Leather,16.8,2066,54,8.13,2.63,1,143.99
2025-03-31,2025-03-31,Premium Leather Bag - TOF - Interests,Broad Interests - Premium Leather Bag,Creative A - Premium Leather,39.18,2744,26,14.28,0.95,1,95.99
2025-03-31,2025-03-31,Running Shorts - TOF - Interests,Broad Interests - Running Shorts,Creative A - Running Shorts,12.19,828,12,14.72,1.5,0,0.0
2025-03-31,2025-03-31,Simple Keychain - TOF - Interests,Broad Interests - Simple Keychain,Creative A - Simple Keychain,9.67,688,8,14.06,1.19,0,0.0
2025-04-01,2025-04-01,Basic Phone Case - TOF - Interests,Broad Interests - Basic Phone Case,Creative A - Basic Phone Cas,10.69,430,3,24.87,0.8,0,0.0
2025-04-01,2025-04-01,Canvas Tote Bag - TOF - Interests,Broad Interests - Canvas Tote Bag,Creative A - Canvas Tote Bag,11.64,530,6,21.96,1.2,0,0.0
2025-04-01,2025-04-01,Classic T-Shirt - TOF - Interests,Broad Interests - Classic T-Shirt,Creative A - Classic T-Shirt,5.39,317,4,17.01,1.29,0,0.0
2025-04-01,2025-04-01,Clearance Jacket - TOF - Interests,Broad Interests - Clearance Jacket,Creative A - Clearance Jacke,28.46,1223,11,23.27,0.96,0,0.0
2025-04-01,2025-04-01,Cotton Hoodie - TOF - Interests,Broad Interests - Cotton Hoodie,Creative A - Cotton Hoodie,9.88,754,8,13.11,1.07,0,0.0
2025-04-01,2025-04-01,Cotton Hoodie - TOF - Interests,Broad Interests - Cotton Hoodie,Creative A - Cotton Hoodie,9.33,479,6,19.48,1.46,0,0.0
2025-04-01,2025-04-01,Luxury Silk Scarf - TOF - Interests,Broad Interests - Luxury Silk Scarf,Creative A - Luxury Silk Sca,3.87,184,1,21.03,1.08,0,0.0
2025-04-01,2025-04-01,Overstock Pants - TOF - Interests,Broad Interests - Overstock Pants,Creative A - Overstock Pants,10.65,606,8,17.58,1.33,0,0.0
2025-04-01,2025-04-01,Standard Lanyard - TOF - Interests,Broad Interests - Standard Lanyard,Creative A - Standard Lanyar,9.36,444,5,21.08,1.17,0,0.0
2025-04-01,2025-04-01,Standard Lanyard - TOF - Interests,Broad Interests - Standard Lanyard,Creative A - Standard Lanyar,9.54,557,5,17.13,0.97,0,0.0
2025-04-02,2025-04-02,Artisan Watch - BOF - Retargeting,Website Visitors - Artisan Watch,DPA - Artisan Watch,15.46,1767,56,8.75,3.17,1,131.99
2025-04-02,2025-04-02,Artisan Watch - TOF - Interests,Broad Interests - Artisan Watch,Creative A - Artisan Watch,36.06,1620,22,22.26,1.36,1,87.99
2025-04-02,2025-04-02,Cashmere Sweater - TOF - Interests,Broad Interests - Cashmere Sweater,Creative A - Cashmere Sweate,9.19,459,4,20.02,0.89,0,0.0
2025-04-02,2025-04-02,Classic T-Shirt - TOF - Interests,Broad Interests - Classic T-Shirt,Creative A - Classic T-Shirt,14.24,722,9,19.72,1.28,0,0.0
2025-04-02,2025-04-02,Classic T-Shirt - TOF - Interests,Broad Interests - Classic T-Shirt,Creative A - Classic T-Shirt,6.36,435,5,14.61,1.17,0,0.0
2025-04-02,2025-04-02,Clearance Jacket - TOF - Interests,Broad Interests - Clearance Jacket,Creative A - Clearance Jacke,27.37,1495,20,18.31,1.38,0,0.0
2025-04-02,2025-04-02,Plain Beanie - TOF - Interests,Broad Interests - Plain Beanie,Creative A - Plain Beanie,14.81,1105,13,13.4,1.26,0,0.0
2025-04-02,2025-04-02,Premium Leather Bag - BOF - Retargeting,Website Visitors - Premium Leather Bag,DPA - Premium Leather,14.95,1530,58,9.77,3.85,1,143.99
2025-04-02,2025-04-02,Premium Leather Bag - TOF - Interests,Broad Interests - Premium Leather Bag,Creative A - Premium Leather,34.89,1801,15,19.37,0.84,1,95.99
2025-04-02,2025-04-02,Sport Sneakers - TOF - Interests,Broad Interests - Sport Sneakers,Creative A - Sport Sneakers,7.17,541,6,13.26,1.17,0,0.0
2025-04-02,2025-04-02,Standard Lanyard - TOF - Interests,Broad Interests - Standard Lanyard,Creative A - Standard Lanyar,5.26,419,4,12.56,1.03,0,0.0
2025-04-03,2025-04-03,Basic Phone Case - TOF - Interests,Broad Interests - Basic Phone Case,Creative A - Basic Phone Cas,12.09,504,5,23.98,1.13,0,0.0
2025-04-03,2025-04-03,Canvas Tote Bag - TOF - Interests,Broad Interests - Canvas Tote Bag,Creative A - Canvas Tote Bag,11.31,852,12,13.27,1.45,0,0.0
2025-04-03,2025-04-03,Cashmere Sweater - BOF - Retargeting,Website Visitors - Cashmere Sweater,DPA - Cashmere Sweate,8.08,733,28,11.02,3.84,1,71.99
2025-04-03,2025-04-03,Cashmere Sweater - TOF - Interests,Broad Interests - Cashmere Sweater,Creative A - Cashmere Sweate,18.84,997,12,18.9,1.26,1,48.0
2025-04-03,2025-04-03,Cashmere Sweater - TOF - Interests,Broad Interests - Cashmere Sweater,Creative A - Cashmere Sweate,8.56,549,6,15.6,1.15,0,0.0
2025-04-03,2025-04-03,Cotton Hoodie - BOF - Retargeting,Website Visitors - Cotton Hoodie,DPA - Cotton Hoodie,5.41,631,17,8.58,2.73,1,26.99
2025-04-03,2025-04-03,Cotton Hoodie - TOF - Interests,Broad Interests - Cotton Hoodie,Creative A - Cotton Hoodie,12.63,553,6,22.84,1.22,1,18.0
2025-04-03,2025-04-03,Luxury Silk Scarf - TOF - Interests,Broad Interests - Luxury Silk Scarf,Creative A - Luxury Silk Sca,5.06,257,3,19.7,1.29,0,0.0
2025-04-03,2025-04-03,Overstock Pants - TOF - Interests,Broad Interests - Overstock Pants,Creative A - Overstock Pants,28.14,1405,12,20.03,0.93,0,0.0
2025-04-03,2025-04-03,Plain Beanie - TOF - Interests,Broad Interests - Plain Beanie,Creative A - Plain Beanie,12.69,603,5,21.04,0.87,0,0.0
2025-04-03,2025-04-03,Standard Lanyard - TOF - Interests,Broad Interests - Standard Lanyard,Creative A - Standard Lanyar,5.38,310,2,17.36,0.92,0,0.0
2025-04-04,2025-04-04,Baseball Cap - TOF - Interests,Broad Interests - Baseball Cap,Creative A - Baseball Cap,13.09,589,4,22.22,0.84,0,0.0
2025-04-04,2025-04-04,Basic Socks 3-Pack - TOF - Interests,Broad Interests - Basic Socks 3-Pack,Creative A - Basic Socks 3-P,8.62,364,3,23.68,0.9,0,0.0
2025-04-04,2025-04-04,Cashmere Sweater - BOF - Retargeting,Website Visitors - Cashmere Sweater,DPA - Cashmere Sweate,14.49,1035,21,14.0,2.08,1,143.99
2025-04-04,2025-04-04,Cashmere Sweater - TOF - Interests,Broad Interests - Cashmere Sweater,Creative A - Cashmere Sweate,33.82,1954,23,17.31,1.18,1,95.99
2025-04-04,2025-04-04,Luxury Belt - BOF - Retargeting,Website Visitors - Luxury Belt,DPA - Luxury Belt,4.9,351,8,13.97,2.53,1,47.99
2025-04-04,2025-04-04,Luxury Belt - TOF - Interests,Broad Interests - Luxury Belt,Creative A - Luxury Belt,11.44,609,7,18.79,1.22,1,32.0
2025-04-04,2025-04-04,Luxury Silk Scarf - BOF - Retargeting,Website Visitors - Luxury Silk Scarf,DPA - Luxury Silk Sca,11.45,1037,29,11.04,2.87,1,107.99
2025-04-04,2025-04-04,Luxury Silk Scarf - BOF - Retargeting,Website Visitors - Luxury Silk Scarf,DPA - Luxury Silk Sca,5.77,562,11,10.26,2.09,1,53.99
2025-04-04,2025-04-04,Luxury Silk Scarf - TOF - Interests,Broad Interests - Luxury Silk Scarf,Creative A - Luxury Silk Sca,26.73,1630,21,16.4,1.35,1,71.99
2025-04-04,2025-04-04,Luxury Silk Scarf - TOF - Interests,Broad Interests - Luxury Silk Scarf,Creative A - Luxury Silk Sca,13.45,760,6,17.7,0.86,1,36.0
2025-04-04,2025-04-04,Plain Beanie - TOF - Interests,Broad Interests - Plain Beanie,Creative A - Plain Beanie,13.31,543,7,24.51,1.33,0,0.0
2025-04-04,2025-04-04,Premium Backpack - BOF - Retargeting,Website Visitors - Premium Backpack,DPA - Premium Backpac,5.86,539,20,10.88,3.75,1,53.99
2025-04-04,2025-04-04,Premium Backpack - TOF - Interests,Broad Interests - Premium Backpack,Creative A - Premium Backpac,13.69,1061,14,12.9,1.32,1,36.0
2025-04-05,2025-04-05,Clearance Jacket - TOF - Interests,Broad Interests - Clearance Jacket,Creative A - Clearance Jacke,26.21,1549,21,16.92,1.37,0,0.0
2025-04-05,2025-04-05,Plain Beanie - TOF - Interests,Broad Interests - Plain Beanie,Creative A - Plain Beanie,9.8,395,4,24.82,1.12,0,0.0
2025-04-06,2025-04-06,Classic T-Shirt - TOF - Interests,Broad Interests - Classic T-Shirt,Creative A - Classic T-Shirt,5.4,411,5,13.14,1.4,0,0.0
2025-04-06,2025-04-06,Cotton Hoodie - TOF - Interests,Broad Interests - Cotton Hoodie,Creative A - Cotton Hoodie,11.74,488,4,24.06,0.91,0,0.0
2025-04-06,2025-04-06,Discontinued Boots - TOF - Interests,Broad Interests - Discontinued Boots,Creative A - Discontinued Bo,27.77,1284,16,21.63,1.27,0,0.0
2025-04-06,2025-04-06,Luxury Silk Scarf - TOF - Interests,Broad Interests - Luxury Silk Scarf,Creative A - Luxury Silk Sca,6.56,366,5,17.93,1.42,0,0.0
2025-04-06,2025-04-06,Running Shorts - TOF - Interests,Broad Interests - Running Shorts,Creative A - Running Shorts,13.23,743,8,17.8,1.17,0,0.0
2025-04-07,2025-04-07,Classic T-Shirt - TOF - Interests,Broad Interests - Classic T-Shirt,Creative A - Classic T-Shirt,10.11,416,3,24.3,0.95,0,0.0
2025-04-07,2025-04-07,Handcrafted Wallet - TOF - Interests,Broad Interests - Handcrafted Wallet,Creative A - Handcrafted Wal,6.15,332,3,18.52,0.96,0,0.0
2025-04-07,2025-04-07,Luxury Silk Scarf - TOF - Interests,Broad Interests - Luxury Silk Scarf,Creative A - Luxury Silk Sca,4.58,229,1,20.0,0.84,0,0.0
2025-04-07,2025-04-07,Plain Beanie - TOF - Interests,Broad Interests - Plain Beanie,Creative A - Plain Beanie,9.33,647,8,14.42,1.36,0,0.0
2025-04-07,2025-04-07,Premium Leather Bag - TOF - Interests,Broad Interests - Premium Leather Bag,Creative A - Premium Leather,4.97,215,2,23.11,1.32,0,0.0
2025-04-08,2025-04-08,Artisan Watch - TOF - Interests,Broad Interests - Artisan Watch,Creative A - Artisan Watch,7.8,329,3,23.72,1.12,0,0.0
2025-04-08,2025-04-08,Canvas Tote Bag - TOF - Interests,Broad Interests - Canvas Tote Bag,Creative A - Canvas Tote Bag,7.06,387,5,18.23,1.46,0,0.0
2025-04-08,2025-04-08,Cashmere Sweater - TOF - Interests,Broad Interests - Cashmere Sweater,Creative A - Cashmere Sweate,5.56,238,2,23.38,0.96,0,0.0
2025-04-08,2025-04-08,Classic T-Shirt - TOF - Interests,Broad Interests - Classic T-Shirt,Creative A - Classic T-Shirt,9.9,524,7,18.89,1.36,0,0.0
2025-04-08,2025-04-08,Last Season Dress - TOF - Interests,Broad Interests - Last Season Dress,Creative A - Last Season Dre,8.2,435,4,18.86,1.14,0,0.0
2025-04-08,2025-04-08,Luxury Belt - TOF - Interests,Broad Interests - Luxury Belt,Creative A - Luxury Belt,3.12,136,1,22.93,1.26,0,0.0
2025-04-08,2025-04-08,Overstock Pants - TOF - Interests,Broad Interests - Overstock Pants,Creative A - Overstock Pants,17.04,900,13,18.93,1.45,0,0.0
2025-04-08,2025-04-08,Plain Beanie - TOF - Interests,Broad Interests - Plain Beanie,Creative A - Plain Beanie,6.89,469,3,14.7,0.82,0,0.0
2025-04-08,2025-04-08,Running Shorts - TOF - Interests,Broad Interests - Running Shorts,Creative A - Running Shorts,11.89,716,5,16.61,0.82,0,0.0
2025-04-09,2025-04-09,Artisan Watch - BOF - Retargeting,Website Visitors - Artisan Watch,DPA - Artisan Watch,15.4,1112,32,13.85,2.9,1,131.99
2025-04-09,2025-04-09,Artisan Watch - TOF - Interests,Broad Interests - Artisan Watch,Creative A - Artisan Watch,35.94,1457,16,24.67,1.14,1,87.99
2025-04-09,2025-04-09,Basic Socks 3-Pack - TOF - Interests,Broad Interests - Basic Socks 3-Pack,Creative A - Basic Socks 3-P,6.14,328,3,18.71,0.95,0,0.0
2025-04-09,2025-04-09,Clearance Jacket - TOF - Interests,Broad Interests - Clearance Jacket,Creative A - Clearance Jacke,21.66,943,10,22.97,1.15,0,0.0
2025-04-09,2025-04-09,Discontinued Boots - TOF - Interests,Broad Interests - Discontinued Boots,Creative A - Discontinued Bo,22.35,1856,20,12.04,1.11,0,0.0
2025-04-09,2025-04-09,Luxury Belt - TOF - Interests,Broad Interests - Luxury Belt,Creative A - Luxury Belt,8.86,718,6,12.34,0.86,0,0.0
2025-04-09,2025-04-09,Overstock Pants - TOF - Interests,Broad Interests - Overstock Pants,Creative A - Overstock Pants,19.64,845,11,23.24,1.31,0,0.0
2025-04-09,2025-04-09,Premium Leather Bag - TOF - Interests,Broad Interests - Premium Leather Bag,Creative A - Premium Leather,5.82,259,2,22.49,0.97,0,0.0
2025-04-09,2025-04-09,Running Shorts - TOF - Interests,Broad Interests - Running Shorts,Creative A - Running Shorts,5.49,342,3,16.06,0.91,0,0.0
2025-04-09,2025-04-09,Sample Sale Coat - TOF - Interests,Broad Interests - Sample Sale Coat,Creative A - Sample Sale Coa,12.29,508,6,24.2,1.3,0,0.0
2025-04-10,2025-04-10,Basic Socks 3-Pack - TOF - Interests,Broad Interests - Basic Socks 3-Pack,Creative A - Basic Socks 3-P,13.92,589,6,23.64,1.08,0,0.0
2025-04-10,2025-04-10,Clearance Jacket - TOF - Interests,Broad Interests - Clearance Jacket,Creative A - Clearance Jacke,13.76,1088,9,12.65,0.84,0,0.0
2025-04-10,2025-04-10,Luxury Belt - BOF - Retargeting,Website Visitors - Luxury Belt,DPA - Luxury Belt,10.44,1102,34,9.47,3.13,1,95.99
2025-04-10,2025-04-10,Luxury Belt - TOF - Interests,Broad Interests - Luxury Belt,Creative A - Luxury Belt,24.35,1200,16,20.29,1.35,1,63.99
2025-04-10,2025-04-10,Running Shorts - TOF - Interests,Broad Interests - Running Shorts,Creative A - Running Shorts,9.67,487,6,19.86,1.3,0,0.0
2025-04-10,2025-04-10,Sample Sale Coat - TOF - Interests,Broad Interests - Sample Sale Coat,Creative A - Sample Sale Coa,11.87,487,6,24.37,1.35,0,0.0
2025-04-10,2025-04-10,Sport Sneakers - TOF - Interests,Broad Interests - Sport Sneakers,Creative A - Sport Sneakers,13.79,810,6,17.02,0.85,0,0.0
2025-04-10,2025-04-10,Standard Lanyard - TOF - Interests,Broad Interests - Standard Lanyard,Creative A - Standard Lanyar,8.91,411,5,21.67,1.41,0,0.0
2025-04-11,2025-04-11,Basic Socks 3-Pack - TOF - Interests,Broad Interests - Basic Socks 3-Pack,Creative A - Basic Socks 3-P,12.25,977,9,12.54,0.99,0,0.0
2025-04-11,2025-04-11,Clearance Jacket - TOF - Interests,Broad Interests - Clearance Jacket,Creative A - Clearance Jacke,11.73,690,6,17.0,0.93,0,0.0
2025-04-11,2025-04-11,Sport Sneakers - TOF - Interests,Broad Interests - Sport Sneakers,Creative A - Sport Sneakers,7.69,341,3,22.54,1.15,0,0.0
2025-04-11,2025-04-11,Sport Sneakers - TOF - Interests,Broad Interests - Sport Sneakers,Creative A - Sport Sneakers,6.56,311,3,21.08,1.11,0,0.0
2025-04-12,2025-04-12,Basic Phone Case - TOF - Interests,Broad Interests - Basic Phone Case,Creative A - Basic Phone Cas,12.06,549,7,21.96,1.33,0,0.0
2025-04-12,2025-04-12,Cashmere Sweater - TOF - Interests,Broad Interests - Cashmere Sweater,Creative A - Cashmere Sweate,3.51,212,1,16.55,0.89,0,0.0
2025-04-12,2025-04-12,Casual Jeans - TOF - Interests,Broad Interests - Casual Jeans,Creative A - Casual Jeans,6.05,317,4,19.1,1.5,0,0.0
2025-04-12,2025-04-12,Clearance Jacket - TOF - Interests,Broad Interests - Clearance Jacket,Creative A - Clearance Jacke,16.98,1379,14,12.31,1.02,0,0.0
2025-04-12,2025-04-12,Designer Sunglasses - BOF - Retargeting,Website Visitors - Designer Sunglasses,DPA - Designer Sungla,13.75,1244,32,11.05,2.61,1,119.99
2025-04-12,2025-04-12,Designer Sunglasses - TOF - Interests,Broad Interests - Designer Sunglasses,Creative A - Designer Sungla,32.08,2357,26,13.61,1.14,1,79.99
2025-04-13,2025-04-13,Canvas Tote Bag - TOF - Interests,Broad Interests - Canvas Tote Bag,Creative A - Canvas Tote Bag,10.97,444,4,24.71,0.98,0,0.0
2025-04-13,2025-04-13,Clearance Jacket - TOF - Interests,Broad Interests - Clearance Jacket,Creative A - Clearance Jacke,15.08,630,7,23.94,1.2,0,0.0
2025-04-13,2025-04-13,Discontinued Boots - TOF - Interests,Broad Interests - Discontinued Boots,Creative A - Discontinued Bo,25.25,1469,16,17.19,1.11,0,0.0
2025-04-13,2025-04-13,Luxury Silk Scarf - TOF - Interests,Broad Interests - Luxury Silk Scarf,Creative A - Luxury Silk Sca,5.96,419,3,14.22,0.86,0,0.0
2025-04-13,2025-04-13,Polo Shirt - TOF - Interests,Broad Interests - Polo Shirt,Creative A - Polo Shirt,12.15,682,6,17.81,0.92,0,0.0
2025-04-13,2025-04-13,Premium Leather Bag - BOF - Retargeting,Website Visitors - Premium Leather Bag,DPA - Premium Leather,8.01,745,18,10.75,2.44,1,71.99
2025-04-13,2025-04-13,Premium Leather Bag - TOF - Interests,Broad Interests - Premium Leather Bag,Creative A - Premium Leather,18.69,1053,12,17.75,1.17,1,48.0
2025-04-13,2025-04-13,Premium Leather Bag - TOF - Interests,Broad Interests - Premium Leather Bag,Creative A - Premium Leather,6.34,263,3,24.1,1.23,0,0.0
2025-04-13,2025-04-13,Sample Sale Coat - TOF - Interests,Broad Interests - Sample Sale Coat,Creative A - Sample Sale Coa,9.81,464,4,21.15,1.01,0,0.0
2025-04-14,2025-04-14,Discontinued Boots - TOF - Interests,Broad Interests - Discontinued Boots,Creative A - Discontinued Bo,13.29,556,5,23.9,1.05,0,0.0
2025-04-14,2025-04-14,Last Season Dress - TOF - Interests,Broad Interests - Last Season Dress,Creative A - Last Season Dre,27.44,1344,18,20.42,1.37,0,0.0
2025-04-14,2025-04-14,Sample Sale Coat - TOF - Interests,Broad Interests - Sample Sale Coat,Creative A - Sample Sale Coa,13.54,1026,14,13.2,1.43,0,0.0
2025-04-15,2025-04-15,Casual Jeans - TOF - Interests,Broad Interests - Casual Jeans,Creative A - Casual Jeans,7.52,313,4,24.02,1.36,0,0.0
2025-04-15,2025-04-15,Handcrafted Wallet - BOF - Retargeting,Website Visitors - Handcrafted Wallet,DPA - Handcrafted Wal,5.26,391,13,13.46,3.38,1,47.99
2025-04-15,2025-04-15,Handcrafted Wallet - TOF - Interests,Broad Interests - Handcrafted Wallet,Creative A - Handcrafted Wal,12.29,802,10,15.33,1.31,1,32.0
2025-04-15,2025-04-15,Plain Beanie - TOF - Interests,Broad Interests - Plain Beanie,Creative A - Plain Beanie,13.99,1100,10,12.72,0.91,0,0.0
2025-04-15,2025-04-15,Polo Shirt - TOF - Interests,Broad Interests - Polo Shirt,Creative A - Polo Shirt,13.32,653,9,20.4,1.49,0,0.0
2025-04-15,2025-04-15,Premium Backpack - TOF - Interests,Broad Interests - Premium Backpack,Creative A - Premium Backpac,6.65,335,4,19.85,1.46,0,0.0
2025-04-15,2025-04-15,Premium Backpack - TOF - Interests,Broad Interests - Premium Backpack,Creative A - Premium Backpac,4.23,193,1,21.93,0.93,0,0.0
2025-04-15,2025-04-15,Running Shorts - TOF - Interests,Broad Interests - Running Shorts,Creative A - Running Shorts,7.56,433,3,17.45,0.86,0,0.0
2025-04-16,2025-04-16,Casual Jeans - TOF - Interests,Broad Interests - Casual Jeans,Creative A - Casual Jeans,10.68,875,8,12.21,0.98,0,0.0
2025-04-16,2025-04-16,Sample Sale Coat - TOF - Interests,Broad Interests - Sample Sale Coat,Creative A - Sample Sale Coa,10.19,637,5,16.0,0.93,0,0.0
2025-04-16,2025-04-16,Standard Lanyard - TOF - Interests,Broad Interests - Standard Lanyard,Creative A - Standard Lanyar,12.86,687,8,18.72,1.2,0,0.0
2025-04-17,2025-04-17,Basic Phone Case - TOF - Interests,Broad Interests - Basic Phone Case,Creative A - Basic Phone Cas,8.95,490,5,18.26,1.12,0,0.0
2025-04-17,2025-04-17,Basic Phone Case - TOF - Interests,Broad Interests - Basic Phone Case,Creative A - Basic Phone Cas,6.89,333,4,20.7,1.5,0,0.0
2025-04-17,2025-04-17,Basic Socks 3-Pack - BOF - Retargeting,Website Visitors - Basic Socks 3-Pack,DPA - Basic Socks 3-P,5.66,415,15,13.63,3.65,1,11.99
2025-04-17,2025-04-17,Basic Socks 3-Pack - TOF - Interests,Broad Interests - Basic Socks 3-Pack,Creative A - Basic Socks 3-P,13.2,933,13,14.15,1.4,1,8.0
2025-04-17,2025-04-17,Canvas Tote Bag - TOF - Interests,Broad Interests - Canvas Tote Bag,Creative A - Canvas Tote Bag,7.87,551,4,14.28,0.9,0,0.0
2025-04-17,2025-04-17,Casual Jeans - TOF - Interests,Broad Interests - Casual Jeans,Creative A - Casual Jeans,5.76,356,4,16.19,1.24,0,0.0
2025-04-17,2025-04-17,Classic T-Shirt - TOF - Interests,Broad Interests - Classic T-Shirt,Creative A - Classic T-Shirt,13.7,737,9,18.59,1.24,0,0.0
2025-04-17,2025-04-17,Cotton Hoodie - TOF - Interests,Broad Interests - Cotton Hoodie,Creative A - Cotton Hoodie,9.87,474,5,20.83,1.18,0,0.0
2025-04-17,2025-04-17,Premium Leather Bag - BOF - Retargeting,Website Visitors - Premium Leather Bag,DPA - Premium Leather,7.96,742,17,10.73,2.41,1,71.99
2025-04-17,2025-04-17,Premium Leather Bag - TOF - Interests,Broad Interests - Premium Leather Bag,Creative A - Premium Leather,18.59,768,7,24.2,0.92,1,48.0
2025-04-17,2025-04-17,Running Shorts - TOF - Interests,Broad Interests - Running Shorts,Creative A - Running Shorts,6.36,355,4,17.91,1.31,0,0.0
2025-04-17,2025-04-17,Sample Sale Coat - BOF - Retargeting,Website Visitors - Sample Sale Coat,DPA - Sample Sale Coa,28.64,2175,58,13.17,2.68,1,29.99
2025-04-17,2025-04-17,Sample Sale Coat - TOF - Interests,Broad Interests - Sample Sale Coat,Creative A - Sample Sale Coa,66.84,3974,49,16.82,1.25,1,20.0
2025-04-18,2025-04-18,Baseball Cap - TOF - Interests,Broad Interests - Baseball Cap,Creative A - Baseball Cap,12.88,807,9,15.96,1.19,0,0.0
2025-04-18,2025-04-18,Baseball Cap - TOF - Interests,Broad Interests - Baseball Cap,Creative A - Baseball Cap,8.35,606,7,13.78,1.32,0,0.0
2025-04-18,2025-04-18,Basic Phone Case - TOF - Interests,Broad Interests - Basic Phone Case,Creative A - Basic Phone Cas,12.82,723,10,17.73,1.4,0,0.0
2025-04-18,2025-04-18,Cashmere Sweater - BOF - Retargeting,Website Visitors - Cashmere Sweater,DPA - Cashmere Sweate,15.42,1295,28,11.91,2.2,1,143.99
2025-04-18,2025-04-18,Cashmere Sweater - TOF - Interests,Broad Interests - Cashmere Sweater,Creative A - Cashmere Sweate,36.01,2851,36,12.63,1.27,1,95.99
2025-04-18,2025-04-18,Clearance Jacket - TOF - Interests,Broad Interests - Clearance Jacket,Creative A - Clearance Jacke,25.02,1540,15,16.25,1.03,0,0.0
2025-04-18,2025-04-18,Designer Sunglasses - TOF - Interests,Broad Interests - Designer Sunglasses,Creative A - Designer Sungla,5.86,293,3,20.0,1.28,0,0.0
2025-04-18,2025-04-18,Handcrafted Wallet - TOF - Interests,Broad Interests - Handcrafted Wallet,Creative A - Handcrafted Wal,5.55,399,4,13.9,1.01,0,0.0
2025-04-18,2025-04-18,Last Season Dress - BOF - Retargeting,Website Visitors - Last Season Dress,DPA - Last Season Dre,11.98,1122,32,10.68,2.87,1,14.99
2025-04-18,2025-04-18,Last Season Dress - TOF - Interests,Broad Interests - Last Season Dress,Creative A - Last Season Dre,27.95,1459,12,19.16,0.88,1,10.0
2025-04-18,2025-04-18,Premium Leather Bag - TOF - Interests,Broad Interests - Premium Leather Bag,Creative A - Premium Leather,4.26,196,2,21.73,1.39,0,0.0
2025-04-18,2025-04-18,Running Shorts - TOF - Interests,Broad Interests - Running Shorts,Creative A - Running Shorts,10.87,587,6,18.52,1.18,0,0.0
2025-04-18,2025-04-18,Sample Sale Coat - BOF - Retargeting,Website Visitors - Sample Sale Coat,DPA - Sample Sale Coa,37.63,2608,98,14.43,3.79,1,59.99
2025-04-18,2025-04-18,Sample Sale Coat - TOF - Interests,Broad Interests - Sample Sale Coat,Creative A - Sample Sale Coa,87.78,4532,36,19.37,0.81,1,39.99
2025-04-18,2025-04-18,Sample Sale Coat - TOF - Interests,Broad Interests - Sample Sale Coat,Creative A - Sample Sale Coa,12.86,951,12,13.52,1.32,0,0.0
2025-04-19,2025-04-19,Discontinued Boots - TOF - Interests,Broad Interests - Discontinued Boots,Creative A - Discontinued Bo,15.28,678,5,22.53,0.84,0,0.0
2025-04-19,2025-04-19,Last Season Dress - TOF - Interests,Broad Interests - Last Season Dress,Creative A - Last Season Dre,23.71,1267,12,18.71,0.95,0,0.0
2025-04-19,2025-04-19,Overstock Pants - TOF - Interests,Broad Interests - Overstock Pants,Creative A - Overstock Pants,28.01,2037,24,13.75,1.2,0,0.0
2025-04-19,2025-04-19,Premium Backpack - BOF - Retargeting,Website Visitors - Premium Backpack,DPA - Premium Backpac,13.2,1065,23,12.39,2.23,1,107.99
2025-04-19,2025-04-19,Premium Backpack - TOF - Interests,Broad Interests - Premium Backpack,Creative A - Premium Backpac,30.78,2094,23,14.7,1.14,1,71.99
2025-04-19,2025-04-19,Standard Lanyard - TOF - Interests,Broad Interests - Standard Lanyard,Creative A - Standard Lanyar,8.71,675,7,12.9,1.18,0,0.0
2025-04-20,2025-04-20,Basic Phone Case - BOF - Retargeting,Website Visitors - Basic Phone Case,DPA - Basic Phone Cas,7.17,753,24,9.52,3.31,1,15.59
2025-04-20,2025-04-20,Basic Phone Case - TOF - Interests,Broad Interests - Basic Phone Case,Creative A - Basic Phone Cas,16.73,678,5,24.68,0.84,1,10.39
2025-04-20,2025-04-20,Last Season Dress - TOF - Interests,Broad Interests - Last Season Dress,Creative A - Last Season Dre,25.68,1173,10,21.89,0.88,0,0.0
2025-04-20,2025-04-20,Luxury Belt - BOF - Retargeting,Website Visitors - Luxury Belt,DPA - Luxury Belt,5.06,395,14,12.81,3.67,1,47.99
2025-04-20,2025-04-20,Luxury Belt - TOF - Interests,Broad Interests - Luxury Belt,Creative A - Luxury Belt,11.81,624,9,18.93,1.45,1,32.0
2025-04-20,2025-04-20,Polo Shirt - TOF - Interests,Broad Interests - Polo Shirt,Creative A - Polo Shirt,10.25,817,7,12.54,0.86,0,0.0
2025-04-20,2025-04-20,Running Shorts - TOF - Interests,Broad Interests - Running Shorts,Creative A - Running Shorts,9.42,724,7,13.01,1.05,0,0.0
2025-04-20,2025-04-20,Sample Sale Coat - TOF - Interests,Broad Interests - Sample Sale Coat,Creative A - Sample Sale Coa,26.33,1122,11,23.47,1.0,0,0.0
2025-04-20,2025-04-20,Simple Keychain - BOF - Retargeting,Website Visitors - Simple Keychain,DPA - Simple Keychain,2.79,208,6,13.4,3.12,1,5.99
2025-04-20,2025-04-20,Simple Keychain - TOF - Interests,Broad Interests - Simple Keychain,Creative A - Simple Keychain,6.51,386,5,16.87,1.36,1,4.0
2025-04-20,2025-04-20,Standard Lanyard - TOF - Interests,Broad Interests - Standard Lanyard,Creative A - Standard Lanyar,12.62,669,8,18.86,1.25,0,0.0
2025-04-21,2025-04-21,Baseball Cap - TOF - Interests,Broad Interests - Baseball Cap,Creative A - Baseball Cap,14.17,1149,15,12.33,1.32,0,0.0
2025-04-21,2025-04-21,Cashmere Sweater - BOF - Retargeting,Website Visitors - Cashmere Sweater,DPA - Cashmere Sweate,17.31,1674,56,10.34,3.39,1,143.99
2025-04-21,2025-04-21,Cashmere Sweater - TOF - Interests,Broad Interests - Cashmere Sweater,Creative A - Cashmere Sweate,40.38,3000,41,13.46,1.38,1,95.99
2025-04-21,2025-04-21,Clearance Jacket - TOF - Interests,Broad Interests - Clearance Jacket,Creative A - Clearance Jacke,22.47,1342,19,16.74,1.49,0,0.0
2025-04-21,2025-04-21,Handcrafted Wallet - TOF - Interests,Broad Interests - Handcrafted Wallet,Creative A - Handcrafted Wal,8.69,688,9,12.63,1.34,0,0.0
2025-04-21,2025-04-21,Plain Beanie - TOF - Interests,Broad Interests - Plain Beanie,Creative A - Plain Beanie,10.54,712,8,14.8,1.22,0,0.0
2025-04-21,2025-04-21,Sport Sneakers - TOF - Interests,Broad Interests - Sport Sneakers,Creative A - Sport Sneakers,13.82,771,8,17.92,1.08,0,0.0
2025-04-21,2025-04-21,Standard Lanyard - BOF - Retargeting,Website Visitors - Standard Lanyard,DPA - Standard Lanyar,4.19,418,10,10.03,2.45,1,9.59
2025-04-21,2025-04-21,Standard Lanyard - TOF - Interests,Broad Interests - Standard Lanyard,Creative A - Standard Lanyar,9.77,534,7,18.3,1.32,1,6.39
2025-04-22,2025-04-22,Basic Socks 3-Pack - TOF - Interests,Broad Interests - Basic Socks 3-Pack,Creative A - Basic Socks 3-P,7.13,540,7,13.21,1.31,0,0.0
2025-04-22,2025-04-22,Last Season Dress - TOF - Interests,Broad Interests - Last Season Dress,Creative A - Last Season Dre,12.38,594,5,20.85,0.89,0,0.0
2025-04-22,2025-04-22,Last Season Dress - TOF - Interests,Broad Interests - Last Season Dress,Creative A - Last Season Dre,27.49,1119,11,24.57,1.05,0,0.0
2025-04-22,2025-04-22,Overstock Pants - TOF - Interests,Broad Interests - Overstock Pants,Creative A - Overstock Pants,25.2,1981,17,12.72,0.9,0,0.0
2025-04-22,2025-04-22,Polo Shirt - TOF - Interests,Broad Interests - Polo Shirt,Creative A - Polo Shirt,8.1,437,5,18.54,1.34,0,0.0
2025-04-22,2025-04-22,Simple Keychain - TOF - Interests,Broad Interests - Simple Keychain,Creative A - Simple Keychain,6.55,356,3,18.41,0.99,0,0.0
2025-04-22,2025-04-22,Sport Sneakers - TOF - Interests,Broad Interests - Sport Sneakers,Creative A - Sport Sneakers,8.62,460,3,18.73,0.81,0,0.0
2025-04-23,2025-04-23,Cashmere Sweater - BOF - Retargeting,Website Visitors - Cashmere Sweater,DPA - Cashmere Sweate,14.54,990,24,14.69,2.46,1,143.99
2025-04-23,2025-04-23,Cashmere Sweater - TOF - Interests,Broad Interests - Cashmere Sweater,Creative A - Cashmere Sweate,33.95,1443,13,23.53,0.9,1,95.99
2025-04-23,2025-04-23,Clearance Jacket - TOF - Interests,Broad Interests - Clearance Jacket,Creative A - Clearance Jacke,28.7,1779,21,16.13,1.23,0,0.0
2025-04-23,2025-04-23,Cotton Hoodie - TOF - Interests,Broad Interests - Cotton Hoodie,Creative A - Cotton Hoodie,9.02,414,4,21.79,0.98,0,0.0
2025-04-23,2025-04-23,Last Season Dress - TOF - Interests,Broad Interests - Last Season Dress,Creative A - Last Season Dre,9.92,677,7,14.65,1.16,0,0.0
2025-04-23,2025-04-23,Premium Backpack - TOF - Interests,Broad Interests - Premium Backpack,Creative A - Premium Backpac,4.77,216,2,22.09,1.3,0,0.0
2025-04-23,2025-04-23,Sport Sneakers - TOF - Interests,Broad Interests - Sport Sneakers,Creative A - Sport Sneakers,9.86,728,8,13.54,1.15,0,0.0
2025-04-24,2025-04-24,Basic Phone Case - TOF - Interests,Broad Interests - Basic Phone Case,Creative A - Basic Phone Cas,7.65,306,3,24.99,1.14,0,0.0
2025-04-24,2025-04-24,Basic Socks 3-Pack - BOF - Retargeting,Website Visitors - Basic Socks 3-Pack,DPA - Basic Socks 3-P,10.47,875,27,11.97,3.11,1,23.99
2025-04-24,2025-04-24,Basic Socks 3-Pack - TOF - Interests,Broad Interests - Basic Socks 3-Pack,Creative A - Basic Socks 3-P,24.45,1314,16,18.61,1.26,1,15.99
2025-04-24,2025-04-24,Clearance Jacket - TOF - Interests,Broad Interests - Clearance Jacket,Creative A - Clearance Jacke,9.43,472,6,19.98,1.43,0,0.0
2025-04-24,2025-04-24,Sample Sale Coat - BOF - Retargeting,Website Visitors - Sample Sale Coat,DPA - Sample Sale Coa,53.48,6307,225,8.48,3.57,1,59.99
2025-04-24,2025-04-24,Sample Sale Coat - TOF - Interests,Broad Interests - Sample Sale Coat,Creative A - Sample Sale Coa,124.71,8826,116,14.13,1.32,1,39.99
2025-04-25,2025-04-25,Basic Phone Case - TOF - Interests,Broad Interests - Basic Phone Case,Creative A - Basic Phone Cas,12.62,844,11,14.95,1.42,0,0.0
2025-04-25,2025-04-25,Basic Socks 3-Pack - TOF - Interests,Broad Interests - Basic Socks 3-Pack,Creative A - Basic Socks 3-P,12.18,552,4,22.06,0.87,0,0.0
2025-04-25,2025-04-25,Cashmere Sweater - BOF - Retargeting,Website Visitors - Cashmere Sweater,DPA - Cashmere Sweate,8.49,883,31,9.61,3.62,1,71.99
2025-04-25,2025-04-25,Cashmere Sweater - TOF - Interests,Broad Interests - Cashmere Sweater,Creative A - Cashmere Sweate,19.79,992,11,19.95,1.13,1,48.0
2025-04-25,2025-04-25,Casual Jeans - TOF - Interests,Broad Interests - Casual Jeans,Creative A - Casual Jeans,12.59,628,6,20.04,1.05,0,0.0
2025-04-25,2025-04-25,Casual Jeans - TOF - Interests,Broad Interests - Casual Jeans,Creative A - Casual Jeans,5.28,344,3,15.36,0.88,0,0.0
2025-04-25,2025-04-25,Classic T-Shirt - TOF - Interests,Broad Interests - Classic T-Shirt,Creative A - Classic T-Shirt,13.87,987,8,14.05,0.88,0,0.0
2025-04-25,2025-04-25,Clearance Jacket - TOF - Interests,Broad Interests - Clearance Jacket,Creative A - Clearance Jacke,19.65,1029,9,19.1,0.91,0,0.0
2025-04-25,2025-04-25,Cotton Hoodie - TOF - Interests,Broad Interests - Cotton Hoodie,Creative A - Cotton Hoodie,9.37,451,4,20.77,0.9,0,0.0
2025-04-25,2025-04-25,Last Season Dress - TOF - Interests,Broad Interests - Last Season Dress,Creative A - Last Season Dre,12.01,647,7,18.57,1.13,0,0.0
2025-04-25,2025-04-25,Premium Leather Bag - TOF - Interests,Broad Interests - Premium Leather Bag,Creative A - Premium Leather,9.0,444,5,20.26,1.33,0,0.0
2025-04-25,2025-04-25,Sample Sale Coat - TOF - Interests,Broad Interests - Sample Sale Coat,Creative A - Sample Sale Coa,10.83,608,4,17.82,0.82,0,0.0
2025-04-25,2025-04-25,Sport Sneakers - TOF - Interests,Broad Interests - Sport Sneakers,Creative A - Sport Sneakers,8.73,443,4,19.7,1.02,0,0.0
2025-04-26,2025-04-26,Canvas Tote Bag - BOF - Retargeting,Website Visitors - Canvas Tote Bag,DPA - Canvas Tote Bag,10.96,1305,38,8.4,2.94,1,47.99
2025-04-26,2025-04-26,Canvas Tote Bag - TOF - Interests,Broad Interests - Canvas Tote Bag,Creative A - Canvas Tote Bag,25.56,1053,10,24.27,0.98,1,31.99
2025-04-26,2025-04-26,Casual Jeans - TOF - Interests,Broad Interests - Casual Jeans,Creative A - Casual Jeans,11.58,559,6,20.72,1.19,0,0.0
2025-04-26,2025-04-26,Discontinued Boots - TOF - Interests,Broad Interests - Discontinued Boots,Creative A - Discontinued Bo,15.09,745,7,20.26,1.03,0,0.0
2025-04-26,2025-04-26,Handcrafted Wallet - BOF - Retargeting,Website Visitors - Handcrafted Wallet,DPA - Handcrafted Wal,5.12,624,15,8.2,2.42,1,47.99
2025-04-26,2025-04-26,Handcrafted Wallet - TOF - Interests,Broad Interests - Handcrafted Wallet,Creative A - Handcrafted Wal,11.94,855,9,13.97,1.11,1,32.0
2025-04-26,2025-04-26,Luxury Belt - TOF - Interests,Broad Interests - Luxury Belt,Creative A - Luxury Belt,7.66,446,5,17.17,1.33,0,0.0
2025-04-27,2025-04-27,Basic Phone Case - TOF - Interests,Broad Interests - Basic Phone Case,Creative A - Basic Phone Cas,13.84,738,5,18.76,0.81,0,0.0
2025-04-27,2025-04-27,Basic Socks 3-Pack - TOF - Interests,Broad Interests - Basic Socks 3-Pack,Creative A - Basic Socks 3-P,5.98,359,3,16.65,1.0,0,0.0
2025-04-27,2025-04-27,Handcrafted Wallet - TOF - Interests,Broad Interests - Handcrafted Wallet,Creative A - Handcrafted Wal,3.13,132,1,23.69,0.99,0,0.0
2025-04-27,2025-04-27,Overstock Pants - BOF - Retargeting,Website Visitors - Overstock Pants,DPA - Overstock Pants,18.17,1700,34,10.69,2.03,1,23.99
2025-04-27,2025-04-27,Overstock Pants - TOF - Interests,Broad Interests - Overstock Pants,Creative A - Overstock Pants,42.37,2154,22,19.67,1.07,1,15.99
2025-04-27,2025-04-27,Premium Leather Bag - TOF - Interests,Broad Interests - Premium Leather Bag,Creative A - Premium Leather,5.62,310,2,18.12,0.94,0,0.0
2025-04-28,2025-04-28,Last Season Dress - TOF - Interests,Broad Interests - Last Season Dress,Creative A - Last Season Dre,17.49,778,7,22.48,1.0,0,0.0
2025-04-28,2025-04-28,Luxury Belt - TOF - Interests,Broad Interests - Luxury Belt,Creative A - Luxury Belt,4.41,195,2,22.61,1.08,0,0.0
2025-04-28,2025-04-28,Plain Beanie - TOF - Interests,Broad Interests - Plain Beanie,Creative A - Plain Beanie,9.72,523,6,18.58,1.26,0,0.0
2025-04-28,2025-04-28,Simple Keychain - TOF - Interests,Broad Interests - Simple Keychain,Creative A - Simple Keychain,6.08,276,2,22.03,0.94,0,0.0
2025-04-28,2025-04-28,Standard Lanyard - TOF - Interests,Broad Interests - Standard Lanyard,Creative A - Standard Lanyar,8.71,407,3,21.41,0.97,0,0.0
2025-04-29,2025-04-29,Canvas Tote Bag - BOF - Retargeting,Website Visitors - Canvas Tote Bag,DPA - Canvas Tote Bag,8.08,987,29,8.19,3.03,1,47.99
2025-04-29,2025-04-29,Canvas Tote Bag - TOF - Interests,Broad Interests - Canvas Tote Bag,Creative A - Canvas Tote Bag,18.85,759,8,24.84,1.06,1,31.99
2025-04-29,2025-04-29,Casual Jeans - TOF - Interests,Broad Interests - Casual Jeans,Creative A - Casual Jeans,11.92,767,8,15.54,1.13,0,0.0
2025-04-29,2025-04-29,Cotton Hoodie - BOF - Retargeting,Website Visitors - Cotton Hoodie,DPA - Cotton Hoodie,11.65,784,23,14.86,3.01,1,53.99
2025-04-29,2025-04-29,Cotton Hoodie - TOF - Interests,Broad Interests - Cotton Hoodie,Creative A - Cotton Hoodie,27.18,1853,22,14.67,1.23,1,35.99
2025-04-29,2025-04-29,Last Season Dress - TOF - Interests,Broad Interests - Last Season Dress,Creative A - Last Season Dre,9.41,399,4,23.59,1.04,0,0.0
2025-04-29,2025-04-29,Sample Sale Coat - BOF - Retargeting,Website Visitors - Sample Sale Coat,DPA - Sample Sale Coa,48.47,4674,166,10.37,3.56,1,59.99
2025-04-29,2025-04-29,Sample Sale Coat - TOF - Interests,Broad Interests - Sample Sale Coat,Creative A - Sample Sale Coa,113.06,5438,76,20.79,1.41,1,39.99
2025-04-29,2025-04-29,Sample Sale Coat - TOF - Interests,Broad Interests - Sample Sale Coat,Creative A - Sample Sale Coa,22.72,934,9,24.33,0.98,0,0.0
2025-04-29,2025-04-29,Simple Keychain - TOF - Interests,Broad Interests - Simple Keychain,Creative A - Simple Keychain,10.56,575,8,18.36,1.43,0,0.0
2025-04-30,2025-04-30,Artisan Watch - TOF - Interests,Broad Interests - Artisan Watch,Creative A - Artisan Watch,6.36,303,2,20.98,0.91,0,0.0
2025-04-30,2025-04-30,Classic T-Shirt - TOF - Interests,Broad Interests - Classic T-Shirt,Creative A - Classic T-Shirt,8.08,405,5,19.95,1.42,0,0.0
2025-04-30,2025-04-30,Last Season Dress - TOF - Interests,Broad Interests - Last Season Dress,Creative A - Last Season Dre,18.94,1472,15,12.87,1.08,0,0.0
2025-04-30,2025-04-30,Overstock Pants - TOF - Interests,Broad Interests - Overstock Pants,Creative A - Overstock Pants,16.9,1043,12,16.2,1.18,0,0.0
2025-04-30,2025-04-30,Simple Keychain - BOF - Retargeting,Website Visitors - Simple Keychain,DPA - Simple Keychain,5.75,557,19,10.33,3.45,1,11.99
2025-04-30,2025-04-30,Simple Keychain - TOF - Interests,Broad Interests - Simple Keychain,Creative A - Simple Keychain,13.42,999,13,13.43,1.39,1,7.99
2025-05-01,2025-05-01,Artisan Watch - BOF - Retargeting,Website Visitors - Artisan Watch,DPA - Artisan Watch,13.46,1199,26,11.23,2.17,1,131.99
2025-05-01,2025-05-01,Artisan Watch - TOF - Interests,Broad Interests - Artisan Watch,Creative A - Artisan Watch,31.44,1422,13,22.11,0.97,1,87.99
2025-05-01,2025-05-01,Baseball Cap - TOF - Interests,Broad Interests - Baseball Cap,Creative A - Baseball Cap,7.16,294,2,24.34,0.9,0,0.0
2025-05-01,2025-05-01,Basic Socks 3-Pack - TOF - Interests,Broad Interests - Basic Socks 3-Pack,Creative A - Basic Socks 3-P,13.02,651,5,20.0,0.89,0,0.0
2025-05-01,2025-05-01,Basic Socks 3-Pack - TOF - Interests,Broad Interests - Basic Socks 3-Pack,Creative A - Basic Socks 3-P,4.99,204,2,24.48,1.42,0,0.0
2025-05-01,2025-05-01,Clearance Jacket - BOF - Retargeting,Website Visitors - Clearance Jacket,DPA - Clearance Jacke,12.19,1174,26,10.38,2.3,1,17.99
2025-05-01,2025-05-01,Clearance Jacket - TOF - Interests,Broad Interests - Clearance Jacket,Creative A - Clearance Jacke,28.47,2252,26,12.64,1.17,1,12.0
2025-05-01,2025-05-01,Cotton Hoodie - TOF - Interests,Broad Interests - Cotton Hoodie,Creative A - Cotton Hoodie,10.99,865,7,12.71,0.92,0,0.0
2025-05-01,2025-05-01,Designer Sunglasses - TOF - Interests,Broad Interests - Designer Sunglasses,Creative A - Designer Sungla,8.37,454,4,18.44,0.92,0,0.0
2025-05-01,2025-05-01,Discontinued Boots - TOF - Interests,Broad Interests - Discontinued Boots,Creative A - Discontinued Bo,13.15,1050,15,12.52,1.45,0,0.0
2025-05-01,2025-05-01,Polo Shirt - TOF - Interests,Broad Interests - Polo Shirt,Creative A - Polo Shirt,11.11,500,4,22.22,0.86,0,0.0
2025-05-01,2025-05-01,Sample Sale Coat - TOF - Interests,Broad Interests - Sample Sale Coat,Creative A - Sample Sale Coa,12.46,704,9,17.7,1.41,0,0.0
2025-05-02,2025-05-02,Luxury Belt - TOF - Interests,Broad Interests - Luxury Belt,Creative A - Luxury Belt,5.61,260,2,21.56,0.9,0,0.0
2025-05-03,2025-05-03,Basic Socks 3-Pack - TOF - Interests,Broad Interests - Basic Socks 3-Pack,Creative A - Basic Socks 3-P,6.27,350,3,17.91,1.09,0,0.0
2025-05-03,2025-05-03,Clearance Jacket - TOF - Interests,Broad Interests - Clearance Jacket,Creative A - Clearance Jacke,26.72,1218,14,21.94,1.16,0,0.0
2025-05-03,2025-05-03,Cotton Hoodie - TOF - Interests,Broad Interests - Cotton Hoodie,Creative A - Cotton Hoodie,14.31,721,8,19.85,1.23,0,0.0
2025-05-03,2025-05-03,Discontinued Boots - TOF - Interests,Broad Interests - Discontinued Boots,Creative A - Discontinued Bo,17.77,857,11,20.74,1.34,0,0.0
2025-05-03,2025-05-03,Luxury Silk Scarf - TOF - Interests,Broad Interests - Luxury Silk Scarf,Creative A - Luxury Silk Sca,4.47,203,1,22.02,0.83,0,0.0
2025-05-03,2025-05-03,Overstock Pants - TOF - Interests,Broad Interests - Overstock Pants,Creative A - Overstock Pants,18.53,769,11,24.09,1.44,0,0.0
2025-05-03,2025-05-03,Polo Shirt - TOF - Interests,Broad Interests - Polo Shirt,Creative A - Polo Shirt,9.19,371,3,24.77,0.98,0,0.0
2025-05-03,2025-05-03,Premium Backpack - BOF - Retargeting,Website Visitors - Premium Backpack,DPA - Premium Backpac,11.89,1178,39,10.09,3.37,1,107.99
2025-05-03,2025-05-03,Premium Backpack - TOF - Interests,Broad Interests - Premium Backpack,Creative A - Premium Backpac,27.75,1181,10,23.5,0.92,1,71.99
2025-05-03,2025-05-03,Premium Leather Bag - TOF - Interests,Broad Interests - Premium Leather Bag,Creative A - Premium Leather,4.6,345,3,13.32,1.08,0,0.0
2025-05-03,2025-05-03,Sample Sale Coat - BOF - Retargeting,Website Visitors - Sample Sale Coat,DPA - Sample Sale Coa,51.87,4763,144,10.89,3.04,1,59.99
2025-05-03,2025-05-03,Sample Sale Coat - TOF - Interests,Broad Interests - Sample Sale Coat,Creative A - Sample Sale Coa,121.0,5798,78,20.87,1.35,1,39.99
2025-05-03,2025-05-03,Sample Sale Coat - TOF - Interests,Broad Interests - Sample Sale Coat,Creative A - Sample Sale Coa,25.07,1256,12,19.96,0.96,0,0.0
2025-05-04,2025-05-04,Basic Phone Case - TOF - Interests,Broad Interests - Basic Phone Case,Creative A - Basic Phone Cas,7.21,352,3,20.47,1.1,0,0.0
2025-05-04,2025-05-04,Canvas Tote Bag - TOF - Interests,Broad Interests - Canvas Tote Bag,Creative A - Canvas Tote Bag,9.09,452,5,20.1,1.16,0,0.0
2025-05-04,2025-05-04,Cashmere Sweater - TOF - Interests,Broad Interests - Cashmere Sweater,Creative A - Cashmere Sweate,4.63,297,2,15.6,0.8,0,0.0
2025-05-04,2025-05-04,Discontinued Boots - TOF - Interests,Broad Interests - Discontinued Boots,Creative A - Discontinued Bo,23.22,1824,20,12.73,1.15,0,0.0
2025-05-04,2025-05-04,Last Season Dress - TOF - Interests,Broad Interests - Last Season Dress,Creative A - Last Season Dre,24.95,1722,14,14.49,0.87,0,0.0
2025-05-04,2025-05-04,Luxury Silk Scarf - TOF - Interests,Broad Interests - Luxury Silk Scarf,Creative A - Luxury Silk Sca,9.3,463,5,20.08,1.12,0,0.0
2025-05-04,2025-05-04,Plain Beanie - TOF - Interests,Broad Interests - Plain Beanie,Creative A - Plain Beanie,7.8,318,4,24.52,1.44,0,0.0
2025-05-04,2025-05-04,Polo Shirt - BOF - Retargeting,Website Visitors - Polo Shirt,DPA - Polo Shirt,5.02,338,12,14.85,3.8,1,29.99
2025-05-04,2025-05-04,Polo Shirt - TOF - Interests,Broad Interests - Polo Shirt,Creative A - Polo Shirt,11.71,579,5,20.23,1.03,1,20.0
2025-05-04,2025-05-04,Running Shorts - TOF - Interests,Broad Interests - Running Shorts,Creative A - Running Shorts,11.12,460,5,24.17,1.09,0,0.0
2025-05-04,2025-05-04,Sample Sale Coat - TOF - Interests,Broad Interests - Sample Sale Coat,Creative A - Sample Sale Coa,11.93,501,5,23.81,1.13,0,0.0
2025-05-04,2025-05-04,Sport Sneakers - TOF - Interests,Broad Interests - Sport Sneakers,Creative A - Sport Sneakers,5.2,215,2,24.18,1.02,0,0.0
2025-05-05,2025-05-05,Canvas Tote Bag - TOF - Interests,Broad Interests - Canvas Tote Bag,Creative A - Canvas Tote Bag,5.46,375,4,14.56,1.23,0,0.0
2025-05-05,2025-05-05,Clearance Jacket - TOF - Interests,Broad Interests - Clearance Jacket,Creative A - Clearance Jacke,8.0,608,8,13.15,1.32,0,0.0
2025-05-05,2025-05-05,Last Season Dress - BOF - Retargeting,Website Visitors - Last Season Dress,DPA - Last Season Dre,11.14,852,21,13.08,2.58,1,14.99
2025-05-05,2025-05-05,Last Season Dress - TOF - Interests,Broad Interests - Last Season Dress,Creative A - Last Season Dre,25.99,1144,9,22.72,0.81,1,10.0
2025-05-05,2025-05-05,Plain Beanie - TOF - Interests,Broad Interests - Plain Beanie,Creative A - Plain Beanie,12.58,943,13,13.34,1.46,0,0.0
2025-05-05,2025-05-05,Premium Backpack - TOF - Interests,Broad Interests - Premium Backpack,Creative A - Premium Backpac,7.94,505,7,15.72,1.49,0,0.0
2025-05-05,2025-05-05,Running Shorts - TOF - Interests,Broad Interests - Running Shorts,Creative A - Running Shorts,12.84,561,4,22.89,0.87,0,0.0
2025-05-05,2025-05-05,Sample Sale Coat - TOF - Interests,Broad Interests - Sample Sale Coat,Creative A - Sample Sale Coa,11.77,643,8,18.3,1.36,0,0.0
2025-05-05,2025-05-05,Standard Lanyard - TOF - Interests,Broad Interests - Standard Lanyard,Creative A - Standard Lanyar,5.01,361,4,13.87,1.12,0,0.0
2025-05-06,2025-05-06,Baseball Cap - BOF - Retargeting,Website Visitors - Baseball Cap,DPA - Baseball Cap,4.48,358,8,12.51,2.33,1,17.99
2025-05-06,2025-05-06,Baseball Cap - TOF - Interests,Broad Interests - Baseball Cap,Creative A - Baseball Cap,10.45,870,7,12.01,0.86,1,12.0
2025-05-06,2025-05-06,Designer Sunglasses - TOF - Interests,Broad Interests - Designer Sunglasses,Creative A - Designer Sungla,4.74,234,2,20.24,1.2,0,0.0
2025-05-06,2025-05-06,Premium Backpack - BOF - Retargeting,Website Visitors - Premium Backpack,DPA - Premium Backpac,5.72,397,12,14.41,3.21,1,53.99
2025-05-06,2025-05-06,Premium Backpack - TOF - Interests,Broad Interests - Premium Backpack,Creative A - Premium Backpac,13.36,645,8,20.72,1.3,1,36.0
2025-05-06,2025-05-06,Standard Lanyard - TOF - Interests,Broad Interests - Standard Lanyard,Creative A - Standard Lanyar,12.16,728,6,16.7,0.88,0,0.0
2025-05-07,2025-05-07,Artisan Watch - TOF - Interests,Broad Interests - Artisan Watch,Creative A - Artisan Watch,7.47,425,5,17.58,1.3,0,0.0
2025-05-07,2025-05-07,Last Season Dress - TOF - Interests,Broad Interests - Last Season Dress,Creative A - Last Season Dre,26.18,1161,16,22.55,1.45,0,0.0
2025-05-07,2025-05-07,Overstock Pants - TOF - Interests,Broad Interests - Overstock Pants,Creative A - Overstock Pants,28.73,1542,15,18.63,1.01,0,0.0
2025-05-07,2025-05-07,Premium Backpack - BOF - Retargeting,Website Visitors - Premium Backpack,DPA - Premium Backpac,6.52,717,15,9.09,2.16,1,53.99
2025-05-07,2025-05-07,Premium Backpack - TOF - Interests,Broad Interests - Premium Backpack,Creative A - Premium Backpac,15.2,1071,11,14.19,1.12,1,36.0
2025-05-07,2025-05-07,Simple Keychain - TOF - Interests,Broad Interests - Simple Keychain,Creative A - Simple Keychain,6.61,496,5,13.33,1.19,0,0.0
2025-05-08,2025-05-08,Basic Phone Case - TOF - Interests,Broad Interests - Basic Phone Case,Creative A - Basic Phone Cas,7.26,328,3,22.13,1.2,0,0.0
2025-05-08,2025-05-08,Canvas Tote Bag - TOF - Interests,Broad Interests - Canvas Tote Bag,Creative A - Canvas Tote Bag,11.94,730,9,16.36,1.28,0,0.0
2025-05-08,2025-05-08,Last Season Dress - TOF - Interests,Broad Interests - Last Season Dress,Creative A - Last Season Dre,25.28,1116,11,22.65,1.03,0,0.0
2025-05-08,2025-05-08,Premium Backpack - TOF - Interests,Broad Interests - Premium Backpack,Creative A - Premium Backpac,6.27,517,5,12.13,1.03,0,0.0
2025-05-09,2025-05-09,Cashmere Sweater - BOF - Retargeting,Website Visitors - Cashmere Sweater,DPA - Cashmere Sweate,16.41,1499,47,10.95,3.18,1,143.99
2025-05-09,2025-05-09,Cashmere Sweater - TOF - Interests,Broad Interests - Cashmere Sweater,Creative A - Cashmere Sweate,38.29,1977,18,19.37,0.96,1,95.99
2025-05-09,2025-05-09,Clearance Jacket - TOF - Interests,Broad Interests - Clearance Jacket,Creative A - Clearance Jacke,26.89,1925,25,13.97,1.32,0,0.0
2025-05-09,2025-05-09,Designer Sunglasses - TOF - Interests,Broad Interests - Designer Sunglasses,Creative A - Designer Sungla,3.08,172,2,17.9,1.2,0,0.0
2025-05-09,2025-05-09,Discontinued Boots - BOF - Retargeting,Website Visitors - Discontinued Boots,DPA - Discontinued Bo,34.17,3919,155,8.72,3.96,1,47.99
2025-05-09,2025-05-09,Discontinued Boots - TOF - Interests,Broad Interests - Discontinued Boots,Creative A - Discontinued Bo,79.72,3844,33,20.74,0.87,1,31.99
2025-05-09,2025-05-09,Polo Shirt - BOF - Retargeting,Website Visitors - Polo Shirt,DPA - Polo Shirt,5.69,677,26,8.41,3.85,1,29.99
2025-05-09,2025-05-09,Polo Shirt - TOF - Interests,Broad Interests - Polo Shirt,Creative A - Polo Shirt,13.3,767,10,17.34,1.34,1,20.0
2025-05-09,2025-05-09,Simple Keychain - TOF - Interests,Broad Interests - Simple Keychain,Creative A - Simple Keychain,5.74,239,2,24.02,1.19,0,0.0
2025-05-09,2025-05-09,Standard Lanyard - BOF - Retargeting,Website Visitors - Standard Lanyard,DPA - Standard Lanyar,4.14,326,9,12.7,2.79,1,9.59
2025-05-09,2025-05-09,Standard Lanyard - TOF - Interests,Broad Interests - Standard Lanyard,Creative A - Standard Lanyar,9.68,443,5,21.84,1.16,1,6.39
2025-05-10,2025-05-10,Cashmere Sweater - BOF - Retargeting,Website Visitors - Cashmere Sweater,DPA - Cashmere Sweate,7.21,599,16,12.04,2.75,1,71.99
2025-05-10,2025-05-10,Cashmere Sweater - TOF - Interests,Broad Interests - Cashmere Sweater,Creative A - Cashmere Sweate,16.83,1108,12,15.19,1.14,1,48.0
2025-05-10,2025-05-10,Last Season Dress - TOF - Interests,Broad Interests - Last Season Dress,Creative A - Last Season Dre,21.51,1499,15,14.35,1.04,0,0.0
2025-05-10,2025-05-10,Sample Sale Coat - TOF - Interests,Broad Interests - Sample Sale Coat,Creative A - Sample Sale Coa,24.73,2037,21,12.14,1.04,0,0.0
2025-05-11,2025-05-11,Canvas Tote Bag - TOF - Interests,Broad Interests - Canvas Tote Bag,Creative A - Canvas Tote Bag,7.57,348,4,21.75,1.19,0,0.0
2025-05-11,2025-05-11,Clearance Jacket - BOF - Retargeting,Website Visitors - Clearance Jacket,DPA - Clearance Jacke,14.51,969,31,14.97,3.25,1,17.99
2025-05-11,2025-05-11,Clearance Jacket - TOF - Interests,Broad Interests - Clearance Jacket,Creative A - Clearance Jacke,33.87,1867,26,18.14,1.42,1,12.0
2025-05-11,2025-05-11,Last Season Dress - TOF - Interests,Broad Interests - Last Season Dress,Creative A - Last Season Dre,11.42,505,5,22.61,1.01,0,0.0
2025-05-11,2025-05-11,Overstock Pants - TOF - Interests,Broad Interests - Overstock Pants,Creative A - Overstock Pants,14.11,1100,15,12.83,1.39,0,0.0
2025-05-11,2025-05-11,Running Shorts - BOF - Retargeting,Website Visitors - Running Shorts,DPA - Running Shorts,8.35,696,15,11.99,2.19,1,41.99
2025-05-11,2025-05-11,Running Shorts - TOF - Interests,Broad Interests - Running Shorts,Creative A - Running Shorts,19.46,1403,12,13.87,0.86,1,27.99
2025-05-12,2025-05-12,Artisan Watch - BOF - Retargeting,Website Visitors - Artisan Watch,DPA - Artisan Watch,7.45,585,15,12.73,2.57,1,65.99
2025-05-12,2025-05-12,Artisan Watch - TOF - Interests,Broad Interests - Artisan Watch,Creative A - Artisan Watch,17.38,873,12,19.91,1.39,1,44.0
2025-05-12,2025-05-12,Basic Phone Case - TOF - Interests,Broad Interests - Basic Phone Case,Creative A - Basic Phone Cas,6.76,527,5,12.82,1.13,0,0.0
2025-05-12,2025-05-12,Discontinued Boots - TOF - Interests,Broad Interests - Discontinued Boots,Creative A - Discontinued Bo,16.39,718,6,22.83,0.85,0,0.0
2025-05-12,2025-05-12,Last Season Dress - TOF - Interests,Broad Interests - Last Season Dress,Creative A - Last Season Dre,12.25,807,7,15.18,0.97,0,0.0
2025-05-12,2025-05-12,Overstock Pants - BOF - Retargeting,Website Visitors - Overstock Pants,DPA - Overstock Pants,11.96,1412,29,8.47,2.08,1,11.99
2025-05-12,2025-05-12,Overstock Pants - TOF - Interests,Broad Interests - Overstock Pants,Creative A - Overstock Pants,27.89,1678,16,16.62,0.99,1,8.0
2025-05-12,2025-05-12,Premium Backpack - TOF - Interests,Broad Interests - Premium Backpack,Creative A - Premium Backpac,6.75,329,2,20.51,0.81,0,0.0
2025-05-12,2025-05-12,Premium Leather Bag - BOF - Retargeting,Website Visitors - Premium Leather Bag,DPA - Premium Leather,17.71,1843,59,9.61,3.23,1,143.99
2025-05-12,2025-05-12,Premium Leather Bag - TOF - Interests,Broad Interests - Premium Leather Bag,Creative A - Premium Leather,41.31,1695,13,24.37,0.82,1,95.99
2025-05-12,2025-05-12,Sample Sale Coat - TOF - Interests,Broad Interests - Sample Sale Coat,Creative A - Sample Sale Coa,12.48,521,5,23.95,1.09,0,0.0
2025-05-12,2025-05-12,Sample Sale Coat - TOF - Interests,Broad Interests - Sample Sale Coat,Creative A - Sample Sale Coa,11.9,706,8,16.85,1.24,0,0.0
2025-05-12,2025-05-12,Standard Lanyard - TOF - Interests,Broad Interests - Standard Lanyard,Creative A - Standard Lanyar,6.17,259,2,23.81,1.07,0,0.0
2025-05-13,2025-05-13,Designer Sunglasses - TOF - Interests,Broad Interests - Designer Sunglasses,Creative A - Designer Sungla,9.02,730,9,12.35,1.36,0,0.0
2025-05-13,2025-05-13,Last Season Dress - TOF - Interests,Broad Interests - Last Season Dress,Creative A - Last Season Dre,17.09,769,11,22.23,1.48,0,0.0
2025-05-13,2025-05-13,Overstock Pants - TOF - Interests,Broad Interests - Overstock Pants,Creative A - Overstock Pants,9.32,375,3,24.85,1.04,0,0.0
2025-05-13,2025-05-13,Plain Beanie - TOF - Interests,Broad Interests - Plain Beanie,Creative A - Plain Beanie,6.08,271,2,22.44,0.84,0,0.0
2025-05-13,2025-05-13,Polo Shirt - BOF - Retargeting,Website Visitors - Polo Shirt,DPA - Polo Shirt,5.87,596,13,9.85,2.28,1,29.99
2025-05-13,2025-05-13,Polo Shirt - TOF - Interests,Broad Interests - Polo Shirt,Creative A - Polo Shirt,13.7,721,7,19.0,1.05,1,20.0
2025-05-14,2025-05-14,Baseball Cap - TOF - Interests,Broad Interests - Baseball Cap,Creative A - Baseball Cap,5.55,401,5,13.83,1.36,0,0.0
2025-05-14,2025-05-14,Casual Jeans - TOF - Interests,Broad Interests - Casual Jeans,Creative A - Casual Jeans,7.87,340,4,23.14,1.38,0,0.0
2025-05-14,2025-05-14,Casual Jeans - TOF - Interests,Broad Interests - Casual Jeans,Creative A - Casual Jeans,9.76,433,5,22.55,1.26,0,0.0
2025-05-14,2025-05-14,Cotton Hoodie - TOF - Interests,Broad Interests - Cotton Hoodie,Creative A - Cotton Hoodie,13.63,698,8,19.53,1.17,0,0.0
2025-05-14,2025-05-14,Discontinued Boots - BOF - Retargeting,Website Visitors - Discontinued Boots,DPA - Discontinued Bo,35.84,4349,150,8.24,3.47,1,47.99
2025-05-14,2025-05-14,Discontinued Boots - TOF - Interests,Broad Interests - Discontinued Boots,Creative A - Discontinued Bo,83.59,3777,51,22.13,1.37,1,31.99
2025-05-14,2025-05-14,Simple Keychain - TOF - Interests,Broad Interests - Simple Keychain,Creative A - Simple Keychain,9.14,528,7,17.31,1.34,0,0.0
2025-05-14,2025-05-14,Simple Keychain - TOF - Interests,Broad Interests - Simple Keychain,Creative A - Simple Keychain,11.77,785,7,14.99,0.99,0,0.0
2025-05-15,2025-05-15,Baseball Cap - BOF - Retargeting,Website Visitors - Baseball Cap,DPA - Baseball Cap,8.79,1060,35,8.29,3.33,1,35.99
2025-05-15,2025-05-15,Baseball Cap - TOF - Interests,Broad Interests - Baseball Cap,Creative A - Baseball Cap,20.51,948,7,21.64,0.83,1,23.99
2025-05-15,2025-05-15,Basic Socks 3-Pack - TOF - Interests,Broad Interests - Basic Socks 3-Pack,Creative A - Basic Socks 3-P,14.82,899,12,16.49,1.41,0,0.0
2025-05-15,2025-05-15,Cashmere Sweater - BOF - Retargeting,Website Visitors - Cashmere Sweater,DPA - Cashmere Sweate,8.27,716,23,11.55,3.29,1,71.99
2025-05-15,2025-05-15,Cashmere Sweater - TOF - Interests,Broad Interests - Cashmere Sweater,Creative A - Cashmere Sweate,19.3,1270,11,15.2,0.87,1,48.0
2025-05-15,2025-05-15,Cashmere Sweater - TOF - Interests,Broad Interests - Cashmere Sweater,Creative A - Cashmere Sweate,3.03,191,2,15.86,1.08,0,0.0
2025-05-15,2025-05-15,Classic T-Shirt - TOF - Interests,Broad Interests - Classic T-Shirt,Creative A - Classic T-Shirt,7.23,492,4,14.69,0.89,0,0.0
2025-05-15,2025-05-15,Discontinued Boots - TOF - Interests,Broad Interests - Discontinued Boots,Creative A - Discontinued Bo,19.05,1023,10,18.62,1.07,0,0.0
2025-05-15,2025-05-15,Luxury Silk Scarf - BOF - Retargeting,Website Visitors - Luxury Silk Scarf,DPA - Luxury Silk Sca,11.41,1275,37,8.95,2.96,1,107.99
2025-05-15,2025-05-15,Luxury Silk Scarf - TOF - Interests,Broad Interests - Luxury Silk Scarf,Creative A - Luxury Silk Sca,26.62,1219,12,21.84,1.03,1,71.99
2025-05-15,2025-05-15,Sample Sale Coat - TOF - Interests,Broad Interests - Sample Sale Coat,Creative A - Sample Sale Coa,23.86,1888,16,12.64,0.88,0,0.0
2025-05-16,2025-05-16,Classic T-Shirt - TOF - Interests,Broad Interests - Classic T-Shirt,Creative A - Classic T-Shirt,14.83,1018,9,14.57,0.94,0,0.0
2025-05-16,2025-05-16,Clearance Jacket - TOF - Interests,Broad Interests - Clearance Jacket,Creative A - Clearance Jacke,19.44,785,8,24.76,1.13,0,0.0
2025-05-16,2025-05-16,Last Season Dress - TOF - Interests,Broad Interests - Last Season Dress,Creative A - Last Season Dre,21.86,916,10,23.86,1.16,0,0.0
2025-05-16,2025-05-16,Luxury Silk Scarf - TOF - Interests,Broad Interests - Luxury Silk Scarf,Creative A - Luxury Silk Sca,7.75,630,9,12.3,1.48,0,0.0
2025-05-16,2025-05-16,Plain Beanie - TOF - Interests,Broad Interests - Plain Beanie,Creative A - Plain Beanie,12.12,696,8,17.42,1.2,0,0.0
2025-05-16,2025-05-16,Running Shorts - TOF - Interests,Broad Interests - Running Shorts,Creative A - Running Shorts,9.12,440,6,20.73,1.44,0,0.0
2025-05-16,2025-05-16,Standard Lanyard - TOF - Interests,Broad Interests - Standard Lanyard,Creative A - Standard Lanyar,13.69,630,7,21.73,1.14,0,0.0
2025-05-17,2025-05-17,Baseball Cap - TOF - Interests,Broad Interests - Baseball Cap,Creative A - Baseball Cap,5.48,450,6,12.18,1.45,0,0.0
2025-05-17,2025-05-17,Clearance Jacket - TOF - Interests,Broad Interests - Clearance Jacket,Creative A - Clearance Jacke,9.72,456,4,21.31,0.99,0,0.0
2025-05-17,2025-05-17,Handcrafted Wallet - TOF - Interests,Broad Interests - Handcrafted Wallet,Creative A - Handcrafted Wal,8.42,556,6,15.14,1.09,0,0.0
2025-05-17,2025-05-17,Last Season Dress - TOF - Interests,Broad Interests - Last Season Dress,Creative A - Last Season Dre,21.11,864,8,24.43,0.97,0,0.0
2025-05-17,2025-05-17,Premium Backpack - BOF - Retargeting,Website Visitors - Premium Backpack,DPA - Premium Backpac,11.53,1046,40,11.02,3.9,1,107.99
2025-05-17,2025-05-17,Premium Backpack - TOF - Interests,Broad Interests - Premium Backpack,Creative A - Premium Backpac,26.91,1267,15,21.24,1.2,1,71.99
2025-05-18,2025-05-18,Cashmere Sweater - TOF - Interests,Broad Interests - Cashmere Sweater,Creative A - Cashmere Sweate,6.36,375,3,16.96,0.97,0,0.0
2025-05-18,2025-05-18,Casual Jeans - TOF - Interests,Broad Interests - Casual Jeans,Creative A - Casual Jeans,13.36,628,7,21.27,1.27,0,0.0
2025-05-18,2025-05-18,Clearance Jacket - TOF - Interests,Broad Interests - Clearance Jacket,Creative A - Clearance Jacke,22.15,1547,22,14.32,1.42,0,0.0
2025-05-18,2025-05-18,Luxury Silk Scarf - BOF - Retargeting,Website Visitors - Luxury Silk Scarf,DPA - Luxury Silk Sca,6.06,418,9,14.49,2.29,1,53.99
2025-05-18,2025-05-18,Luxury Silk Scarf - TOF - Interests,Broad Interests - Luxury Silk Scarf,Creative A - Luxury Silk Sca,14.13,574,8,24.61,1.44,1,36.0
2025-05-18,2025-05-18,Premium Leather Bag - BOF - Retargeting,Website Visitors - Premium Leather Bag,DPA - Premium Leather,8.72,1001,33,8.71,3.3,1,71.99
2025-05-18,2025-05-18,Premium Leather Bag - TOF - Interests,Broad Interests - Premium Leather Bag,Creative A - Premium Leather,20.35,1614,13,12.61,0.83,1,48.0
2025-05-18,2025-05-18,Running Shorts - TOF - Interests,Broad Interests - Running Shorts,Creative A - Running Shorts,13.68,890,7,15.37,0.86,0,0.0
2025-05-18,2025-05-18,Simple Keychain - TOF - Interests,Broad Interests - Simple Keychain,Creative A - Simple Keychain,9.25,706,10,13.1,1.42,0,0.0
2025-05-18,2025-05-18,Sport Sneakers - TOF - Interests,Broad Interests - Sport Sneakers,Creative A - Sport Sneakers,10.61,519,5,20.45,1.06,0,0.0
2025-05-19,2025-05-19,Basic Phone Case - BOF - Retargeting,Website Visitors - Basic Phone Case,DPA - Basic Phone Cas,3.28,242,8,13.56,3.66,1,7.79
2025-05-19,2025-05-19,Basic Phone Case - TOF - Interests,Broad Interests - Basic Phone Case,Creative A - Basic Phone Cas,7.67,459,6,16.72,1.34,1,5.2
2025-05-19,2025-05-19,Canvas Tote Bag - TOF - Interests,Broad Interests - Canvas Tote Bag,Creative A - Canvas Tote Bag,11.66,477,6,24.45,1.31,0,0.0
2025-05-19,2025-05-19,Cotton Hoodie - TOF - Interests,Broad Interests - Cotton Hoodie,Creative A - Cotton Hoodie,13.15,533,6,24.67,1.28,0,0.0
2025-05-19,2025-05-19,Discontinued Boots - TOF - Interests,Broad Interests - Discontinued Boots,Creative A - Discontinued Bo,11.84,745,6,15.89,0.82,0,0.0
2025-05-19,2025-05-19,Standard Lanyard - TOF - Interests,Broad Interests - Standard Lanyard,Creative A - Standard Lanyar,11.82,967,9,12.22,0.96,0,0.0
2025-05-20,2025-05-20,Baseball Cap - TOF - Interests,Broad Interests - Baseball Cap,Creative A - Baseball Cap,7.01,327,3,21.43,1.21,0,0.0
2025-05-20,2025-05-20,Cotton Hoodie - BOF - Retargeting,Website Visitors - Cotton Hoodie,DPA - Cotton Hoodie,10.67,1109,29,9.62,2.66,1,53.99
2025-05-20,2025-05-20,Cotton Hoodie - TOF - Interests,Broad Interests - Cotton Hoodie,Creative A - Cotton Hoodie,24.92,1835,18,13.58,1.01,1,35.99
2025-05-20,2025-05-20,Sample Sale Coat - TOF - Interests,Broad Interests - Sample Sale Coat,Creative A - Sample Sale Coa,12.27,518,4,23.69,0.84,0,0.0
2025-05-21,2025-05-21,Artisan Watch - BOF - Retargeting,Website Visitors - Artisan Watch,DPA - Artisan Watch,15.22,1028,26,14.81,2.57,1,131.99
2025-05-21,2025-05-21,Artisan Watch - TOF - Interests,Broad Interests - Artisan Watch,Creative A - Artisan Watch,35.55,2523,36,14.09,1.46,1,87.99
2025-05-21,2025-05-21,Basic Phone Case - TOF - Interests,Broad Interests - Basic Phone Case,Creative A - Basic Phone Cas,7.71,319,2,24.16,0.88,0,0.0
2025-05-21,2025-05-21,Basic Socks 3-Pack - TOF - Interests,Broad Interests - Basic Socks 3-Pack,Creative A - Basic Socks 3-P,5.56,368,5,15.11,1.47,0,0.0
2025-05-21,2025-05-21,Canvas Tote Bag - BOF - Retargeting,Website Visitors - Canvas Tote Bag,DPA - Canvas Tote Bag,9.29,688,14,13.51,2.13,1,47.99
2025-05-21,2025-05-21,Canvas Tote Bag - TOF - Interests,Broad Interests - Canvas Tote Bag,Creative A - Canvas Tote Bag,21.67,1210,11,17.91,0.99,1,31.99
2025-05-21,2025-05-21,Designer Sunglasses - TOF - Interests,Broad Interests - Designer Sunglasses,Creative A - Designer Sungla,7.3,314,3,23.24,1.14,0,0.0
2025-05-21,2025-05-21,Discontinued Boots - BOF - Retargeting,Website Visitors - Discontinued Boots,DPA - Discontinued Bo,38.53,4378,139,8.8,3.18,1,47.99
2025-05-21,2025-05-21,Discontinued Boots - TOF - Interests,Broad Interests - Discontinued Boots,Creative A - Discontinued Bo,89.91,4892,43,18.38,0.9,1,31.99
2025-05-21,2025-05-21,Last Season Dress - TOF - Interests,Broad Interests - Last Season Dress,Creative A - Last Season Dre,15.3,1171,16,13.07,1.42,0,0.0
2025-05-21,2025-05-21,Overstock Pants - TOF - Interests,Broad Interests - Overstock Pants,Creative A - Overstock Pants,19.29,796,8,24.23,1.1,0,0.0
2025-05-21,2025-05-21,Premium Backpack - TOF - Interests,Broad Interests - Premium Backpack,Creative A - Premium Backpac,3.66,190,2,19.24,1.29,0,0.0
2025-05-21,2025-05-21,Standard Lanyard - BOF - Retargeting,Website Visitors - Standard Lanyard,DPA - Standard Lanyar,4.74,420,14,11.28,3.42,1,9.59
2025-05-21,2025-05-21,Standard Lanyard - TOF - Interests,Broad Interests - Standard Lanyard,Creative A - Standard Lanyar,11.06,477,4,23.19,1.01,1,6.39
2025-05-22,2025-05-22,Artisan Watch - BOF - Retargeting,Website Visitors - Artisan Watch,DPA - Artisan Watch,7.62,511,11,14.91,2.34,1,65.99
2025-05-22,2025-05-22,Artisan Watch - TOF - Interests,Broad Interests - Artisan Watch,Creative A - Artisan Watch,17.77,1089,9,16.32,0.87,1,44.0
2025-05-22,2025-05-22,Luxury Silk Scarf - BOF - Retargeting,Website Visitors - Luxury Silk Scarf,DPA - Luxury Silk Sca,6.13,643,14,9.54,2.25,1,53.99
2025-05-22,2025-05-22,Luxury Silk Scarf - TOF - Interests,Broad Interests - Luxury Silk Scarf,Creative A - Luxury Silk Sca,14.32,1146,12,12.5,1.13,1,36.0
2025-05-22,2025-05-22,Polo Shirt - BOF - Retargeting,Website Visitors - Polo Shirt,DPA - Polo Shirt,12.97,1323,42,9.8,3.24,1,59.99
2025-05-22,2025-05-22,Polo Shirt - TOF - Interests,Broad Interests - Polo Shirt,Creative A - Polo Shirt,30.27,1436,19,21.08,1.33,1,39.99
2025-05-22,2025-05-22,Sample Sale Coat - TOF - Interests,Broad Interests - Sample Sale Coat,Creative A - Sample Sale Coa,19.08,948,9,20.13,1.0,0,0.0
2025-05-22,2025-05-22,Sport Sneakers - TOF - Interests,Broad Interests - Sport Sneakers,Creative A - Sport Sneakers,9.19,526,4,17.48,0.84,0,0.0
2025-05-23,2025-05-23,Classic T-Shirt - TOF - Interests,Broad Interests - Classic T-Shirt,Creative A - Classic T-Shirt,5.26,228,2,23.07,0.99,0,0.0
2025-05-23,2025-05-23,Luxury Belt - BOF - Retargeting,Website Visitors - Luxury Belt,DPA - Luxury Belt,10.78,967,37,11.15,3.93,1,95.99
2025-05-23,2025-05-23,Luxury Belt - TOF - Interests,Broad Interests - Luxury Belt,Creative A - Luxury Belt,25.16,1757,15,14.32,0.9,1,63.99
2025-05-23,2025-05-23,Polo Shirt - TOF - Interests,Broad Interests - Polo Shirt,Creative A - Polo Shirt,14.82,725,7,20.44,1.08,0,0.0
2025-05-23,2025-05-23,Premium Leather Bag - BOF - Retargeting,Website Visitors - Premium Leather Bag,DPA - Premium Leather,17.01,1432,37,11.88,2.6,1,143.99
2025-05-23,2025-05-23,Premium Leather Bag - TOF - Interests,Broad Interests - Premium Leather Bag,Creative A - Premium Leather,39.68,2918,25,13.6,0.86,1,95.99
2025-05-23,2025-05-23,Premium Leather Bag - TOF - Interests,Broad Interests - Premium Leather Bag,Creative A - Premium Leather,9.54,444,4,21.48,0.94,0,0.0
2025-05-23,2025-05-23,Sample Sale Coat - BOF - Retargeting,Website Visitors - Sample Sale Coat,DPA - Sample Sale Coa,19.95,1545,40,12.91,2.59,1,29.99
2025-05-23,2025-05-23,Sample Sale Coat - TOF - Interests,Broad Interests - Sample Sale Coat,Creative A - Sample Sale Coa,46.53,1976,20,23.55,1.02,1,20.0
2025-05-23,2025-05-23,Sport Sneakers - TOF - Interests,Broad Interests - Sport Sneakers,Creative A - Sport Sneakers,8.53,510,7,16.73,1.46,0,0.0
2025-05-24,2025-05-24,Basic Socks 3-Pack - TOF - Interests,Broad Interests - Basic Socks 3-Pack,Creative A - Basic Socks 3-P,13.47,1012,14,13.31,1.4,0,0.0
2025-05-24,2025-05-24,Cashmere Sweater - TOF - Interests,Broad Interests - Cashmere Sweater,Creative A - Cashmere Sweate,3.67,189,1,19.42,0.84,0,0.0
2025-05-24,2025-05-24,Designer Sunglasses - TOF - Interests,Broad Interests - Designer Sunglasses,Creative A - Designer Sungla,6.3,319,3,19.74,1.2,0,0.0
2025-05-24,2025-05-24,Simple Keychain - TOF - Interests,Broad Interests - Simple Keychain,Creative A - Simple Keychain,12.69,597,4,21.26,0.81,0,0.0
2025-05-25,2025-05-25,Basic Phone Case - BOF - Retargeting,Website Visitors - Basic Phone Case,DPA - Basic Phone Cas,8.05,650,18,12.38,2.88,1,15.59
2025-05-25,2025-05-25,Basic Phone Case - TOF - Interests,Broad Interests - Basic Phone Case,Creative A - Basic Phone Cas,18.79,1256,14,14.96,1.16,1,10.39
2025-05-25,2025-05-25,Basic Socks 3-Pack - TOF - Interests,Broad Interests - Basic Socks 3-Pack,Creative A - Basic Socks 3-P,6.64,301,4,22.07,1.44,0,0.0
2025-05-25,2025-05-25,Casual Jeans - BOF - Retargeting,Website Visitors - Casual Jeans,DPA - Casual Jeans,8.1,582,19,13.91,3.32,1,35.99
2025-05-25,2025-05-25,Casual Jeans - TOF - Interests,Broad Interests - Casual Jeans,Creative A - Casual Jeans,18.89,967,9,19.53,0.97,1,24.0
2025-05-25,2025-05-25,Classic T-Shirt - TOF - Interests,Broad Interests - Classic T-Shirt,Creative A - Classic T-Shirt,5.11,237,3,21.58,1.36,0,0.0
2025-05-25,2025-05-25,Clearance Jacket - TOF - Interests,Broad Interests - Clearance Jacket,Creative A - Clearance Jacke,13.38,655,8,20.42,1.3,0,0.0
2025-05-25,2025-05-25,Designer Sunglasses - BOF - Retargeting,Website Visitors - Designer Sunglasses,DPA - Designer Sungla,13.55,1561,34,8.68,2.18,1,119.99
2025-05-25,2025-05-25,Designer Sunglasses - TOF - Interests,Broad Interests - Designer Sunglasses,Creative A - Designer Sungla,31.63,2030,18,15.58,0.94,1,79.99
2025-05-25,2025-05-25,Last Season Dress - TOF - Interests,Broad Interests - Last Season Dress,Creative A - Last Season Dre,10.43,627,9,16.63,1.46,0,0.0
2025-05-25,2025-05-25,Luxury Belt - TOF - Interests,Broad Interests - Luxury Belt,Creative A - Luxury Belt,8.2,428,4,19.17,1.05,0,0.0
2025-05-25,2025-05-25,Premium Leather Bag - BOF - Retargeting,Website Visitors - Premium Leather Bag,DPA - Premium Leather,14.71,1201,38,12.25,3.24,1,143.99
2025-05-25,2025-05-25,Premium Leather Bag - TOF - Interests,Broad Interests - Premium Leather Bag,Creative A - Premium Leather,34.34,1793,24,19.15,1.39,1,95.99
2025-05-26,2025-05-26,Classic T-Shirt - BOF - Retargeting,Website Visitors - Classic T-Shirt,DPA - Classic T-Shirt,11.34,940,24,12.06,2.63,1,59.99
2025-05-26,2025-05-26,Classic T-Shirt - TOF - Interests,Broad Interests - Classic T-Shirt,Creative A - Classic T-Shirt,26.44,2053,18,12.88,0.91,1,39.99
2025-05-26,2025-05-26,Classic T-Shirt - TOF - Interests,Broad Interests - Classic T-Shirt,Creative A - Classic T-Shirt,9.44,411,5,22.97,1.27,0,0.0
2025-05-26,2025-05-26,Handcrafted Wallet - BOF - Retargeting,Website Visitors - Handcrafted Wallet,DPA - Handcrafted Wal,11.83,918,27,12.89,3.01,1,95.99
2025-05-26,2025-05-26,Handcrafted Wallet - TOF - Interests,Broad Interests - Handcrafted Wallet,Creative A - Handcrafted Wal,27.63,2071,28,13.34,1.39,1,63.99
2025-05-26,2025-05-26,Simple Keychain - TOF - Interests,Broad Interests - Simple Keychain,Creative A - Simple Keychain,14.34,715,8,20.06,1.15,0,0.0
2025-05-27,2025-05-27,Casual Jeans - TOF - Interests,Broad Interests - Casual Jeans,Creative A - Casual Jeans,7.13,380,3,18.77,1.05,0,0.0
2025-05-27,2025-05-27,Cotton Hoodie - TOF - Interests,Broad Interests - Cotton Hoodie,Creative A - Cotton Hoodie,8.1,445,4,18.2,0.91,0,0.0
2025-05-27,2025-05-27,Luxury Belt - TOF - Interests,Broad Interests - Luxury Belt,Creative A - Luxury Belt,8.59,350,4,24.54,1.39,0,0.0
2025-05-27,2025-05-27,Premium Leather Bag - BOF - Retargeting,Website Visitors - Premium Leather Bag,DPA - Premium Leather,8.92,780,17,11.43,2.26,1,71.99
2025-05-27,2025-05-27,Premium Leather Bag - TOF - Interests,Broad Interests - Premium Leather Bag,Creative A - Premium Leather,20.8,1037,11,20.06,1.08,1,48.0
2025-05-27,2025-05-27,Running Shorts - TOF - Interests,Broad Interests - Running Shorts,Creative A - Running Shorts,8.02,398,4,20.15,1.1,0,0.0
2025-05-27,2025-05-27,Standard Lanyard - BOF - Retargeting,Website Visitors - Standard Lanyard,DPA - Standard Lanyar,4.91,585,14,8.39,2.43,1,9.59
2025-05-27,2025-05-27,Standard Lanyard - TOF - Interests,Broad Interests - Standard Lanyard,Creative A - Standard Lanyar,11.47,889,8,12.9,0.91,1,6.39
2025-05-28,2025-05-28,Artisan Watch - TOF - Interests,Broad Interests - Artisan Watch,Creative A - Artisan Watch,4.96,318,4,15.59,1.4,0,0.0
2025-05-28,2025-05-28,Canvas Tote Bag - TOF - Interests,Broad Interests - Canvas Tote Bag,Creative A - Canvas Tote Bag,5.17,247,2,20.93,1.18,0,0.0
2025-05-28,2025-05-28,Casual Jeans - TOF - Interests,Broad Interests - Casual Jeans,Creative A - Casual Jeans,12.7,702,7,18.09,1.13,0,0.0
2025-05-28,2025-05-28,Clearance Jacket - TOF - Interests,Broad Interests - Clearance Jacket,Creative A - Clearance Jacke,18.88,1384,16,13.64,1.23,0,0.0
2025-05-28,2025-05-28,Discontinued Boots - TOF - Interests,Broad Interests - Discontinued Boots,Creative A - Discontinued Bo,21.36,1099,16,19.44,1.48,0,0.0
2025-05-28,2025-05-28,Last Season Dress - TOF - Interests,Broad Interests - Last Season Dress,Creative A - Last Season Dre,9.1,371,5,24.52,1.39,0,0.0
2025-05-28,2025-05-28,Overstock Pants - BOF - Retargeting,Website Visitors - Overstock Pants,DPA - Overstock Pants,10.65,845,32,12.6,3.8,1,11.99
2025-05-28,2025-05-28,Overstock Pants - TOF - Interests,Broad Interests - Overstock Pants,Creative A - Overstock Pants,24.85,1057,9,23.51,0.86,1,8.0
2025-05-28,2025-05-28,Plain Beanie - TOF - Interests,Broad Interests - Plain Beanie,Creative A - Plain Beanie,14.49,688,6,21.06,0.96,0,0.0
2025-05-28,2025-05-28,Premium Leather Bag - BOF - Retargeting,Website Visitors - Premium Leather Bag,DPA - Premium Leather,8.24,732,22,11.25,3.11,1,71.99
2025-05-28,2025-05-28,Premium Leather Bag - TOF - Interests,Broad Interests - Premium Leather Bag,Creative A - Premium Leather,19.2,1587,23,12.1,1.5,1,48.0
2025-05-28,2025-05-28,Standard Lanyard - TOF - Interests,Broad Interests - Standard Lanyard,Creative A - Standard Lanyar,8.51,398,5,21.37,1.44,0,0.0
2025-05-29,2025-05-29,Clearance Jacket - TOF - Interests,Broad Interests - Clearance Jacket,Creative A - Clearance Jacke,8.76,385,3,22.76,0.83,0,0.0
2025-05-29,2025-05-29,Last Season Dress - BOF - Retargeting,Website Visitors - Last Season Dress,DPA - Last Season Dre,25.88,2089,56,12.39,2.7,1,29.99
2025-05-29,2025-05-29,Last Season Dress - TOF - Interests,Broad Interests - Last Season Dress,Creative A - Last Season Dre,60.4,2598,30,23.25,1.17,1,19.99
2025-05-29,2025-05-29,Polo Shirt - TOF - Interests,Broad Interests - Polo Shirt,Creative A - Polo Shirt,11.8,696,6,16.96,0.97,0,0.0
2025-05-29,2025-05-29,Polo Shirt - TOF - Interests,Broad Interests - Polo Shirt,Creative A - Polo Shirt,14.82,1182,13,12.54,1.13,0,0.0
2025-05-30,2025-05-30,Cotton Hoodie - TOF - Interests,Broad Interests - Cotton Hoodie,Creative A - Cotton Hoodie,9.78,395,4,24.77,1.16,0,0.0
2025-05-30,2025-05-30,Discontinued Boots - BOF - Retargeting,Website Visitors - Discontinued Boots,DPA - Discontinued Bo,39.88,3548,137,11.24,3.87,1,47.99
2025-05-30,2025-05-30,Discontinued Boots - TOF - Interests,Broad Interests - Discontinued Boots,Creative A - Discontinued Bo,93.06,7104,70,13.1,0.99,1,31.99
2025-05-30,2025-05-30,Discontinued Boots - TOF - Interests,Broad Interests - Discontinued Boots,Creative A - Discontinued Bo,22.19,1600,18,13.87,1.14,0,0.0
2025-05-30,2025-05-30,Last Season Dress - TOF - Interests,Broad Interests - Last Season Dress,Creative A - Last Season Dre,19.91,1347,19,14.78,1.43,0,0.0
2025-05-30,2025-05-30,Sample Sale Coat - TOF - Interests,Broad Interests - Sample Sale Coat,Creative A - Sample Sale Coa,8.58,457,6,18.77,1.32,0,0.0
2025-05-30,2025-05-30,Simple Keychain - TOF - Interests,Broad Interests - Simple Keychain,Creative A - Simple Keychain,5.1,270,3,18.9,1.24,0,0.0
2025-05-30,2025-05-30,Standard Lanyard - TOF - Interests,Broad Interests - Standard Lanyard,Creative A - Standard Lanyar,5.98,381,3,15.69,0.83,0,0.0
2025-05-31,2025-05-31,Cashmere Sweater - BOF - Retargeting,Website Visitors - Cashmere Sweater,DPA - Cashmere Sweate,17.42,1585,61,10.99,3.89,1,143.99
2025-05-31,2025-05-31,Cashmere Sweater - TOF - Interests,Broad Interests - Cashmere Sweater,Creative A - Cashmere Sweate,40.66,3377,30,12.04,0.9,1,95.99
2025-05-31,2025-05-31,Luxury Belt - TOF - Interests,Broad Interests - Luxury Belt,Creative A - Luxury Belt,8.92,407,4,21.91,1.01,0,0.0
2025-05-31,2025-05-31,Overstock Pants - TOF - Interests,Broad Interests - Overstock Pants,Creative A - Overstock Pants,15.54,1059,11,14.67,1.04,0,0.0
2025-05-31,2025-05-31,Plain Beanie - TOF - Interests,Broad Interests - Plain Beanie,Creative A - Plain Beanie,11.35,526,5,21.57,0.97,0,0.0
2025-05-31,2025-05-31,Simple Keychain - TOF - Interests,Broad Interests - Simple Keychain,Creative A - Simple Keychain,8.32,398,3,20.9,0.82,0,0.0
2025-06-01,2025-06-01,Baseball Cap - TOF - Interests,Broad Interests - Baseball Cap,Creative A - Baseball Cap,5.24,419,3,12.51,0.95,0,0.0
2025-06-01,2025-06-01,Casual Jeans - BOF - Retargeting,Website Visitors - Casual Jeans,DPA - Casual Jeans,16.43,1101,40,14.92,3.72,1,71.99
2025-06-01,2025-06-01,Casual Jeans - TOF - Interests,Broad Interests - Casual Jeans,Creative A - Casual Jeans,38.33,2848,36,13.46,1.27,1,47.99
2025-06-01,2025-06-01,Discontinued Boots - TOF - Interests,Broad Interests - Discontinued Boots,Creative A - Discontinued Bo,21.4,1303,12,16.42,0.93,0,0.0
2025-06-01,2025-06-01,Standard Lanyard - TOF - Interests,Broad Interests - Standard Lanyard,Creative A - Standard Lanyar,8.21,335,2,24.5,0.87,0,0.0
2025-06-02,2025-06-02,Artisan Watch - BOF - Retargeting,Website Visitors - Artisan Watch,DPA - Artisan Watch,7.54,572,21,13.18,3.74,1,65.99
2025-06-02,2025-06-02,Artisan Watch - TOF - Interests,Broad Interests - Artisan Watch,Creative A - Artisan Watch,17.59,1046,14,16.82,1.42,1,44.0
2025-06-02,2025-06-02,Basic Socks 3-Pack - TOF - Interests,Broad Interests - Basic Socks 3-Pack,Creative A - Basic Socks 3-P,7.11,570,4,12.47,0.86,0,0.0
2025-06-02,2025-06-02,Cashmere Sweater - TOF - Interests,Broad Interests - Cashmere Sweater,Creative A - Cashmere Sweate,7.98,369,4,21.63,1.29,0,0.0
2025-06-02,2025-06-02,Cashmere Sweater - TOF - Interests,Broad Interests - Cashmere Sweater,Creative A - Cashmere Sweate,8.36,487,4,17.16,0.95,0,0.0
2025-06-02,2025-06-02,Casual Jeans - TOF - Interests,Broad Interests - Casual Jeans,Creative A - Casual Jeans,13.01,864,7,15.06,0.91,0,0.0
2025-06-02,2025-06-02,Clearance Jacket - TOF - Interests,Broad Interests - Clearance Jacket,Creative A - Clearance Jacke,18.62,1011,14,18.42,1.39,0,0.0
2025-06-02,2025-06-02,Discontinued Boots - TOF - Interests,Broad Interests - Discontinued Boots,Creative A - Discontinued Bo,18.95,1265,17,14.98,1.39,0,0.0
2025-06-02,2025-06-02,Last Season Dress - TOF - Interests,Broad Interests - Last Season Dress,Creative A - Last Season Dre,15.69,880,12,17.83,1.43,0,0.0
2025-06-02,2025-06-02,Sample Sale Coat - TOF - Interests,Broad Interests - Sample Sale Coat,Creative A - Sample Sale Coa,29.95,1898,18,15.78,0.99,0,0.0
2025-06-02,2025-06-02,Sport Sneakers - TOF - Interests,Broad Interests - Sport Sneakers,Creative A - Sport Sneakers,5.01,234,2,21.41,1.12,0,0.0
2025-06-03,2025-06-03,Basic Socks 3-Pack - TOF - Interests,Broad Interests - Basic Socks 3-Pack,Creative A - Basic Socks 3-P,11.95,924,9,12.93,1.03,0,0.0
2025-06-03,2025-06-03,Canvas Tote Bag - TOF - Interests,Broad Interests - Canvas Tote Bag,Creative A - Canvas Tote Bag,12.51,800,10,15.64,1.29,0,0.0
2025-06-03,2025-06-03,Designer Sunglasses - TOF - Interests,Broad Interests - Designer Sunglasses,Creative A - Designer Sungla,9.9,653,5,15.16,0.91,0,0.0
2025-06-03,2025-06-03,Luxury Belt - BOF - Retargeting,Website Visitors - Luxury Belt,DPA - Luxury Belt,5.97,737,27,8.1,3.71,1,47.99
2025-06-03,2025-06-03,Luxury Belt - TOF - Interests,Broad Interests - Luxury Belt,Creative A - Luxury Belt,13.94,898,7,15.52,0.8,1,32.0
2025-06-03,2025-06-03,Overstock Pants - TOF - Interests,Broad Interests - Overstock Pants,Creative A - Overstock Pants,9.47,713,6,13.28,0.95,0,0.0
2025-06-03,2025-06-03,Sample Sale Coat - TOF - Interests,Broad Interests - Sample Sale Coat,Creative A - Sample Sale Coa,12.93,1015,8,12.74,0.88,0,0.0
2025-06-04,2025-06-04,Artisan Watch - BOF - Retargeting,Website Visitors - Artisan Watch,DPA - Artisan Watch,7.81,653,24,11.96,3.81,1,65.99
2025-06-04,2025-06-04,Artisan Watch - TOF - Interests,Broad Interests - Artisan Watch,Creative A - Artisan Watch,18.22,729,10,24.99,1.39,1,44.0
2025-06-04,2025-06-04,Artisan Watch - TOF - Interests,Broad Interests - Artisan Watch,Creative A - Artisan Watch,4.36,252,3,17.32,1.3,0,0.0
2025-06-04,2025-06-04,Canvas Tote Bag - TOF - Interests,Broad Interests - Canvas Tote Bag,Creative A - Canvas Tote Bag,8.76,642,9,13.64,1.4,0,0.0
2025-06-04,2025-06-04,Casual Jeans - TOF - Interests,Broad Interests - Casual Jeans,Creative A - Casual Jeans,12.71,1021,10,12.45,1.01,0,0.0
2025-06-04,2025-06-04,Clearance Jacket - TOF - Interests,Broad Interests - Clearance Jacket,Creative A - Clearance Jacke,19.71,1253,12,15.73,1.02,0,0.0
2025-06-04,2025-06-04,Clearance Jacket - TOF - Interests,Broad Interests - Clearance Jacket,Creative A - Clearance Jacke,18.05,805,10,22.42,1.3,0,0.0
2025-06-04,2025-06-04,Discontinued Boots - TOF - Interests,Broad Interests - Discontinued Boots,Creative A - Discontinued Bo,25.56,1580,14,16.18,0.89,0,0.0
2025-06-04,2025-06-04,Last Season Dress - TOF - Interests,Broad Interests - Last Season Dress,Creative A - Last Season Dre,24.72,1713,23,14.43,1.35,0,0.0
2025-06-04,2025-06-04,Plain Beanie - TOF - Interests,Broad Interests - Plain Beanie,Creative A - Plain Beanie,5.66,397,4,14.25,1.01,0,0.0
2025-06-04,2025-06-04,Standard Lanyard - TOF - Interests,Broad Interests - Standard Lanyard,Creative A - Standard Lanyar,5.17,237,2,21.81,0.9,0,0.0
2025-06-05,2025-06-05,Baseball Cap - BOF - Retargeting,Website Visitors - Baseball Cap,DPA - Baseball Cap,3.21,271,9,11.83,3.56,1,17.99
2025-06-05,2025-06-05,Baseball Cap - TOF - Interests,Broad Interests - Baseball Cap,Creative A - Baseball Cap,7.49,310,2,24.15,0.82,1,12.0
2025-06-05,2025-06-05,Luxury Silk Scarf - BOF - Retargeting,Website Visitors - Luxury Silk Scarf,DPA - Luxury Silk Sca,12.32,852,31,14.46,3.73,1,107.99
2025-06-05,2025-06-05,Luxury Silk Scarf - TOF - Interests,Broad Interests - Luxury Silk Scarf,Creative A - Luxury Silk Sca,28.77,1662,20,17.31,1.25,1,71.99
2025-06-05,2025-06-05,Overstock Pants - BOF - Retargeting,Website Visitors - Overstock Pants,DPA - Overstock Pants,23.59,2364,77,9.98,3.27,1,23.99
2025-06-05,2025-06-05,Overstock Pants - TOF - Interests,Broad Interests - Overstock Pants,Creative A - Overstock Pants,55.05,4225,40,13.03,0.96,1,15.99
2025-06-05,2025-06-05,Simple Keychain - TOF - Interests,Broad Interests - Simple Keychain,Creative A - Simple Keychain,5.96,442,5,13.49,1.28,0,0.0
2025-06-06,2025-06-06,Basic Socks 3-Pack - TOF - Interests,Broad Interests - Basic Socks 3-Pack,Creative A - Basic Socks 3-P,12.08,619,6,19.51,1.12,0,0.0
2025-06-06,2025-06-06,Discontinued Boots - BOF - Retargeting,Website Visitors - Discontinued Boots,DPA - Discontinued Bo,48.63,5642,144,8.62,2.57,2,71.98
2025-06-06,2025-06-06,Discontinued Boots - TOF - Interests,Broad Interests - Discontinued Boots,Creative A - Discontinued Bo,113.49,8476,102,13.39,1.2,1,47.99
2025-06-06,2025-06-06,Overstock Pants - TOF - Interests,Broad Interests - Overstock Pants,Creative A - Overstock Pants,22.7,1005,13,22.59,1.39,0,0.0
2025-06-06,2025-06-06,Polo Shirt - TOF - Interests,Broad Interests - Polo Shirt,Creative A - Polo Shirt,13.99,822,6,17.02,0.8,0,0.0
2025-06-06,2025-06-06,Sport Sneakers - BOF - Retargeting,Website Visitors - Sport Sneakers,DPA - Sport Sneakers,6.35,747,17,8.5,2.3,1,32.99
2025-06-06,2025-06-06,Sport Sneakers - TOF - Interests,Broad Interests - Sport Sneakers,Creative A - Sport Sneakers,14.83,903,11,16.42,1.28,1,22.0
2025-06-07,2025-06-07,Artisan Watch - BOF - Retargeting,Website Visitors - Artisan Watch,DPA - Artisan Watch,14.81,1280,31,11.57,2.43,1,131.99
2025-06-07,2025-06-07,Artisan Watch - TOF - Interests,Broad Interests - Artisan Watch,Creative A - Artisan Watch,34.55,2212,29,15.62,1.31,1,87.99
2025-06-07,2025-06-07,Canvas Tote Bag - TOF - Interests,Broad Interests - Canvas Tote Bag,Creative A - Canvas Tote Bag,12.84,654,8,19.63,1.3,0,0.0
2025-06-07,2025-06-07,Clearance Jacket - TOF - Interests,Broad Interests - Clearance Jacket,Creative A - Clearance Jacke,22.71,1014,12,22.4,1.25,0,0.0
2025-06-07,2025-06-07,Last Season Dress - TOF - Interests,Broad Interests - Last Season Dress,Creative A - Last Season Dre,28.49,1226,14,23.24,1.21,0,0.0
2025-06-07,2025-06-07,Plain Beanie - TOF - Interests,Broad Interests - Plain Beanie,Creative A - Plain Beanie,9.99,418,5,23.91,1.28,0,0.0
2025-06-07,2025-06-07,Polo Shirt - TOF - Interests,Broad Interests - Polo Shirt,Creative A - Polo Shirt,7.54,555,6,13.58,1.22,0,0.0
2025-06-07,2025-06-07,Premium Backpack - TOF - Interests,Broad Interests - Premium Backpack,Creative A - Premium Backpac,4.97,333,4,14.93,1.4,0,0.0
2025-06-07,2025-06-07,Sample Sale Coat - TOF - Interests,Broad Interests - Sample Sale Coat,Creative A - Sample Sale Coa,18.3,867,12,21.11,1.47,0,0.0
2025-06-07,2025-06-07,Sport Sneakers - TOF - Interests,Broad Interests - Sport Sneakers,Creative A - Sport Sneakers,7.42,347,3,21.37,0.99,0,0.0
2025-06-08,2025-06-08,Basic Socks 3-Pack - BOF - Retargeting,Website Visitors - Basic Socks 3-Pack,DPA - Basic Socks 3-P,6.6,653,22,10.1,3.44,1,11.99
2025-06-08,2025-06-08,Basic Socks 3-Pack - TOF - Interests,Broad Interests - Basic Socks 3-Pack,Creative A - Basic Socks 3-P,15.39,1135,16,13.56,1.48,1,8.0
2025-06-08,2025-06-08,Classic T-Shirt - TOF - Interests,Broad Interests - Classic T-Shirt,Creative A - Classic T-Shirt,7.62,446,5,17.09,1.2,0,0.0
2025-06-08,2025-06-08,Handcrafted Wallet - TOF - Interests,Broad Interests - Handcrafted Wallet,Creative A - Handcrafted Wal,3.88,208,1,18.63,0.81,0,0.0
2025-06-08,2025-06-08,Luxury Belt - TOF - Interests,Broad Interests - Luxury Belt,Creative A - Luxury Belt,8.59,581,7,14.78,1.25,0,0.0
2025-06-08,2025-06-08,Premium Backpack - TOF - Interests,Broad Interests - Premium Backpack,Creative A - Premium Backpac,4.11,316,3,13.01,1.21,0,0.0
2025-06-08,2025-06-08,Simple Keychain - TOF - Interests,Broad Interests - Simple Keychain,Creative A - Simple Keychain,7.42,312,2,23.79,0.8,0,0.0
2025-06-08,2025-06-08,Sport Sneakers - TOF - Interests,Broad Interests - Sport Sneakers,Creative A - Sport Sneakers,5.6,260,2,21.55,0.82,0,0.0
2025-06-08,2025-06-08,Sport Sneakers - TOF - Interests,Broad Interests - Sport Sneakers,Creative A - Sport Sneakers,5.16,275,3,18.75,1.45,0,0.0
2025-06-09,2025-06-09,Basic Phone Case - TOF - Interests,Broad Interests - Basic Phone Case,Creative A - Basic Phone Cas,13.19,581,8,22.71,1.47,0,0.0
2025-06-09,2025-06-09,Basic Phone Case - TOF - Interests,Broad Interests - Basic Phone Case,Creative A - Basic Phone Cas,14.03,720,7,19.48,1.06,0,0.0
2025-06-09,2025-06-09,Basic Socks 3-Pack - TOF - Interests,Broad Interests - Basic Socks 3-Pack,Creative A - Basic Socks 3-P,13.62,887,10,15.35,1.13,0,0.0
2025-06-09,2025-06-09,Clearance Jacket - TOF - Interests,Broad Interests - Clearance Jacket,Creative A - Clearance Jacke,24.0,1387,19,17.3,1.39,0,0.0
2025-06-09,2025-06-09,Cotton Hoodie - TOF - Interests,Broad Interests - Cotton Hoodie,Creative A - Cotton Hoodie,6.7,341,4,19.65,1.31,0,0.0
2025-06-09,2025-06-09,Designer Sunglasses - TOF - Interests,Broad Interests - Designer Sunglasses,Creative A - Designer Sungla,3.19,145,1,21.98,1.25,0,0.0
2025-06-09,2025-06-09,Last Season Dress - TOF - Interests,Broad Interests - Last Season Dress,Creative A - Last Season Dre,13.7,585,8,23.42,1.47,0,0.0
2025-06-09,2025-06-09,Luxury Silk Scarf - TOF - Interests,Broad Interests - Luxury Silk Scarf,Creative A - Luxury Silk Sca,8.08,496,4,16.29,0.81,0,0.0
2025-06-09,2025-06-09,Overstock Pants - BOF - Retargeting,Website Visitors - Overstock Pants,DPA - Overstock Pants,11.44,1307,43,8.75,3.3,1,11.99
2025-06-09,2025-06-09,Overstock Pants - TOF - Interests,Broad Interests - Overstock Pants,Creative A - Overstock Pants,26.66,1091,9,24.44,0.87,1,8.0
2025-06-09,2025-06-09,Plain Beanie - TOF - Interests,Broad Interests - Plain Beanie,Creative A - Plain Beanie,9.5,426,6,22.31,1.46,0,0.0
2025-06-10,2025-06-10,Basic Phone Case - TOF - Interests,Broad Interests - Basic Phone Case,Creative A - Basic Phone Cas,8.54,484,4,17.65,0.91,0,0.0
2025-06-10,2025-06-10,Basic Socks 3-Pack - BOF - Retargeting,Website Visitors - Basic Socks 3-Pack,DPA - Basic Socks 3-P,5.36,479,18,11.19,3.95,1,11.99
2025-06-10,2025-06-10,Basic Socks 3-Pack - TOF - Interests,Broad Interests - Basic Socks 3-Pack,Creative A - Basic Socks 3-P,12.51,1034,8,12.1,0.84,1,8.0
2025-06-10,2025-06-10,Last Season Dress - BOF - Retargeting,Website Visitors - Last Season Dress,DPA - Last Season Dre,20.6,2247,62,9.17,2.76,1,29.99
2025-06-10,2025-06-10,Last Season Dress - TOF - Interests,Broad Interests - Last Season Dress,Creative A - Last Season Dre,48.06,1952,23,24.62,1.19,1,19.99
2025-06-10,2025-06-10,Luxury Silk Scarf - TOF - Interests,Broad Interests - Luxury Silk Scarf,Creative A - Luxury Silk Sca,5.55,347,4,15.99,1.2,0,0.0
2025-06-10,2025-06-10,Polo Shirt - TOF - Interests,Broad Interests - Polo Shirt,Creative A - Polo Shirt,13.29,867,10,15.33,1.22,0,0.0
2025-06-11,2025-06-11,Baseball Cap - BOF - Retargeting,Website Visitors - Baseball Cap,DPA - Baseball Cap,3.63,429,9,8.46,2.26,1,17.99
2025-06-11,2025-06-11,Baseball Cap - TOF - Interests,Broad Interests - Baseball Cap,Creative A - Baseball Cap,8.48,644,7,13.17,1.21,1,12.0
2025-06-11,2025-06-11,Cashmere Sweater - TOF - Interests,Broad Interests - Cashmere Sweater,Creative A - Cashmere Sweate,9.08,581,6,15.62,1.15,0,0.0
2025-06-11,2025-06-11,Discontinued Boots - TOF - Interests,Broad Interests - Discontinued Boots,Creative A - Discontinued Bo,29.33,2392,23,12.26,1.0,0,0.0
2025-06-11,2025-06-11,Premium Backpack - TOF - Interests,Broad Interests - Premium Backpack,Creative A - Premium Backpac,7.92,470,3,16.85,0.82,0,0.0
2025-06-11,2025-06-11,Running Shorts - TOF - Interests,Broad Interests - Running Shorts,Creative A - Running Shorts,10.55,430,5,24.54,1.31,0,0.0
2025-06-12,2025-06-12,Basic Socks 3-Pack - TOF - Interests,Broad Interests - Basic Socks 3-Pack,Creative A - Basic Socks 3-P,6.74,390,5,17.29,1.36,0,0.0
2025-06-12,2025-06-12,Casual Jeans - TOF - Interests,Broad Interests - Casual Jeans,Creative A - Casual Jeans,10.98,603,4,18.21,0.81,0,0.0
2025-06-12,2025-06-12,Clearance Jacket - TOF - Interests,Broad Interests - Clearance Jacket,Creative A - Clearance Jacke,22.76,1409,17,16.15,1.26,0,0.0
2025-06-12,2025-06-12,Cotton Hoodie - TOF - Interests,Broad Interests - Cotton Hoodie,Creative A - Cotton Hoodie,5.3,337,4,15.73,1.4,0,0.0
2025-06-12,2025-06-12,Discontinued Boots - TOF - Interests,Broad Interests - Discontinued Boots,Creative A - Discontinued Bo,15.47,964,10,16.05,1.14,0,0.0
2025-06-12,2025-06-12,Last Season Dress - TOF - Interests,Broad Interests - Last Season Dress,Creative A - Last Season Dre,10.28,632,9,16.27,1.47,0,0.0
2025-06-13,2025-06-13,Cotton Hoodie - TOF - Interests,Broad Interests - Cotton Hoodie,Creative A - Cotton Hoodie,5.07,299,3,16.95,1.31,0,0.0
2025-06-13,2025-06-13,Discontinued Boots - BOF - Retargeting,Website Visitors - Discontinued Boots,DPA - Discontinued Bo,17.51,1657,50,10.57,3.03,1,23.99
2025-06-13,2025-06-13,Discontinued Boots - TOF - Interests,Broad Interests - Discontinued Boots,Creative A - Discontinued Bo,40.88,3125,25,13.08,0.83,1,16.0
2025-06-13,2025-06-13,Polo Shirt - TOF - Interests,Broad Interests - Polo Shirt,Creative A - Polo Shirt,14.48,846,11,17.11,1.39,0,0.0
2025-06-13,2025-06-13,Polo Shirt - TOF - Interests,Broad Interests - Polo Shirt,Creative A - Polo Shirt,13.1,609,8,21.51,1.35,0,0.0
2025-06-13,2025-06-13,Premium Leather Bag - TOF - Interests,Broad Interests - Premium Leather Bag,Creative A - Premium Leather,8.07,391,5,20.65,1.41,0,0.0
2025-06-14,2025-06-14,Canvas Tote Bag - TOF - Interests,Broad Interests - Canvas Tote Bag,Creative A - Canvas Tote Bag,7.77,486,4,15.99,0.85,0,0.0
2025-06-14,2025-06-14,Casual Jeans - BOF - Retargeting,Website Visitors - Casual Jeans,DPA - Casual Jeans,16.59,1140,34,14.55,3.06,1,71.99
2025-06-14,2025-06-14,Casual Jeans - TOF - Interests,Broad Interests - Casual Jeans,Creative A - Casual Jeans,38.72,1674,15,23.13,0.93,1,47.99
2025-06-14,2025-06-14,Classic T-Shirt - TOF - Interests,Broad Interests - Classic T-Shirt,Creative A - Classic T-Shirt,14.45,1098,12,13.16,1.16,0,0.0
2025-06-14,2025-06-14,Discontinued Boots - TOF - Interests,Broad Interests - Discontinued Boots,Creative A - Discontinued Bo,13.01,643,8,20.23,1.26,0,0.0
2025-06-14,2025-06-14,Luxury Silk Scarf - TOF - Interests,Broad Interests - Luxury Silk Scarf,Creative A - Luxury Silk Sca,8.92,366,3,24.37,0.9,0,0.0
2025-06-14,2025-06-14,Plain Beanie - TOF - Interests,Broad Interests - Plain Beanie,Creative A - Plain Beanie,10.96,594,7,18.45,1.21,0,0.0
2025-06-14,2025-06-14,Sport Sneakers - TOF - Interests,Broad Interests - Sport Sneakers,Creative A - Sport Sneakers,11.08,472,6,23.47,1.4,0,0.0
2025-06-14,2025-06-14,Standard Lanyard - TOF - Interests,Broad Interests - Standard Lanyard,Creative A - Standard Lanyar,10.07,676,5,14.9,0.84,0,0.0
2025-06-15,2025-06-15,Baseball Cap - TOF - Interests,Broad Interests - Baseball Cap,Creative A - Baseball Cap,10.32,453,6,22.78,1.35,0,0.0
2025-06-15,2025-06-15,Clearance Jacket - TOF - Interests,Broad Interests - Clearance Jacket,Creative A - Clearance Jacke,16.67,737,9,22.62,1.29,0,0.0
2025-06-15,2025-06-15,Luxury Belt - BOF - Retargeting,Website Visitors - Luxury Belt,DPA - Luxury Belt,5.98,567,18,10.54,3.33,1,47.99
2025-06-15,2025-06-15,Luxury Belt - TOF - Interests,Broad Interests - Luxury Belt,Creative A - Luxury Belt,13.94,798,10,17.47,1.33,1,32.0
2025-06-15,2025-06-15,Premium Backpack - TOF - Interests,Broad Interests - Premium Backpack,Creative A - Premium Backpac,3.87,163,1,23.72,0.94,0,0.0
2025-06-15,2025-06-15,Simple Keychain - TOF - Interests,Broad Interests - Simple Keychain,Creative A - Simple Keychain,8.46,396,5,21.36,1.27,0,0.0
2025-06-16,2025-06-16,Canvas Tote Bag - TOF - Interests,Broad Interests - Canvas Tote Bag,Creative A - Canvas Tote Bag,8.4,551,7,15.24,1.31,0,0.0
2025-06-16,2025-06-16,Cashmere Sweater - BOF - Retargeting,Website Visitors - Cashmere Sweater,DPA - Cashmere Sweate,8.37,605,24,13.83,3.99,1,71.99
2025-06-16,2025-06-16,Cashmere Sweater - TOF - Interests,Broad Interests - Cashmere Sweater,Creative A - Cashmere Sweate,19.52,1073,14,18.19,1.31,1,48.0
2025-06-16,2025-06-16,Classic T-Shirt - TOF - Interests,Broad Interests - Classic T-Shirt,Creative A - Classic T-Shirt,11.29,741,8,15.23,1.18,0,0.0
2025-06-16,2025-06-16,Cotton Hoodie - BOF - Retargeting,Website Visitors - Cotton Hoodie,DPA - Cotton Hoodie,4.97,466,15,10.66,3.25,1,26.99
2025-06-16,2025-06-16,Cotton Hoodie - TOF - Interests,Broad Interests - Cotton Hoodie,Creative A - Cotton Hoodie,11.61,884,10,13.13,1.21,1,18.0
2025-06-16,2025-06-16,Handcrafted Wallet - TOF - Interests,Broad Interests - Handcrafted Wallet,Creative A - Handcrafted Wal,7.64,572,6,13.35,1.13,0,0.0
2025-06-16,2025-06-16,Last Season Dress - TOF - Interests,Broad Interests - Last Season Dress,Creative A - Last Season Dre,22.32,1440,21,15.5,1.49,0,0.0
2025-06-16,2025-06-16,Luxury Belt - TOF - Interests,Broad Interests - Luxury Belt,Creative A - Luxury Belt,4.63,329,3,14.07,1.0,0,0.0
2025-06-16,2025-06-16,Simple Keychain - TOF - Interests,Broad Interests - Simple Keychain,Creative A - Simple Keychain,8.43,400,5,21.07,1.46,0,0.0
2025-06-17,2025-06-17,Artisan Watch - BOF - Retargeting,Website Visitors - Artisan Watch,DPA - Artisan Watch,7.56,761,17,9.94,2.33,1,65.99
2025-06-17,2025-06-17,Artisan Watch - TOF - Interests,Broad Interests - Artisan Watch,Creative A - Artisan Watch,17.65,723,7,24.41,0.97,1,44.0
2025-06-17,2025-06-17,Artisan Watch - TOF - Interests,Broad Interests - Artisan Watch,Creative A - Artisan Watch,6.42,265,3,24.23,1.36,0,0.0
2025-06-17,2025-06-17,Basic Socks 3-Pack - TOF - Interests,Broad Interests - Basic Socks 3-Pack,Creative A - Basic Socks 3-P,7.02,333,4,21.09,1.3,0,0.0
2025-06-18,2025-06-18,Canvas Tote Bag - TOF - Interests,Broad Interests - Canvas Tote Bag,Creative A - Canvas Tote Bag,13.58,863,9,15.74,1.11,0,0.0
2025-06-18,2025-06-18,Cotton Hoodie - BOF - Retargeting,Website Visitors - Cotton Hoodie,DPA - Cotton Hoodie,5.77,394,13,14.64,3.49,1,26.99
2025-06-18,2025-06-18,Cotton Hoodie - TOF - Interests,Broad Interests - Cotton Hoodie,Creative A - Cotton Hoodie,13.46,727,10,18.51,1.45,1,18.0
2025-06-18,2025-06-18,Discontinued Boots - TOF - Interests,Broad Interests - Discontinued Boots,Creative A - Discontinued Bo,15.75,1032,11,15.26,1.08,0,0.0
2025-06-18,2025-06-18,Discontinued Boots - TOF - Interests,Broad Interests - Discontinued Boots,Creative A - Discontinued Bo,10.66,715,9,14.91,1.27,0,0.0
2025-06-18,2025-06-18,Polo Shirt - TOF - Interests,Broad Interests - Polo Shirt,Creative A - Polo Shirt,5.54,448,5,12.37,1.28,0,0.0
2025-06-18,2025-06-18,Simple Keychain - TOF - Interests,Broad Interests - Simple Keychain,Creative A - Simple Keychain,6.83,314,2,21.76,0.9,0,0.0
2025-06-19,2025-06-19,Basic Phone Case - BOF - Retargeting,Website Visitors - Basic Phone Case,DPA - Basic Phone Cas,3.66,385,7,9.51,2.08,1,7.79
2025-06-19,2025-06-19,Basic Phone Case - TOF - Interests,Broad Interests - Basic Phone Case,Creative A - Basic Phone Cas,8.53,376,5,22.69,1.5,1,5.2
2025-06-19,2025-06-19,Canvas Tote Bag - TOF - Interests,Broad Interests - Canvas Tote Bag,Creative A - Canvas Tote Bag,9.09,412,4,22.07,1.19,0,0.0
2025-06-19,2025-06-19,Casual Jeans - TOF - Interests,Broad Interests - Casual Jeans,Creative A - Casual Jeans,13.88,864,11,16.06,1.35,0,0.0
2025-06-19,2025-06-19,Designer Sunglasses - TOF - Interests,Broad Interests - Designer Sunglasses,Creative A - Designer Sungla,6.79,293,2,23.19,0.91,0,0.0
2025-06-19,2025-06-19,Handcrafted Wallet - TOF - Interests,Broad Interests - Handcrafted Wallet,Creative A - Handcrafted Wal,7.05,335,3,21.04,1.05,0,0.0
2025-06-19,2025-06-19,Last Season Dress - TOF - Interests,Broad Interests - Last Season Dress,Creative A - Last Season Dre,29.79,1788,18,16.66,1.01,0,0.0
2025-06-19,2025-06-19,Plain Beanie - TOF - Interests,Broad Interests - Plain Beanie,Creative A - Plain Beanie,5.57,258,2,21.6,1.01,0,0.0
2025-06-19,2025-06-19,Polo Shirt - TOF - Interests,Broad Interests - Polo Shirt,Creative A - Polo Shirt,6.27,271,2,23.13,0.99,0,0.0
2025-06-19,2025-06-19,Premium Backpack - BOF - Retargeting,Website Visitors - Premium Backpack,DPA - Premium Backpac,12.57,1048,40,11.99,3.85,1,107.99
2025-06-19,2025-06-19,Premium Backpack - TOF - Interests,Broad Interests - Premium Backpack,Creative A - Premium Backpac,29.31,1598,16,18.34,1.06,1,71.99
2025-06-20,2025-06-20,Basic Socks 3-Pack - TOF - Interests,Broad Interests - Basic Socks 3-Pack,Creative A - Basic Socks 3-P,14.21,735,9,19.33,1.23,0,0.0
2025-06-20,2025-06-20,Cotton Hoodie - TOF - Interests,Broad Interests - Cotton Hoodie,Creative A - Cotton Hoodie,11.1,758,7,14.64,1.01,0,0.0
2025-06-20,2025-06-20,Luxury Silk Scarf - BOF - Retargeting,Website Visitors - Luxury Silk Scarf,DPA - Luxury Silk Sca,12.13,1090,30,11.13,2.77,1,107.99
2025-06-20,2025-06-20,Luxury Silk Scarf - TOF - Interests,Broad Interests - Luxury Silk Scarf,Creative A - Luxury Silk Sca,28.34,1341,12,21.13,0.95,1,71.99
2025-06-20,2025-06-20,Overstock Pants - BOF - Retargeting,Website Visitors - Overstock Pants,DPA - Overstock Pants,21.29,2127,47,10.01,2.25,1,23.99
2025-06-20,2025-06-20,Overstock Pants - TOF - Interests,Broad Interests - Overstock Pants,Creative A - Overstock Pants,49.71,3447,33,14.42,0.98,1,15.99
2025-06-20,2025-06-20,Plain Beanie - TOF - Interests,Broad Interests - Plain Beanie,Creative A - Plain Beanie,5.8,295,2,19.66,0.87,0,0.0
2025-06-20,2025-06-20,Polo Shirt - TOF - Interests,Broad Interests - Polo Shirt,Creative A - Polo Shirt,9.57,610,8,15.69,1.46,0,0.0
2025-06-20,2025-06-20,Premium Leather Bag - TOF - Interests,Broad Interests - Premium Leather Bag,Creative A - Premium Leather,3.76,184,1,20.41,0.95,0,0.0
2025-06-21,2025-06-21,Clearance Jacket - TOF - Interests,Broad Interests - Clearance Jacket,Creative A - Clearance Jacke,25.48,1574,21,16.19,1.39,0,0.0
2025-06-21,2025-06-21,Handcrafted Wallet - TOF - Interests,Broad Interests - Handcrafted Wallet,Creative A - Handcrafted Wal,3.52,156,2,22.59,1.34,0,0.0
2025-06-21,2025-06-21,Luxury Belt - TOF - Interests,Broad Interests - Luxury Belt,Creative A - Luxury Belt,7.98,322,4,24.79,1.46,0,0.0
2025-06-21,2025-06-21,Polo Shirt - BOF - Retargeting,Website Visitors - Polo Shirt,DPA - Polo Shirt,6.64,759,17,8.75,2.32,1,29.99
2025-06-21,2025-06-21,Polo Shirt - TOF - Interests,Broad Interests - Polo Shirt,Creative A - Polo Shirt,15.49,817,12,18.96,1.49,1,20.0
2025-06-22,2025-06-22,Artisan Watch - TOF - Interests,Broad Interests - Artisan Watch,Creative A - Artisan Watch,7.85,336,3,23.35,1.02,0,0.0
2025-06-22,2025-06-22,Basic Socks 3-Pack - BOF - Retargeting,Website Visitors - Basic Socks 3-Pack,DPA - Basic Socks 3-P,11.92,804,20,14.83,2.51,1,23.99
2025-06-22,2025-06-22,Basic Socks 3-Pack - TOF - Interests,Broad Interests - Basic Socks 3-Pack,Creative A - Basic Socks 3-P,27.82,1367,11,20.35,0.83,1,15.99
2025-06-22,2025-06-22,Canvas Tote Bag - TOF - Interests,Broad Interests - Canvas Tote Bag,Creative A - Canvas Tote Bag,14.3,822,7,17.4,0.88,0,0.0
2025-06-22,2025-06-22,Cashmere Sweater - TOF - Interests,Broad Interests - Cashmere Sweater,Creative A - Cashmere Sweate,9.17,617,8,14.87,1.4,0,0.0
2025-06-22,2025-06-22,Discontinued Boots - TOF - Interests,Broad Interests - Discontinued Boots,Creative A - Discontinued Bo,8.26,354,3,23.33,0.92,0,0.0
2025-06-22,2025-06-22,Discontinued Boots - TOF - Interests,Broad Interests - Discontinued Boots,Creative A - Discontinued Bo,8.07,506,5,15.94,1.16,0,0.0
2025-06-22,2025-06-22,Luxury Silk Scarf - BOF - Retargeting,Website Visitors - Luxury Silk Scarf,DPA - Luxury Silk Sca,5.81,623,20,9.32,3.22,1,53.99
2025-06-22,2025-06-22,Luxury Silk Scarf - TOF - Interests,Broad Interests - Luxury Silk Scarf,Creative A - Luxury Silk Sca,13.57,625,6,21.71,0.99,1,36.0
2025-06-22,2025-06-22,Overstock Pants - TOF - Interests,Broad Interests - Overstock Pants,Creative A - Overstock Pants,12.67,680,8,18.63,1.3,0,0.0
2025-06-22,2025-06-22,Plain Beanie - TOF - Interests,Broad Interests - Plain Beanie,Creative A - Plain Beanie,8.16,501,6,16.28,1.37,0,0.0
2025-06-22,2025-06-22,Plain Beanie - TOF - Interests,Broad Interests - Plain Beanie,Creative A - Plain Beanie,10.95,692,8,15.83,1.18,0,0.0
2025-06-23,2025-06-23,Last Season Dress - TOF - Interests,Broad Interests - Last Season Dress,Creative A - Last Season Dre,25.87,1061,14,24.38,1.36,0,0.0
2025-06-23,2025-06-23,Running Shorts - BOF - Retargeting,Website Visitors - Running Shorts,DPA - Running Shorts,7.71,721,15,10.69,2.13,1,41.99
2025-06-23,2025-06-23,Running Shorts - TOF - Interests,Broad Interests - Running Shorts,Creative A - Running Shorts,18.01,1437,18,12.53,1.28,1,27.99
2025-06-23,2025-06-23,Running Shorts - TOF - Interests,Broad Interests - Running Shorts,Creative A - Running Shorts,7.26,434,6,16.72,1.45,0,0.0
2025-06-24,2025-06-24,Basic Phone Case - TOF - Interests,Broad Interests - Basic Phone Case,Creative A - Basic Phone Cas,11.25,823,11,13.67,1.41,0,0.0
2025-06-24,2025-06-24,Canvas Tote Bag - TOF - Interests,Broad Interests - Canvas Tote Bag,Creative A - Canvas Tote Bag,9.85,665,9,14.81,1.49,0,0.0
2025-06-24,2025-06-24,Cotton Hoodie - TOF - Interests,Broad Interests - Cotton Hoodie,Creative A - Cotton Hoodie,12.68,563,5,22.53,0.97,0,0.0
2025-06-24,2025-06-24,Last Season Dress - TOF - Interests,Broad Interests - Last Season Dress,Creative A - Last Season Dre,24.3,1034,13,23.5,1.3,0,0.0
2025-06-24,2025-06-24,Luxury Silk Scarf - TOF - Interests,Broad Interests - Luxury Silk Scarf,Creative A - Luxury Silk Sca,5.64,411,6,13.72,1.5,0,0.0
2025-06-24,2025-06-24,Overstock Pants - TOF - Interests,Broad Interests - Overstock Pants,Creative A - Overstock Pants,23.85,1145,10,20.83,0.96,0,0.0
2025-06-24,2025-06-24,Sport Sneakers - TOF - Interests,Broad Interests - Sport Sneakers,Creative A - Sport Sneakers,14.9,665,6,22.41,0.95,0,0.0
2025-06-24,2025-06-24,Standard Lanyard - TOF - Interests,Broad Interests - Standard Lanyard,Creative A - Standard Lanyar,9.35,542,6,17.26,1.25,0,0.0
2025-06-25,2025-06-25,Canvas Tote Bag - TOF - Interests,Broad Interests - Canvas Tote Bag,Creative A - Canvas Tote Bag,6.11,265,3,23.05,1.21,0,0.0
2025-06-25,2025-06-25,Cotton Hoodie - TOF - Interests,Broad Interests - Cotton Hoodie,Creative A - Cotton Hoodie,13.01,982,7,13.25,0.81,0,0.0
2025-06-25,2025-06-25,Discontinued Boots - TOF - Interests,Broad Interests - Discontinued Boots,Creative A - Discontinued Bo,29.64,1755,16,16.89,0.91,0,0.0
2025-06-25,2025-06-25,Sample Sale Coat - TOF - Interests,Broad Interests - Sample Sale Coat,Creative A - Sample Sale Coa,11.71,636,5,18.41,0.87,0,0.0
2025-06-25,2025-06-25,Simple Keychain - TOF - Interests,Broad Interests - Simple Keychain,Creative A - Simple Keychain,12.98,675,9,19.23,1.37,0,0.0
2025-06-25,2025-06-25,Standard Lanyard - TOF - Interests,Broad Interests - Standard Lanyard,Creative A - Standard Lanyar,5.4,272,2,19.86,1.02,0,0.0
2025-06-26,2025-06-26,Baseball Cap - TOF - Interests,Broad Interests - Baseball Cap,Creative A - Baseball Cap,6.22,254,2,24.47,0.89,0,0.0
2025-06-26,2025-06-26,Canvas Tote Bag - BOF - Retargeting,Website Visitors - Canvas Tote Bag,DPA - Canvas Tote Bag,10.17,1176,42,8.65,3.64,1,47.99
2025-06-26,2025-06-26,Canvas Tote Bag - TOF - Interests,Broad Interests - Canvas Tote Bag,Creative A - Canvas Tote Bag,23.75,1411,16,16.83,1.2,1,31.99
2025-06-26,2025-06-26,Clearance Jacket - BOF - Retargeting,Website Visitors - Clearance Jacket,DPA - Clearance Jacke,25.34,2479,84,10.22,3.4,1,35.99
2025-06-26,2025-06-26,Clearance Jacket - TOF - Interests,Broad Interests - Clearance Jacket,Creative A - Clearance Jacke,59.11,2819,34,20.97,1.22,1,23.99
2025-06-26,2025-06-26,Last Season Dress - TOF - Interests,Broad Interests - Last Season Dress,Creative A - Last Season Dre,15.83,718,7,22.05,1.06,0,0.0
2025-06-26,2025-06-26,Sample Sale Coat - TOF - Interests,Broad Interests - Sample Sale Coat,Creative A - Sample Sale Coa,21.52,1360,18,15.82,1.37,0,0.0
2025-06-26,2025-06-26,Sample Sale Coat - TOF - Interests,Broad Interests - Sample Sale Coat,Creative A - Sample Sale Coa,22.51,1761,17,12.78,0.98,0,0.0
2025-06-26,2025-06-26,Simple Keychain - TOF - Interests,Broad Interests - Simple Keychain,Creative A - Simple Keychain,8.33,526,6,15.84,1.18,0,0.0
2025-06-27,2025-06-27,Basic Socks 3-Pack - TOF - Interests,Broad Interests - Basic Socks 3-Pack,Creative A - Basic Socks 3-P,10.11,650,9,15.56,1.49,0,0.0
2025-06-27,2025-06-27,Cotton Hoodie - TOF - Interests,Broad Interests - Cotton Hoodie,Creative A - Cotton Hoodie,14.73,620,6,23.76,1.1,0,0.0
2025-06-27,2025-06-27,Luxury Silk Scarf - BOF - Retargeting,Website Visitors - Luxury Silk Scarf,DPA - Luxury Silk Sca,12.15,851,23,14.28,2.8,1,107.99
2025-06-27,2025-06-27,Luxury Silk Scarf - TOF - Interests,Broad Interests - Luxury Silk Scarf,Creative A - Luxury Silk Sca,28.36,1182,17,23.99,1.49,1,71.99
2025-06-27,2025-06-27,Overstock Pants - TOF - Interests,Broad Interests - Overstock Pants,Creative A - Overstock Pants,25.86,2036,21,12.7,1.06,0,0.0
2025-06-27,2025-06-27,Overstock Pants - TOF - Interests,Broad Interests - Overstock Pants,Creative A - Overstock Pants,24.52,1247,13,19.66,1.06,0,0.0
2025-06-27,2025-06-27,Plain Beanie - BOF - Retargeting,Website Visitors - Plain Beanie,DPA - Plain Beanie,9.79,708,16,13.83,2.28,1,17.99
2025-06-27,2025-06-27,Plain Beanie - TOF - Interests,Broad Interests - Plain Beanie,Creative A - Plain Beanie,22.86,1004,13,22.77,1.31,1,11.99
2025-06-27,2025-06-27,Running Shorts - TOF - Interests,Broad Interests - Running Shorts,Creative A - Running Shorts,6.95,421,5,16.51,1.35,0,0.0
2025-06-28,2025-06-28,Artisan Watch - BOF - Retargeting,Website Visitors - Artisan Watch,DPA - Artisan Watch,16.31,1717,36,9.5,2.15,1,131.99
2025-06-28,2025-06-28,Artisan Watch - TOF - Interests,Broad Interests - Artisan Watch,Creative A - Artisan Watch,38.09,2784,40,13.68,1.45,1,87.99
2025-06-28,2025-06-28,Basic Phone Case - TOF - Interests,Broad Interests - Basic Phone Case,Creative A - Basic Phone Cas,7.6,427,5,17.79,1.23,0,0.0
2025-06-28,2025-06-28,Basic Socks 3-Pack - BOF - Retargeting,Website Visitors - Basic Socks 3-Pack,DPA - Basic Socks 3-P,5.58,388,9,14.38,2.55,1,11.99
2025-06-28,2025-06-28,Basic Socks 3-Pack - TOF - Interests,Broad Interests - Basic Socks 3-Pack,Creative A - Basic Socks 3-P,13.01,620,6,20.99,1.12,1,8.0
2025-06-28,2025-06-28,Canvas Tote Bag - TOF - Interests,Broad Interests - Canvas Tote Bag,Creative A - Canvas Tote Bag,9.76,446,3,21.88,0.88,0,0.0
2025-06-28,2025-06-28,Classic T-Shirt - TOF - Interests,Broad Interests - Classic T-Shirt,Creative A - Classic T-Shirt,14.29,740,6,19.31,0.91,0,0.0
2025-06-28,2025-06-28,Last Season Dress - TOF - Interests,Broad Interests - Last Season Dress,Creative A - Last Season Dre,20.06,1200,11,16.72,0.93,0,0.0
2025-06-28,2025-06-28,Last Season Dress - TOF - Interests,Broad Interests - Last Season Dress,Creative A - Last Season Dre,11.16,530,6,21.06,1.3,0,0.0
2025-06-28,2025-06-28,Premium Backpack - TOF - Interests,Broad Interests - Premium Backpack,Creative A - Premium Backpac,5.31,303,2,17.52,0.85,0,0.0
2025-06-28,2025-06-28,Running Shorts - TOF - Interests,Broad Interests - Running Shorts,Creative A - Running Shorts,13.89,726,10,19.13,1.48,0,0.0
2025-06-28,2025-06-28,Sample Sale Coat - TOF - Interests,Broad Interests - Sample Sale Coat,Creative A - Sample Sale Coa,24.25,1931,23,12.56,1.24,0,0.0
2025-06-29,2025-06-29,Baseball Cap - TOF - Interests,Broad Interests - Baseball Cap,Creative A - Baseball Cap,8.86,589,6,15.05,1.18,0,0.0
2025-06-29,2025-06-29,Basic Socks 3-Pack - TOF - Interests,Broad Interests - Basic Socks 3-Pack,Creative A - Basic Socks 3-P,7.8,312,3,25.0,1.13,0,0.0
2025-06-29,2025-06-29,Cashmere Sweater - TOF - Interests,Broad Interests - Cashmere Sweater,Creative A - Cashmere Sweate,4.09,166,1,24.63,1.12,0,0.0
2025-06-29,2025-06-29,Classic T-Shirt - BOF - Retargeting,Website Visitors - Classic T-Shirt,DPA - Classic T-Shirt,6.88,655,20,10.51,3.09,1,29.99
2025-06-29,2025-06-29,Classic T-Shirt - TOF - Interests,Broad Interests - Classic T-Shirt,Creative A - Classic T-Shirt,16.05,684,7,23.47,1.05,1,20.0
2025-06-29,2025-06-29,Discontinued Boots - TOF - Interests,Broad Interests - Discontinued Boots,Creative A - Discontinued Bo,12.99,622,8,20.88,1.34,0,0.0
2025-06-29,2025-06-29,Overstock Pants - TOF - Interests,Broad Interests - Overstock Pants,Creative A - Overstock Pants,18.79,761,8,24.69,1.07,0,0.0
2025-06-29,2025-06-29,Plain Beanie - TOF - Interests,Broad Interests - Plain Beanie,Creative A - Plain Beanie,11.9,797,8,14.93,1.05,0,0.0
2025-06-29,2025-06-29,Plain Beanie - TOF - Interests,Broad Interests - Plain Beanie,Creative A - Plain Beanie,14.08,571,7,24.65,1.32,0,0.0
2025-06-29,2025-06-29,Polo Shirt - BOF - Retargeting,Website Visitors - Polo Shirt,DPA - Polo Shirt,5.52,543,16,10.16,3.04,1,29.99
2025-06-29,2025-06-29,Polo Shirt - TOF - Interests,Broad Interests - Polo Shirt,Creative A - Polo Shirt,12.88,945,12,13.63,1.29,1,20.0
2025-06-30,2025-06-30,Basic Phone Case - TOF - Interests,Broad Interests - Basic Phone Case,Creative A - Basic Phone Cas,10.21,649,7,15.73,1.1,0,0.0
2025-06-30,2025-06-30,Designer Sunglasses - TOF - Interests,Broad Interests - Designer Sunglasses,Creative A - Designer Sungla,6.43,259,3,24.81,1.46,0,0.0
2025-06-30,2025-06-30,Handcrafted Wallet - BOF - Retargeting,Website Visitors - Handcrafted Wallet,DPA - Handcrafted Wal,5.79,498,15,11.63,3.19,1,47.99
2025-06-30,2025-06-30,Handcrafted Wallet - TOF - Interests,Broad Interests - Handcrafted Wallet,Creative A - Handcrafted Wal,13.53,542,5,24.97,1.02,1,32.0
2025-06-30,2025-06-30,Plain Beanie - TOF - Interests,Broad Interests - Plain Beanie,Creative A - Plain Beanie,7.2,587,6,12.27,1.03,0,0.0
2025-06-30,2025-06-30,Premium Leather Bag - BOF - Retargeting,Website Visitors - Premium Leather Bag,DPA - Premium Leather,15.62,1082,22,14.44,2.05,1,143.99
2025-06-30,2025-06-30,Premium Leather Bag - TOF - Interests,Broad Interests - Premium Leather Bag,Creative A - Premium Leather,36.49,2177,29,16.76,1.38,1,95.99
2025-06-30,2025-06-30,Running Shorts - TOF - Interests,Broad Interests - Running Shorts,Creative A - Running Shorts,5.8,267,3,21.73,1.32,0,0.0
2025-06-30,2025-06-30,Sport Sneakers - TOF - Interests,Broad Interests - Sport Sneakers,Creative A - Sport Sneakers,13.56,574,5,23.62,0.88,0,0.0
2025-07-01,2025-07-01,Canvas Tote Bag - TOF - Interests,Broad Interests - Canvas Tote Bag,Creative A - Canvas Tote Bag,10.54,444,6,23.74,1.49,0,0.0
2025-07-01,2025-07-01,Clearance Jacket - TOF - Interests,Broad Interests - Clearance Jacket,Creative A - Clearance Jacke,12.74,778,7,16.37,0.95,0,0.0
2025-07-01,2025-07-01,Discontinued Boots - TOF - Interests,Broad Interests - Discontinued Boots,Creative A - Discontinued Bo,8.86,390,3,22.73,0.86,0,0.0
2025-07-01,2025-07-01,Overstock Pants - TOF - Interests,Broad Interests - Overstock Pants,Creative A - Overstock Pants,19.19,1003,14,19.13,1.41,0,0.0
2025-07-01,2025-07-01,Premium Backpack - TOF - Interests,Broad Interests - Premium Backpack,Creative A - Premium Backpac,6.85,314,3,21.83,0.97,0,0.0
2025-07-01,2025-07-01,Sample Sale Coat - TOF - Interests,Broad Interests - Sample Sale Coat,Creative A - Sample Sale Coa,19.4,1268,13,15.3,1.07,0,0.0
2025-07-02,2025-07-02,Discontinued Boots - TOF - Interests,Broad Interests - Discontinued Boots,Creative A - Discontinued Bo,27.74,1962,22,14.14,1.13,0,0.0
2025-07-02,2025-07-02,Handcrafted Wallet - BOF - Retargeting,Website Visitors - Handcrafted Wallet,DPA - Handcrafted Wal,9.68,771,27,12.55,3.58,1,95.99
2025-07-02,2025-07-02,Handcrafted Wallet - TOF - Interests,Broad Interests - Handcrafted Wallet,Creative A - Handcrafted Wal,22.59,1215,11,18.59,0.95,1,63.99
2025-07-02,2025-07-02,Overstock Pants - BOF - Retargeting,Website Visitors - Overstock Pants,DPA - Overstock Pants,8.32,816,20,10.19,2.52,1,11.99
2025-07-02,2025-07-02,Overstock Pants - TOF - Interests,Broad Interests - Overstock Pants,Creative A - Overstock Pants,19.39,1013,8,19.14,0.83,1,8.0
2025-07-02,2025-07-02,Plain Beanie - BOF - Retargeting,Website Visitors - Plain Beanie,DPA - Plain Beanie,8.35,622,14,13.43,2.29,1,17.99
2025-07-02,2025-07-02,Plain Beanie - TOF - Interests,Broad Interests - Plain Beanie,Creative A - Plain Beanie,19.5,1038,14,18.79,1.37,1,11.99
2025-07-02,2025-07-02,Sample Sale Coat - TOF - Interests,Broad Interests - Sample Sale Coat,Creative A - Sample Sale Coa,26.09,1325,19,19.69,1.45,0,0.0
2025-07-02,2025-07-02,Standard Lanyard - TOF - Interests,Broad Interests - Standard Lanyard,Creative A - Standard Lanyar,14.82,739,10,20.05,1.39,0,0.0
2025-07-03,2025-07-03,Basic Phone Case - TOF - Interests,Broad Interests - Basic Phone Case,Creative A - Basic Phone Cas,11.14,877,11,12.7,1.29,0,0.0
2025-07-03,2025-07-03,Canvas Tote Bag - TOF - Interests,Broad Interests - Canvas Tote Bag,Creative A - Canvas Tote Bag,11.89,645,5,18.43,0.86,0,0.0
2025-07-03,2025-07-03,Classic T-Shirt - TOF - Interests,Broad Interests - Classic T-Shirt,Creative A - Classic T-Shirt,11.8,503,4,23.45,0.88,0,0.0
2025-07-03,2025-07-03,Last Season Dress - TOF - Interests,Broad Interests - Last Season Dress,Creative A - Last Season Dre,22.67,1242,14,18.25,1.2,0,0.0
2025-07-03,2025-07-03,Plain Beanie - TOF - Interests,Broad Interests - Plain Beanie,Creative A - Plain Beanie,13.64,634,7,21.51,1.12,0,0.0
2025-07-03,2025-07-03,Polo Shirt - TOF - Interests,Broad Interests - Polo Shirt,Creative A - Polo Shirt,9.74,701,6,13.9,0.87,0,0.0
2025-07-03,2025-07-03,Standard Lanyard - TOF - Interests,Broad Interests - Standard Lanyard,Creative A - Standard Lanyar,12.68,849,8,14.94,1.01,0,0.0
2025-07-04,2025-07-04,Classic T-Shirt - TOF - Interests,Broad Interests - Classic T-Shirt,Creative A - Classic T-Shirt,12.89,826,9,15.61,1.2,0,0.0
2025-07-04,2025-07-04,Classic T-Shirt - TOF - Interests,Broad Interests - Classic T-Shirt,Creative A - Classic T-Shirt,12.69,572,6,22.18,1.13,0,0.0
2025-07-04,2025-07-04,Last Season Dress - TOF - Interests,Broad Interests - Last Season Dress,Creative A - Last Season Dre,16.43,1001,9,16.41,0.96,0,0.0
2025-07-04,2025-07-04,Overstock Pants - TOF - Interests,Broad Interests - Overstock Pants,Creative A - Overstock Pants,10.58,433,3,24.43,0.9,0,0.0
2025-07-04,2025-07-04,Simple Keychain - TOF - Interests,Broad Interests - Simple Keychain,Creative A - Simple Keychain,10.97,603,6,18.2,1.08,0,0.0
2025-07-05,2025-07-05,Artisan Watch - BOF - Retargeting,Website Visitors - Artisan Watch,DPA - Artisan Watch,7.15,597,11,11.97,2.01,1,65.99
2025-07-05,2025-07-05,Artisan Watch - TOF - Interests,Broad Interests - Artisan Watch,Creative A - Artisan Watch,16.68,1215,11,13.73,0.92,1,44.0
2025-07-05,2025-07-05,Baseball Cap - TOF - Interests,Broad Interests - Baseball Cap,Creative A - Baseball Cap,11.44,466,4,24.55,1.04,0,0.0
2025-07-05,2025-07-05,Canvas Tote Bag - TOF - Interests,Broad Interests - Canvas Tote Bag,Creative A - Canvas Tote Bag,11.7,852,9,13.73,1.11,0,0.0
2025-07-05,2025-07-05,Clearance Jacket - TOF - Interests,Broad Interests - Clearance Jacket,Creative A - Clearance Jacke,20.82,835,10,24.93,1.24,0,0.0
2025-07-05,2025-07-05,Clearance Jacket - TOF - Interests,Broad Interests - Clearance Jacket,Creative A - Clearance Jacke,9.87,732,6,13.49,0.82,0,0.0
2025-07-05,2025-07-05,Last Season Dress - BOF - Retargeting,Website Visitors - Last Season Dress,DPA - Last Season Dre,21.28,1518,32,14.02,2.16,1,29.99
2025-07-05,2025-07-05,Last Season Dress - TOF - Interests,Broad Interests - Last Season Dress,Creative A - Last Season Dre,49.67,2168,28,22.91,1.33,1,19.99
2025-07-05,2025-07-05,Plain Beanie - BOF - Retargeting,Website Visitors - Plain Beanie,DPA - Plain Beanie,4.86,389,14,12.49,3.61,1,8.99
2025-07-05,2025-07-05,Plain Beanie - TOF - Interests,Broad Interests - Plain Beanie,Creative A - Plain Beanie,11.31,472,5,23.97,1.18,1,6.0
2025-07-05,2025-07-05,Polo Shirt - TOF - Interests,Broad Interests - Polo Shirt,Creative A - Polo Shirt,12.32,655,8,18.81,1.35,0,0.0
2025-07-06,2025-07-06,Canvas Tote Bag - BOF - Retargeting,Website Visitors - Canvas Tote Bag,DPA - Canvas Tote Bag,5.98,652,13,9.17,2.12,1,23.99
2025-07-06,2025-07-06,Canvas Tote Bag - TOF - Interests,Broad Interests - Canvas Tote Bag,Creative A - Canvas Tote Bag,13.96,774,7,18.03,0.99,1,16.0
2025-07-06,2025-07-06,Running Shorts - TOF - Interests,Broad Interests - Running Shorts,Creative A - Running Shorts,5.25,224,2,23.44,1.03,0,0.0
2025-07-06,2025-07-06,Sample Sale Coat - TOF - Interests,Broad Interests - Sample Sale Coat,Creative A - Sample Sale Coa,23.5,1057,14,22.23,1.35,0,0.0
2025-07-06,2025-07-06,Sample Sale Coat - TOF - Interests,Broad Interests - Sample Sale Coat,Creative A - Sample Sale Coa,26.43,2104,19,12.56,0.91,0,0.0
2025-07-06,2025-07-06,Standard Lanyard - TOF - Interests,Broad Interests - Standard Lanyard,Creative A - Standard Lanyar,14.26,978,13,14.58,1.37,0,0.0
2025-07-07,2025-07-07,Basic Socks 3-Pack - TOF - Interests,Broad Interests - Basic Socks 3-Pack,Creative A - Basic Socks 3-P,14.12,736,7,19.18,1.06,0,0.0
2025-07-07,2025-07-07,Canvas Tote Bag - TOF - Interests,Broad Interests - Canvas Tote Bag,Creative A - Canvas Tote Bag,12.99,721,8,18.01,1.17,0,0.0
2025-07-07,2025-07-07,Classic T-Shirt - TOF - Interests,Broad Interests - Classic T-Shirt,Creative A - Classic T-Shirt,5.43,287,3,18.92,1.28,0,0.0
2025-07-07,2025-07-07,Classic T-Shirt - TOF - Interests,Broad Interests - Classic T-Shirt,Creative A - Classic T-Shirt,6.21,481,4,12.92,0.99,0,0.0
2025-07-07,2025-07-07,Handcrafted Wallet - TOF - Interests,Broad Interests - Handcrafted Wallet,Creative A - Handcrafted Wal,8.18,612,8,13.36,1.39,0,0.0
2025-07-07,2025-07-07,Luxury Belt - TOF - Interests,Broad Interests - Luxury Belt,Creative A - Luxury Belt,9.9,402,5,24.63,1.44,0,0.0
2025-07-07,2025-07-07,Overstock Pants - TOF - Interests,Broad Interests - Overstock Pants,Creative A - Overstock Pants,12.98,836,7,15.53,0.96,0,0.0
2025-07-07,2025-07-07,Premium Leather Bag - BOF - Retargeting,Website Visitors - Premium Leather Bag,DPA - Premium Leather,16.71,1886,71,8.86,3.78,1,143.99
2025-07-07,2025-07-07,Premium Leather Bag - TOF - Interests,Broad Interests - Premium Leather Bag,Creative A - Premium Leather,39.0,1947,21,20.03,1.13,1,95.99
2025-07-07,2025-07-07,Sport Sneakers - TOF - Interests,Broad Interests - Sport Sneakers,Creative A - Sport Sneakers,8.79,456,4,19.28,0.91,0,0.0
2025-07-08,2025-07-08,Basic Socks 3-Pack - TOF - Interests,Broad Interests - Basic Socks 3-Pack,Creative A - Basic Socks 3-P,9.28,628,5,14.77,0.84,0,0.0
2025-07-08,2025-07-08,Cotton Hoodie - TOF - Interests,Broad Interests - Cotton Hoodie,Creative A - Cotton Hoodie,14.61,822,9,17.77,1.19,0,0.0
2025-07-08,2025-07-08,Cotton Hoodie - TOF - Interests,Broad Interests - Cotton Hoodie,Creative A - Cotton Hoodie,12.12,543,5,22.32,0.96,0,0.0
2025-07-08,2025-07-08,Discontinued Boots - TOF - Interests,Broad Interests - Discontinued Boots,Creative A - Discontinued Bo,17.95,973,13,18.45,1.34,0,0.0
2025-07-08,2025-07-08,Discontinued Boots - TOF - Interests,Broad Interests - Discontinued Boots,Creative A - Discontinued Bo,16.98,1040,14,16.33,1.42,0,0.0
2025-07-08,2025-07-08,Running Shorts - TOF - Interests,Broad Interests - Running Shorts,Creative A - Running Shorts,12.17,823,10,14.79,1.23,0,0.0
2025-07-08,2025-07-08,Simple Keychain - TOF - Interests,Broad Interests - Simple Keychain,Creative A - Simple Keychain,13.62,840,9,16.21,1.16,0,0.0
2025-07-08,2025-07-08,Simple Keychain - TOF - Interests,Broad Interests - Simple Keychain,Creative A - Simple Keychain,7.7,491,5,15.68,1.05,0,0.0
2025-07-09,2025-07-09,Basic Socks 3-Pack - TOF - Interests,Broad Interests - Basic Socks 3-Pack,Creative A - Basic Socks 3-P,12.96,656,8,19.75,1.31,0,0.0
2025-07-09,2025-07-09,Canvas Tote Bag - TOF - Interests,Broad Interests - Canvas Tote Bag,Creative A - Canvas Tote Bag,8.55,511,6,16.73,1.19,0,0.0
2025-07-09,2025-07-09,Designer Sunglasses - TOF - Interests,Broad Interests - Designer Sunglasses,Creative A - Designer Sungla,4.98,215,3,23.17,1.45,0,0.0
2025-07-09,2025-07-09,Discontinued Boots - TOF - Interests,Broad Interests - Discontinued Boots,Creative A - Discontinued Bo,25.28,1537,13,16.45,0.87,0,0.0
2025-07-09,2025-07-09,Premium Leather Bag - BOF - Retargeting,Website Visitors - Premium Leather Bag,DPA - Premium Leather,8.17,951,23,8.59,2.45,1,71.99
2025-07-09,2025-07-09,Premium Leather Bag - TOF - Interests,Broad Interests - Premium Leather Bag,Creative A - Premium Leather,19.05,1049,14,18.16,1.34,1,48.0
2025-07-09,2025-07-09,Running Shorts - TOF - Interests,Broad Interests - Running Shorts,Creative A - Running Shorts,10.69,504,6,21.21,1.33,0,0.0
2025-07-09,2025-07-09,Simple Keychain - TOF - Interests,Broad Interests - Simple Keychain,Creative A - Simple Keychain,6.3,354,5,17.81,1.42,0,0.0
2025-07-09,2025-07-09,Standard Lanyard - BOF - Retargeting,Website Visitors - Standard Lanyard,DPA - Standard Lanyar,4.78,412,9,11.59,2.39,1,9.59
2025-07-09,2025-07-09,Standard Lanyard - TOF - Interests,Broad Interests - Standard Lanyard,Creative A - Standard Lanyar,11.16,575,4,19.41,0.82,1,6.39
2025-07-09,2025-07-09,Standard Lanyard - TOF - Interests,Broad Interests - Standard Lanyard,Creative A - Standard Lanyar,13.24,641,5,20.65,0.92,0,0.0
2025-07-10,2025-07-10,Basic Socks 3-Pack - TOF - Interests,Broad Interests - Basic Socks 3-Pack,Creative A - Basic Socks 3-P,7.82,319,4,24.5,1.3,0,0.0
2025-07-10,2025-07-10,Basic Socks 3-Pack - TOF - Interests,Broad Interests - Basic Socks 3-Pack,Creative A - Basic Socks 3-P,14.0,824,7,16.99,0.94,0,0.0
2025-07-10,2025-07-10,Canvas Tote Bag - TOF - Interests,Broad Interests - Canvas Tote Bag,Creative A - Canvas Tote Bag,10.42,462,4,22.56,0.96,0,0.0
2025-07-10,2025-07-10,Clearance Jacket - BOF - Retargeting,Website Visitors - Clearance Jacket,DPA - Clearance Jacke,26.05,2281,75,11.42,3.31,1,35.99
2025-07-10,2025-07-10,Clearance Jacket - TOF - Interests,Broad Interests - Clearance Jacket,Creative A - Clearance Jacke,60.82,3230,40,18.83,1.24,1,23.99
2025-07-10,2025-07-10,Luxury Belt - TOF - Interests,Broad Interests - Luxury Belt,Creative A - Luxury Belt,8.71,380,5,22.91,1.35,0,0.0
2025-07-10,2025-07-10,Plain Beanie - BOF - Retargeting,Website Visitors - Plain Beanie,DPA - Plain Beanie,4.3,460,10,9.35,2.3,1,8.99
2025-07-10,2025-07-10,Plain Beanie - TOF - Interests,Broad Interests - Plain Beanie,Creative A - Plain Beanie,10.05,614,5,16.36,0.95,1,6.0
2025-07-10,2025-07-10,Plain Beanie - TOF - Interests,Broad Interests - Plain Beanie,Creative A - Plain Beanie,7.39,318,4,23.24,1.31,0,0.0
2025-07-10,2025-07-10,Sport Sneakers - TOF - Interests,Broad Interests - Sport Sneakers,Creative A - Sport Sneakers,10.17,504,4,20.18,0.81,0,0.0
2025-07-11,2025-07-11,Classic T-Shirt - TOF - Interests,Broad Interests - Classic T-Shirt,Creative A - Classic T-Shirt,7.7,314,3,24.52,1.11,0,0.0
2025-07-11,2025-07-11,Clearance Jacket - TOF - Interests,Broad Interests - Clearance Jacket,Creative A - Clearance Jacke,27.46,1663,19,16.51,1.2,0,0.0
2025-07-11,2025-07-11,Last Season Dress - TOF - Interests,Broad Interests - Last Season Dress,Creative A - Last Season Dre,17.46,746,10,23.4,1.46,0,0.0
2025-07-11,2025-07-11,Overstock Pants - BOF - Retargeting,Website Visitors - Overstock Pants,DPA - Overstock Pants,15.23,1302,27,11.7,2.08,1,23.99
2025-07-11,2025-07-11,Overstock Pants - TOF - Interests,Broad Interests - Overstock Pants,Creative A - Overstock Pants,35.57,1997,25,17.81,1.28,1,15.99
2025-07-11,2025-07-11,Plain Beanie - TOF - Interests,Broad Interests - Plain Beanie,Creative A - Plain Beanie,12.72,1048,10,12.14,0.99,0,0.0
2025-07-11,2025-07-11,Premium Leather Bag - BOF - Retargeting,Website Visitors - Premium Leather Bag,DPA - Premium Leather,14.57,1181,45,12.34,3.88,1,143.99
2025-07-11,2025-07-11,Premium Leather Bag - TOF - Interests,Broad Interests - Premium Leather Bag,Creative A - Premium Leather,34.0,1636,19,20.78,1.17,1,95.99
2025-07-11,2025-07-11,Sport Sneakers - TOF - Interests,Broad Interests - Sport Sneakers,Creative A - Sport Sneakers,11.19,467,5,23.96,1.23,0,0.0
2025-07-12,2025-07-12,Canvas Tote Bag - TOF - Interests,Broad Interests - Canvas Tote Bag,Creative A - Canvas Tote Bag,12.62,721,7,17.5,1.0,0,0.0
2025-07-12,2025-07-12,Classic T-Shirt - TOF - Interests,Broad Interests - Classic T-Shirt,Creative A - Classic T-Shirt,7.07,431,6,16.41,1.41,0,0.0
2025-07-12,2025-07-12,Classic T-Shirt - TOF - Interests,Broad Interests - Classic T-Shirt,Creative A - Classic T-Shirt,13.52,675,7,20.03,1.05,0,0.0
2025-07-12,2025-07-12,Clearance Jacket - TOF - Interests,Broad Interests - Clearance Jacket,Creative A - Clearance Jacke,15.65,909,12,17.22,1.38,0,0.0
2025-07-12,2025-07-12,Handcrafted Wallet - BOF - Retargeting,Website Visitors - Handcrafted Wallet,DPA - Handcrafted Wal,5.61,495,19,11.33,3.87,1,47.99
2025-07-12,2025-07-12,Handcrafted Wallet - TOF - Interests,Broad Interests - Handcrafted Wallet,Creative A - Handcrafted Wal,13.08,845,8,15.48,1.03,1,32.0
2025-07-12,2025-07-12,Sample Sale Coat - TOF - Interests,Broad Interests - Sample Sale Coat,Creative A - Sample Sale Coa,17.31,1211,13,14.29,1.09,0,0.0
2025-07-12,2025-07-12,Simple Keychain - TOF - Interests,Broad Interests - Simple Keychain,Creative A - Simple Keychain,10.15,768,8,13.21,1.14,0,0.0
2025-07-12,2025-07-12,Sport Sneakers - TOF - Interests,Broad Interests - Sport Sneakers,Creative A - Sport Sneakers,8.0,420,3,19.05,0.82,0,0.0
2025-07-13,2025-07-13,Baseball Cap - TOF - Interests,Broad Interests - Baseball Cap,Creative A - Baseball Cap,13.96,980,12,14.24,1.3,0,0.0
2025-07-13,2025-07-13,Basic Socks 3-Pack - TOF - Interests,Broad Interests - Basic Socks 3-Pack,Creative A - Basic Socks 3-P,12.64,852,12,14.84,1.45,0,0.0
2025-07-13,2025-07-13,Classic T-Shirt - TOF - Interests,Broad Interests - Classic T-Shirt,Creative A - Classic T-Shirt,6.86,284,2,24.17,1.03,0,0.0
2025-07-13,2025-07-13,Discontinued Boots - TOF - Interests,Broad Interests - Discontinued Boots,Creative A - Discontinued Bo,10.96,451,4,24.31,0.91,0,0.0
2025-07-13,2025-07-13,Handcrafted Wallet - BOF - Retargeting,Website Visitors - Handcrafted Wallet,DPA - Handcrafted Wal,5.02,518,15,9.69,3.07,1,47.99
2025-07-13,2025-07-13,Handcrafted Wallet - TOF - Interests,Broad Interests - Handcrafted Wallet,Creative A - Handcrafted Wal,11.72,701,10,16.72,1.44,1,32.0
2025-07-13,2025-07-13,Luxury Belt - TOF - Interests,Broad Interests - Luxury Belt,Creative A - Luxury Belt,6.73,270,2,24.93,1.06,0,0.0
2025-07-13,2025-07-13,Overstock Pants - BOF - Retargeting,Website Visitors - Overstock Pants,DPA - Overstock Pants,20.29,2359,86,8.6,3.68,1,23.99
2025-07-13,2025-07-13,Overstock Pants - TOF - Interests,Broad Interests - Overstock Pants,Creative A - Overstock Pants,47.37,3567,39,13.28,1.09,1,15.99
2025-07-13,2025-07-13,Standard Lanyard - TOF - Interests,Broad Interests - Standard Lanyard,Creative A - Standard Lanyar,10.94,739,8,14.81,1.15,0,0.0
2025-07-14,2025-07-14,Artisan Watch - BOF - Retargeting,Website Visitors - Artisan Watch,DPA - Artisan Watch,7.96,762,21,10.44,2.84,1,65.99
2025-07-14,2025-07-14,Artisan Watch - TOF - Interests,Broad Interests - Artisan Watch,Creative A - Artisan Watch,18.57,1030,10,18.03,0.98,1,44.0
2025-07-14,2025-07-14,Classic T-Shirt - TOF - Interests,Broad Interests - Classic T-Shirt,Creative A - Classic T-Shirt,6.48,442,4,14.67,1.11,0,0.0
2025-07-14,2025-07-14,Luxury Silk Scarf - TOF - Interests,Broad Interests - Luxury Silk Scarf,Creative A - Luxury Silk Sca,3.83,310,3,12.37,1.22,0,0.0
2025-07-14,2025-07-14,Sample Sale Coat - BOF - Retargeting,Website Visitors - Sample Sale Coat,DPA - Sample Sale Coa,19.45,1488,44,13.07,3.01,1,29.99
2025-07-14,2025-07-14,Sample Sale Coat - TOF - Interests,Broad Interests - Sample Sale Coat,Creative A - Sample Sale Coa,45.36,2882,40,15.74,1.41,1,20.0
2025-07-14,2025-07-14,Simple Keychain - TOF - Interests,Broad Interests - Simple Keychain,Creative A - Simple Keychain,12.73,986,11,12.91,1.19,0,0.0
2025-07-14,2025-07-14,Standard Lanyard - TOF - Interests,Broad Interests - Standard Lanyard,Creative A - Standard Lanyar,5.09,313,2,16.25,0.9,0,0.0
2025-07-15,2025-07-15,Clearance Jacket - TOF - Interests,Broad Interests - Clearance Jacket,Creative A - Clearance Jacke,25.74,1086,15,23.7,1.45,0,0.0
2025-07-15,2025-07-15,Designer Sunglasses - BOF - Retargeting,Website Visitors - Designer Sunglasses,DPA - Designer Sungla,6.88,567,13,12.14,2.4,1,59.99
2025-07-15,2025-07-15,Designer Sunglasses - TOF - Interests,Broad Interests - Designer Sunglasses,Creative A - Designer Sungla,16.06,654,8,24.55,1.33,1,40.0
2025-07-15,2025-07-15,Designer Sunglasses - TOF - Interests,Broad Interests - Designer Sunglasses,Creative A - Designer Sungla,4.29,194,2,22.12,1.48,0,0.0
2025-07-15,2025-07-15,Overstock Pants - BOF - Retargeting,Website Visitors - Overstock Pants,DPA - Overstock Pants,16.62,1124,30,14.79,2.73,1,23.99
2025-07-15,2025-07-15,Overstock Pants - TOF - Interests,Broad Interests - Overstock Pants,Creative A - Overstock Pants,38.82,1766,25,21.98,1.45,1,15.99
2025-07-15,2025-07-15,Premium Backpack - BOF - Retargeting,Website Visitors - Premium Backpack,DPA - Premium Backpac,13.1,900,26,14.56,2.93,1,107.99
2025-07-15,2025-07-15,Premium Backpack - BOF - Retargeting,Website Visitors - Premium Backpack,DPA - Premium Backpac,6.12,606,20,10.1,3.42,1,53.99
2025-07-15,2025-07-15,Premium Backpack - TOF - Interests,Broad Interests - Premium Backpack,Creative A - Premium Backpac,30.6,1569,14,19.5,0.94,1,71.99
2025-07-15,2025-07-15,Premium Backpack - TOF - Interests,Broad Interests - Premium Backpack,Creative A - Premium Backpac,14.29,1093,10,13.07,0.97,1,36.0
2025-07-15,2025-07-15,Standard Lanyard - TOF - Interests,Broad Interests - Standard Lanyard,Creative A - Standard Lanyar,14.39,797,11,18.06,1.39,0,0.0
2025-07-15,2025-07-15,Standard Lanyard - TOF - Interests,Broad Interests - Standard Lanyard,Creative A - Standard Lanyar,7.02,366,4,19.18,1.1,0,0.0
2025-07-16,2025-07-16,Artisan Watch - TOF - Interests,Broad Interests - Artisan Watch,Creative A - Artisan Watch,9.15,454,6,20.16,1.35,0,0.0
2025-07-16,2025-07-16,Casual Jeans - BOF - Retargeting,Website Visitors - Casual Jeans,DPA - Casual Jeans,7.68,617,21,12.44,3.52,1,35.99
2025-07-16,2025-07-16,Casual Jeans - TOF - Interests,Broad Interests - Casual Jeans,Creative A - Casual Jeans,17.92,794,11,22.57,1.41,1,24.0
2025-07-16,2025-07-16,Cotton Hoodie - TOF - Interests,Broad Interests - Cotton Hoodie,Creative A - Cotton Hoodie,9.94,467,4,21.28,0.97,0,0.0
2025-07-16,2025-07-16,Last Season Dress - BOF - Retargeting,Website Visitors - Last Season Dress,DPA - Last Season Dre,23.49,1740,36,13.5,2.09,1,29.99
2025-07-16,2025-07-16,Last Season Dress - TOF - Interests,Broad Interests - Last Season Dress,Creative A - Last Season Dre,54.82,4156,34,13.19,0.84,1,19.99
2025-07-16,2025-07-16,Premium Leather Bag - TOF - Interests,Broad Interests - Premium Leather Bag,Creative A - Premium Leather,6.66,296,2,22.5,0.85,0,0.0
2025-07-16,2025-07-16,Sample Sale Coat - TOF - Interests,Broad Interests - Sample Sale Coat,Creative A - Sample Sale Coa,9.51,435,5,21.87,1.22,0,0.0
2025-07-17,2025-07-17,Artisan Watch - TOF - Interests,Broad Interests - Artisan Watch,Creative A - Artisan Watch,3.99,169,2,23.62,1.3,0,0.0
2025-07-17,2025-07-17,Basic Socks 3-Pack - TOF - Interests,Broad Interests - Basic Socks 3-Pack,Creative A - Basic Socks 3-P,9.36,377,4,24.82,1.14,0,0.0
2025-07-17,2025-07-17,Cotton Hoodie - TOF - Interests,Broad Interests - Cotton Hoodie,Creative A - Cotton Hoodie,6.49,451,4,14.4,0.99,0,0.0
2025-07-17,2025-07-17,Discontinued Boots - TOF - Interests,Broad Interests - Discontinued Boots,Creative A - Discontinued Bo,27.36,2248,29,12.17,1.29,0,0.0
2025-07-17,2025-07-17,Last Season Dress - TOF - Interests,Broad Interests - Last Season Dress,Creative A - Last Season Dre,21.34,1756,24,12.15,1.41,0,0.0
2025-07-17,2025-07-17,Plain Beanie - TOF - Interests,Broad Interests - Plain Beanie,Creative A - Plain Beanie,10.7,485,4,22.06,0.9,0,0.0
2025-07-17,2025-07-17,Premium Leather Bag - TOF - Interests,Broad Interests - Premium Leather Bag,Creative A - Premium Leather,3.67,163,1,22.5,0.81,0,0.0
2025-07-17,2025-07-17,Sample Sale Coat - TOF - Interests,Broad Interests - Sample Sale Coat,Creative A - Sample Sale Coa,28.37,1612,20,17.6,1.26,0,0.0
2025-07-17,2025-07-17,Standard Lanyard - TOF - Interests,Broad Interests - Standard Lanyard,Creative A - Standard Lanyar,11.42,459,4,24.88,0.93,0,0.0
2025-07-18,2025-07-18,Artisan Watch - BOF - Retargeting,Website Visitors - Artisan Watch,DPA - Artisan Watch,14.81,1210,29,12.24,2.48,1,131.99
2025-07-18,2025-07-18,Artisan Watch - TOF - Interests,Broad Interests - Artisan Watch,Creative A - Artisan Watch,34.57,1753,18,19.72,1.05,1,87.99
2025-07-18,2025-07-18,Cashmere Sweater - BOF - Retargeting,Website Visitors - Cashmere Sweater,DPA - Cashmere Sweate,17.61,2112,79,8.34,3.75,1,143.99
2025-07-18,2025-07-18,Cashmere Sweater - TOF - Interests,Broad Interests - Cashmere Sweater,Creative A - Cashmere Sweate,41.07,2557,34,16.06,1.34,1,95.99
2025-07-18,2025-07-18,Cashmere Sweater - TOF - Interests,Broad Interests - Cashmere Sweater,Creative A - Cashmere Sweate,8.8,528,7,16.66,1.48,0,0.0
2025-07-18,2025-07-18,Discontinued Boots - TOF - Interests,Broad Interests - Discontinued Boots,Creative A - Discontinued Bo,16.8,1005,9,16.72,0.93,0,0.0
2025-07-18,2025-07-18,Discontinued Boots - TOF - Interests,Broad Interests - Discontinued Boots,Creative A - Discontinued Bo,18.42,1190,16,15.48,1.4,0,0.0
2025-07-18,2025-07-18,Running Shorts - TOF - Interests,Broad Interests - Running Shorts,Creative A - Running Shorts,8.79,719,8,12.22,1.15,0,0.0
2025-07-18,2025-07-18,Standard Lanyard - TOF - Interests,Broad Interests - Standard Lanyard,Creative A - Standard Lanyar,10.73,547,4,19.62,0.9,0,0.0
2025-07-19,2025-07-19,Basic Phone Case - TOF - Interests,Broad Interests - Basic Phone Case,Creative A - Basic Phone Cas,13.33,601,8,22.18,1.35,0,0.0
2025-07-19,2025-07-19,Casual Jeans - TOF - Interests,Broad Interests - Casual Jeans,Creative A - Casual Jeans,7.38,406,5,18.17,1.24,0,0.0
2025-07-19,2025-07-19,Polo Shirt - TOF - Interests,Broad Interests - Polo Shirt,Creative A - Polo Shirt,11.83,553,7,21.39,1.34,0,0.0
2025-07-19,2025-07-19,Running Shorts - TOF - Interests,Broad Interests - Running Shorts,Creative A - Running Shorts,11.62,468,6,24.83,1.37,0,0.0
2025-07-19,2025-07-19,Sport Sneakers - TOF - Interests,Broad Interests - Sport Sneakers,Creative A - Sport Sneakers,7.04,307,2,22.93,0.96,0,0.0
2025-07-20,2025-07-20,Baseball Cap - BOF - Retargeting,Website Visitors - Baseball Cap,DPA - Baseball Cap,8.66,632,14,13.71,2.32,1,35.99
2025-07-20,2025-07-20,Baseball Cap - TOF - Interests,Broad Interests - Baseball Cap,Creative A - Baseball Cap,20.23,880,10,22.99,1.17,1,23.99
2025-07-20,2025-07-20,Basic Socks 3-Pack - TOF - Interests,Broad Interests - Basic Socks 3-Pack,Creative A - Basic Socks 3-P,12.21,727,10,16.8,1.43,0,0.0
2025-07-20,2025-07-20,Cashmere Sweater - TOF - Interests,Broad Interests - Cashmere Sweater,Creative A - Cashmere Sweate,4.71,237,2,19.86,0.96,0,0.0
2025-07-20,2025-07-20,Cotton Hoodie - TOF - Interests,Broad Interests - Cotton Hoodie,Creative A - Cotton Hoodie,10.85,677,8,16.02,1.3,0,0.0
2025-07-20,2025-07-20,Last Season Dress - BOF - Retargeting,Website Visitors - Last Season Dress,DPA - Last Season Dre,19.29,1679,45,11.49,2.72,1,29.99
2025-07-20,2025-07-20,Last Season Dress - TOF - Interests,Broad Interests - Last Season Dress,Creative A - Last Season Dre,45.03,2327,23,19.35,0.99,1,19.99
2025-07-20,2025-07-20,Last Season Dress - TOF - Interests,Broad Interests - Last Season Dress,Creative A - Last Season Dre,12.39,551,6,22.49,1.11,0,0.0
2025-07-20,2025-07-20,Premium Leather Bag - BOF - Retargeting,Website Visitors - Premium Leather Bag,DPA - Premium Leather,15.36,1258,27,12.21,2.2,1,143.99
2025-07-20,2025-07-20,Premium Leather Bag - TOF - Interests,Broad Interests - Premium Leather Bag,Creative A - Premium Leather,35.83,1798,23,19.93,1.31,1,95.99
2025-07-20,2025-07-20,Sample Sale Coat - TOF - Interests,Broad Interests - Sample Sale Coat,Creative A - Sample Sale Coa,29.84,1767,16,16.89,0.94,0,0.0
2025-07-20,2025-07-20,Sport Sneakers - TOF - Interests,Broad Interests - Sport Sneakers,Creative A - Sport Sneakers,13.32,673,6,19.79,1.02,0,0.0
2025-07-21,2025-07-21,Artisan Watch - TOF - Interests,Broad Interests - Artisan Watch,Creative A - Artisan Watch,6.2,265,3,23.4,1.46,0,0.0
2025-07-21,2025-07-21,Luxury Belt - TOF - Interests,Broad Interests - Luxury Belt,Creative A - Luxury Belt,4.56,225,2,20.25,1.32,0,0.0
2025-07-21,2025-07-21,Running Shorts - TOF - Interests,Broad Interests - Running Shorts,Creative A - Running Shorts,8.11,417,4,19.45,0.99,0,0.0
2025-07-22,2025-07-22,Artisan Watch - BOF - Retargeting,Website Visitors - Artisan Watch,DPA - Artisan Watch,7.81,543,15,14.38,2.94,1,65.99
2025-07-22,2025-07-22,Artisan Watch - TOF - Interests,Broad Interests - Artisan Watch,Creative A - Artisan Watch,18.23,1007,9,18.1,0.91,1,44.0
2025-07-22,2025-07-22,Artisan Watch - TOF - Interests,Broad Interests - Artisan Watch,Creative A - Artisan Watch,5.33,398,4,13.39,1.15,0,0.0
2025-07-22,2025-07-22,Basic Socks 3-Pack - TOF - Interests,Broad Interests - Basic Socks 3-Pack,Creative A - Basic Socks 3-P,13.11,991,11,13.23,1.14,0,0.0
2025-07-22,2025-07-22,Classic T-Shirt - TOF - Interests,Broad Interests - Classic T-Shirt,Creative A - Classic T-Shirt,8.04,537,7,14.97,1.44,0,0.0
2025-07-22,2025-07-22,Cotton Hoodie - TOF - Interests,Broad Interests - Cotton Hoodie,Creative A - Cotton Hoodie,11.69,732,10,15.97,1.43,0,0.0
2025-07-22,2025-07-22,Sample Sale Coat - TOF - Interests,Broad Interests - Sample Sale Coat,Creative A - Sample Sale Coa,8.48,581,5,14.6,0.98,0,0.0
2025-07-22,2025-07-22,Sport Sneakers - TOF - Interests,Broad Interests - Sport Sneakers,Creative A - Sport Sneakers,12.6,522,6,24.13,1.24,0,0.0
2025-07-23,2025-07-23,Artisan Watch - BOF - Retargeting,Website Visitors - Artisan Watch,DPA - Artisan Watch,23.33,2305,84,10.12,3.66,2,197.98
2025-07-23,2025-07-23,Artisan Watch - BOF - Retargeting,Website Visitors - Artisan Watch,DPA - Artisan Watch,13.86,1065,28,13.01,2.66,1,131.99
2025-07-23,2025-07-23,Artisan Watch - TOF - Interests,Broad Interests - Artisan Watch,Creative A - Artisan Watch,54.44,2496,26,21.81,1.06,1,131.99
2025-07-23,2025-07-23,Artisan Watch - TOF - Interests,Broad Interests - Artisan Watch,Creative A - Artisan Watch,32.35,1858,24,17.41,1.33,1,87.99
2025-07-23,2025-07-23,Luxury Belt - TOF - Interests,Broad Interests - Luxury Belt,Creative A - Luxury Belt,8.93,645,6,13.85,0.99,0,0.0
2025-07-23,2025-07-23,Sample Sale Coat - TOF - Interests,Broad Interests - Sample Sale Coat,Creative A - Sample Sale Coa,15.01,808,6,18.58,0.86,0,0.0
2025-07-24,2025-07-24,Basic Socks 3-Pack - BOF - Retargeting,Website Visitors - Basic Socks 3-Pack,DPA - Basic Socks 3-P,6.18,430,8,14.37,2.02,1,11.99
2025-07-24,2025-07-24,Basic Socks 3-Pack - TOF - Interests,Broad Interests - Basic Socks 3-Pack,Creative A - Basic Socks 3-P,14.41,1144,14,12.6,1.31,1,8.0
2025-07-24,2025-07-24,Classic T-Shirt - TOF - Interests,Broad Interests - Classic T-Shirt,Creative A - Classic T-Shirt,11.28,563,7,20.03,1.37,0,0.0
2025-07-24,2025-07-24,Classic T-Shirt - TOF - Interests,Broad Interests - Classic T-Shirt,Creative A - Classic T-Shirt,8.38,357,4,23.48,1.19,0,0.0
2025-07-24,2025-07-24,Designer Sunglasses - BOF - Retargeting,Website Visitors - Designer Sunglasses,DPA - Designer Sungla,12.82,1595,62,8.04,3.92,1,119.99
2025-07-24,2025-07-24,Designer Sunglasses - TOF - Interests,Broad Interests - Designer Sunglasses,Creative A - Designer Sungla,29.91,2342,28,12.77,1.22,1,79.99
2025-07-24,2025-07-24,Luxury Silk Scarf - BOF - Retargeting,Website Visitors - Luxury Silk Scarf,DPA - Luxury Silk Sca,6.06,588,18,10.31,3.18,1,53.99
2025-07-24,2025-07-24,Luxury Silk Scarf - TOF - Interests,Broad Interests - Luxury Silk Scarf,Creative A - Luxury Silk Sca,14.15,896,10,15.79,1.21,1,36.0
2025-07-24,2025-07-24,Plain Beanie - TOF - Interests,Broad Interests - Plain Beanie,Creative A - Plain Beanie,13.37,642,6,20.82,1.0,0,0.0
2025-07-24,2025-07-24,Simple Keychain - TOF - Interests,Broad Interests - Simple Keychain,Creative A - Simple Keychain,11.91,682,8,17.47,1.31,0,0.0
2025-07-24,2025-07-24,Standard Lanyard - TOF - Interests,Broad Interests - Standard Lanyard,Creative A - Standard Lanyar,10.43,437,5,23.86,1.15,0,0.0
2025-07-25,2025-07-25,Discontinued Boots - TOF - Interests,Broad Interests - Discontinued Boots,Creative A - Discontinued Bo,22.65,1160,16,19.53,1.45,0,0.0
2025-07-25,2025-07-25,Premium Backpack - BOF - Retargeting,Website Visitors - Premium Backpack,DPA - Premium Backpac,5.66,423,13,13.39,3.21,1,53.99
2025-07-25,2025-07-25,Premium Backpack - TOF - Interests,Broad Interests - Premium Backpack,Creative A - Premium Backpac,13.21,555,7,23.81,1.28,1,36.0
2025-07-26,2025-07-26,Classic T-Shirt - TOF - Interests,Broad Interests - Classic T-Shirt,Creative A - Classic T-Shirt,9.19,735,7,12.51,0.96,0,0.0
2025-07-26,2025-07-26,Clearance Jacket - TOF - Interests,Broad Interests - Clearance Jacket,Creative A - Clearance Jacke,19.82,1111,12,17.84,1.11,0,0.0
2025-07-26,2025-07-26,Handcrafted Wallet - TOF - Interests,Broad Interests - Handcrafted Wallet,Creative A - Handcrafted Wal,9.97,546,6,18.26,1.24,0,0.0
2025-07-26,2025-07-26,Luxury Silk Scarf - BOF - Retargeting,Website Visitors - Luxury Silk Scarf,DPA - Luxury Silk Sca,12.57,1154,34,10.89,3.01,1,107.99
2025-07-26,2025-07-26,Luxury Silk Scarf - TOF - Interests,Broad Interests - Luxury Silk Scarf,Creative A - Luxury Silk Sca,29.32,1212,15,24.19,1.29,1,71.99
2025-07-26,2025-07-26,Plain Beanie - TOF - Interests,Broad Interests - Plain Beanie,Creative A - Plain Beanie,13.74,707,9,19.43,1.29,0,0.0
2025-07-26,2025-07-26,Running Shorts - BOF - Retargeting,Website Visitors - Running Shorts,DPA - Running Shorts,3.97,340,11,11.67,3.44,1,20.99
2025-07-26,2025-07-26,Running Shorts - TOF - Interests,Broad Interests - Running Shorts,Creative A - Running Shorts,9.27,431,6,21.5,1.44,1,14.0
2025-07-26,2025-07-26,Sport Sneakers - TOF - Interests,Broad Interests - Sport Sneakers,Creative A - Sport Sneakers,9.99,435,6,22.97,1.49,0,0.0
2025-07-27,2025-07-27,Baseball Cap - BOF - Retargeting,Website Visitors - Baseball Cap,DPA - Baseball Cap,7.29,516,15,14.13,2.98,1,35.99
2025-07-27,2025-07-27,Baseball Cap - TOF - Interests,Broad Interests - Baseball Cap,Creative A - Baseball Cap,17.03,1041,13,16.36,1.33,1,23.99
2025-07-27,2025-07-27,Casual Jeans - TOF - Interests,Broad Interests - Casual Jeans,Creative A - Casual Jeans,10.76,721,5,14.92,0.82,0,0.0
2025-07-27,2025-07-27,Clearance Jacket - TOF - Interests,Broad Interests - Clearance Jacket,Creative A - Clearance Jacke,19.63,1530,15,12.83,0.99,0,0.0
2025-07-27,2025-07-27,Handcrafted Wallet - TOF - Interests,Broad Interests - Handcrafted Wallet,Creative A - Handcrafted Wal,5.14,371,4,13.86,1.1,0,0.0
2025-07-27,2025-07-27,Last Season Dress - TOF - Interests,Broad Interests - Last Season Dress,Creative A - Last Season Dre,16.28,950,13,17.14,1.47,0,0.0
2025-07-27,2025-07-27,Premium Backpack - BOF - Retargeting,Website Visitors - Premium Backpack,DPA - Premium Backpac,13.37,952,28,14.04,3.0,1,107.99
2025-07-27,2025-07-27,Premium Backpack - TOF - Interests,Broad Interests - Premium Backpack,Creative A - Premium Backpac,31.16,2452,26,12.71,1.07,1,71.99
2025-07-27,2025-07-27,Sample Sale Coat - TOF - Interests,Broad Interests - Sample Sale Coat,Creative A - Sample Sale Coa,15.83,1012,14,15.64,1.41,0,0.0
2025-07-27,2025-07-27,Simple Keychain - BOF - Retargeting,Website Visitors - Simple Keychain,DPA - Simple Keychain,2.56,229,8,11.19,3.59,1,5.99
2025-07-27,2025-07-27,Simple Keychain - TOF - Interests,Broad Interests - Simple Keychain,Creative A - Simple Keychain,5.99,422,3,14.2,0.84,1,4.0
2025-07-28,2025-07-28,Casual Jeans - BOF - Retargeting,Website Visitors - Casual Jeans,DPA - Casual Jeans,12.18,927,35,13.14,3.87,1,71.99
2025-07-28,2025-07-28,Casual Jeans - TOF - Interests,Broad Interests - Casual Jeans,Creative A - Casual Jeans,28.41,1223,11,23.23,0.98,1,47.99
2025-07-28,2025-07-28,Cotton Hoodie - TOF - Interests,Broad Interests - Cotton Hoodie,Creative A - Cotton Hoodie,8.61,523,5,16.46,1.12,0,0.0
2025-07-28,2025-07-28,Cotton Hoodie - TOF - Interests,Broad Interests - Cotton Hoodie,Creative A - Cotton Hoodie,14.35,636,9,22.56,1.46,0,0.0
2025-07-28,2025-07-28,Luxury Silk Scarf - BOF - Retargeting,Website Visitors - Luxury Silk Scarf,DPA - Luxury Silk Sca,13.48,1133,27,11.9,2.43,1,107.99
2025-07-28,2025-07-28,Luxury Silk Scarf - TOF - Interests,Broad Interests - Luxury Silk Scarf,Creative A - Luxury Silk Sca,31.48,1612,15,19.53,0.96,1,71.99
2025-07-28,2025-07-28,Luxury Silk Scarf - TOF - Interests,Broad Interests - Luxury Silk Scarf,Creative A - Luxury Silk Sca,8.81,413,5,21.32,1.44,0,0.0
2025-07-28,2025-07-28,Polo Shirt - TOF - Interests,Broad Interests - Polo Shirt,Creative A - Polo Shirt,9.69,442,4,21.92,0.94,0,0.0
2025-07-28,2025-07-28,Running Shorts - TOF - Interests,Broad Interests - Running Shorts,Creative A - Running Shorts,11.66,657,8,17.75,1.24,0,0.0
2025-07-28,2025-07-28,Sample Sale Coat - BOF - Retargeting,Website Visitors - Sample Sale Coat,DPA - Sample Sale Coa,48.54,5478,154,8.86,2.82,1,59.99
2025-07-28,2025-07-28,Sample Sale Coat - TOF - Interests,Broad Interests - Sample Sale Coat,Creative A - Sample Sale Coa,113.26,6002,61,18.87,1.02,1,39.99
2025-07-28,2025-07-28,Standard Lanyard - TOF - Interests,Broad Interests - Standard Lanyard,Creative A - Standard Lanyar,8.78,462,3,19.01,0.82,0,0.0
2025-07-28,2025-07-28,Standard Lanyard - TOF - Interests,Broad Interests - Standard Lanyard,Creative A - Standard Lanyar,11.08,891,7,12.43,0.82,0,0.0
2025-07-29,2025-07-29,Basic Phone Case - TOF - Interests,Broad Interests - Basic Phone Case,Creative A - Basic Phone Cas,8.39,435,5,19.28,1.24,0,0.0
2025-07-29,2025-07-29,Designer Sunglasses - TOF - Interests,Broad Interests - Designer Sunglasses,Creative A - Designer Sungla,6.18,445,6,13.89,1.39,0,0.0
2025-07-29,2025-07-29,Luxury Belt - BOF - Retargeting,Website Visitors - Luxury Belt,DPA - Luxury Belt,11.56,1303,31,8.87,2.42,1,95.99
2025-07-29,2025-07-29,Luxury Belt - TOF - Interests,Broad Interests - Luxury Belt,Creative A - Luxury Belt,26.96,1110,10,24.29,0.94,1,63.99
2025-07-29,2025-07-29,Overstock Pants - TOF - Interests,Broad Interests - Overstock Pants,Creative A - Overstock Pants,16.39,962,11,17.04,1.23,0,0.0
2025-07-29,2025-07-29,Plain Beanie - TOF - Interests,Broad Interests - Plain Beanie,Creative A - Plain Beanie,5.18,335,4,15.46,1.31,0,0.0
2025-07-29,2025-07-29,Running Shorts - TOF - Interests,Broad Interests - Running Shorts,Creative A - Running Shorts,14.47,844,6,17.15,0.82,0,0.0
2025-07-30,2025-07-30,Basic Socks 3-Pack - BOF - Retargeting,Website Visitors - Basic Socks 3-Pack,DPA - Basic Socks 3-P,5.83,689,16,8.46,2.4,1,11.99
2025-07-30,2025-07-30,Basic Socks 3-Pack - TOF - Interests,Broad Interests - Basic Socks 3-Pack,Creative A - Basic Socks 3-P,13.59,801,9,16.97,1.2,1,8.0
2025-07-30,2025-07-30,Cashmere Sweater - TOF - Interests,Broad Interests - Cashmere Sweater,Creative A - Cashmere Sweate,3.77,301,4,12.51,1.48,0,0.0
2025-07-30,2025-07-30,Cotton Hoodie - TOF - Interests,Broad Interests - Cotton Hoodie,Creative A - Cotton Hoodie,13.65,774,8,17.64,1.05,0,0.0
2025-07-30,2025-07-30,Discontinued Boots - BOF - Retargeting,Website Visitors - Discontinued Boots,DPA - Discontinued Bo,32.72,4040,112,8.1,2.8,1,47.99
2025-07-30,2025-07-30,Discontinued Boots - TOF - Interests,Broad Interests - Discontinued Boots,Creative A - Discontinued Bo,76.4,4401,61,17.36,1.4,1,31.99
2025-07-30,2025-07-30,Overstock Pants - TOF - Interests,Broad Interests - Overstock Pants,Creative A - Overstock Pants,8.44,510,7,16.54,1.43,0,0.0
2025-07-30,2025-07-30,Sample Sale Coat - BOF - Retargeting,Website Visitors - Sample Sale Coat,DPA - Sample Sale Coa,41.57,3334,128,12.47,3.84,1,59.99
2025-07-30,2025-07-30,Sample Sale Coat - TOF - Interests,Broad Interests - Sample Sale Coat,Creative A - Sample Sale Coa,97.0,5327,79,18.21,1.49,1,39.99
2025-07-31,2025-07-31,Artisan Watch - BOF - Retargeting,Website Visitors - Artisan Watch,DPA - Artisan Watch,15.14,1525,50,9.93,3.29,1,131.99
2025-07-31,2025-07-31,Artisan Watch - TOF - Interests,Broad Interests - Artisan Watch,Creative A - Artisan Watch,35.33,1796,19,19.67,1.1,1,87.99
2025-07-31,2025-07-31,Basic Socks 3-Pack - BOF - Retargeting,Website Visitors - Basic Socks 3-Pack,DPA - Basic Socks 3-P,10.08,1249,37,8.07,3.02,1,23.99
2025-07-31,2025-07-31,Basic Socks 3-Pack - TOF - Interests,Broad Interests - Basic Socks 3-Pack,Creative A - Basic Socks 3-P,23.5,978,8,24.03,0.82,1,15.99
2025-07-31,2025-07-31,Classic T-Shirt - TOF - Interests,Broad Interests - Classic T-Shirt,Creative A - Classic T-Shirt,5.81,233,2,24.95,1.19,0,0.0
2025-07-31,2025-07-31,Clearance Jacket - TOF - Interests,Broad Interests - Clearance Jacket,Creative A - Clearance Jacke,11.68,973,8,12.0,0.87,0,0.0
2025-07-31,2025-07-31,Last Season Dress - TOF - Interests,Broad Interests - Last Season Dress,Creative A - Last Season Dre,13.11,732,6,17.91,0.93,0,0.0
2025-07-31,2025-07-31,Overstock Pants - TOF - Interests,Broad Interests - Overstock Pants,Creative A - Overstock Pants,20.87,988,9,21.12,0.93,0,0.0
2025-08-01,2025-08-01,Baseball Cap - BOF - Retargeting,Website Visitors - Baseball Cap,DPA - Baseball Cap,4.26,392,12,10.88,3.18,1,17.99
2025-08-01,2025-08-01,Baseball Cap - TOF - Interests,Broad Interests - Baseball Cap,Creative A - Baseball Cap,9.96,409,4,24.36,1.16,1,12.0
2025-08-01,2025-08-01,Basic Socks 3-Pack - TOF - Interests,Broad Interests - Basic Socks 3-Pack,Creative A - Basic Socks 3-P,10.47,582,5,17.99,0.99,0,0.0
2025-08-01,2025-08-01,Classic T-Shirt - TOF - Interests,Broad Interests - Classic T-Shirt,Creative A - Classic T-Shirt,10.84,530,5,20.46,0.96,0,0.0
2025-08-01,2025-08-01,Clearance Jacket - TOF - Interests,Broad Interests - Clearance Jacket,Creative A - Clearance Jacke,12.54,799,6,15.7,0.83,0,0.0
2025-08-01,2025-08-01,Last Season Dress - BOF - Retargeting,Website Visitors - Last Season Dress,DPA - Last Season Dre,9.94,713,27,13.94,3.85,1,14.99
2025-08-01,2025-08-01,Last Season Dress - TOF - Interests,Broad Interests - Last Season Dress,Creative A - Last Season Dre,23.2,1099,11,21.11,1.03,1,10.0
2025-08-01,2025-08-01,Plain Beanie - TOF - Interests,Broad Interests - Plain Beanie,Creative A - Plain Beanie,13.79,615,5,22.43,0.9,0,0.0
2025-08-01,2025-08-01,Premium Backpack - BOF - Retargeting,Website Visitors - Premium Backpack,DPA - Premium Backpac,6.47,690,23,9.38,3.44,1,53.99
2025-08-01,2025-08-01,Premium Backpack - TOF - Interests,Broad Interests - Premium Backpack,Creative A - Premium Backpac,15.11,1013,8,14.92,0.81,1,36.0
2025-08-01,2025-08-01,Premium Leather Bag - TOF - Interests,Broad Interests - Premium Leather Bag,Creative A - Premium Leather,3.88,260,3,14.94,1.39,0,0.0
2025-08-02,2025-08-02,Artisan Watch - BOF - Retargeting,Website Visitors - Artisan Watch,DPA - Artisan Watch,14.97,1286,46,11.64,3.61,1,131.99
2025-08-02,2025-08-02,Artisan Watch - TOF - Interests,Broad Interests - Artisan Watch,Creative A - Artisan Watch,34.92,2247,24,15.54,1.09,1,87.99
2025-08-02,2025-08-02,Basic Phone Case - TOF - Interests,Broad Interests - Basic Phone Case,Creative A - Basic Phone Cas,11.01,550,4,20.01,0.86,0,0.0
2025-08-02,2025-08-02,Cashmere Sweater - BOF - Retargeting,Website Visitors - Cashmere Sweater,DPA - Cashmere Sweate,7.92,720,18,11.0,2.62,1,71.99
2025-08-02,2025-08-02,Cashmere Sweater - TOF - Interests,Broad Interests - Cashmere Sweater,Creative A - Cashmere Sweate,18.5,878,9,21.07,1.11,1,48.0
2025-08-02,2025-08-02,Cotton Hoodie - TOF - Interests,Broad Interests - Cotton Hoodie,Creative A - Cotton Hoodie,8.85,607,7,14.58,1.17,0,0.0
2025-08-02,2025-08-02,Last Season Dress - TOF - Interests,Broad Interests - Last Season Dress,Creative A - Last Season Dre,14.51,837,10,17.34,1.21,0,0.0
2025-08-02,2025-08-02,Premium Backpack - BOF - Retargeting,Website Visitors - Premium Backpack,DPA - Premium Backpac,18.64,2160,49,8.63,2.29,2,161.98
2025-08-02,2025-08-02,Premium Backpack - TOF - Interests,Broad Interests - Premium Backpack,Creative A - Premium Backpac,43.5,1831,20,23.76,1.13,1,107.99
2025-08-02,2025-08-02,Premium Leather Bag - BOF - Retargeting,Website Visitors - Premium Leather Bag,DPA - Premium Leather,7.26,525,18,13.83,3.48,1,71.99
2025-08-02,2025-08-02,Premium Leather Bag - TOF - Interests,Broad Interests - Premium Leather Bag,Creative A - Premium Leather,16.92,1077,14,15.71,1.37,1,48.0
2025-08-03,2025-08-03,Artisan Watch - BOF - Retargeting,Website Visitors - Artisan Watch,DPA - Artisan Watch,7.3,769,27,9.49,3.63,1,65.99
2025-08-03,2025-08-03,Artisan Watch - TOF - Interests,Broad Interests - Artisan Watch,Creative A - Artisan Watch,17.03,979,11,17.4,1.13,1,44.0
2025-08-03,2025-08-03,Canvas Tote Bag - TOF - Interests,Broad Interests - Canvas Tote Bag,Creative A - Canvas Tote Bag,8.58,406,3,21.13,0.87,0,0.0
2025-08-03,2025-08-03,Casual Jeans - TOF - Interests,Broad Interests - Casual Jeans,Creative A - Casual Jeans,12.39,559,5,22.16,0.93,0,0.0
2025-08-03,2025-08-03,Clearance Jacket - BOF - Retargeting,Website Visitors - Clearance Jacket,DPA - Clearance Jacke,11.29,1338,40,8.44,3.03,1,17.99
2025-08-03,2025-08-03,Clearance Jacket - TOF - Interests,Broad Interests - Clearance Jacket,Creative A - Clearance Jacke,26.36,1481,14,17.8,0.96,1,12.0
2025-08-03,2025-08-03,Clearance Jacket - TOF - Interests,Broad Interests - Clearance Jacket,Creative A - Clearance Jacke,9.56,595,8,16.06,1.44,0,0.0
2025-08-03,2025-08-03,Designer Sunglasses - BOF - Retargeting,Website Visitors - Designer Sunglasses,DPA - Designer Sungla,6.8,671,16,10.13,2.48,1,59.99
2025-08-03,2025-08-03,Designer Sunglasses - TOF - Interests,Broad Interests - Designer Sunglasses,Creative A - Designer Sungla,15.86,730,8,21.73,1.22,1,40.0
2025-08-03,2025-08-03,Handcrafted Wallet - BOF - Retargeting,Website Visitors - Handcrafted Wallet,DPA - Handcrafted Wal,21.32,2658,55,8.02,2.09,3,191.98
2025-08-03,2025-08-03,Handcrafted Wallet - TOF - Interests,Broad Interests - Handcrafted Wallet,Creative A - Handcrafted Wal,49.74,3162,26,15.73,0.83,1,127.98
2025-08-03,2025-08-03,Polo Shirt - TOF - Interests,Broad Interests - Polo Shirt,Creative A - Polo Shirt,5.8,320,4,18.14,1.37,0,0.0
2025-08-03,2025-08-03,Premium Leather Bag - BOF - Retargeting,Website Visitors - Premium Leather Bag,DPA - Premium Leather,8.53,807,26,10.57,3.34,1,71.99
2025-08-03,2025-08-03,Premium Leather Bag - TOF - Interests,Broad Interests - Premium Leather Bag,Creative A - Premium Leather,19.9,1027,10,19.38,1.01,1,48.0
2025-08-04,2025-08-04,Artisan Watch - BOF - Retargeting,Website Visitors - Artisan Watch,DPA - Artisan Watch,15.25,1379,32,11.06,2.36,1,131.99
2025-08-04,2025-08-04,Artisan Watch - TOF - Interests,Broad Interests - Artisan Watch,Creative A - Artisan Watch,35.59,1524,15,23.35,1.03,1,87.99
2025-08-04,2025-08-04,Overstock Pants - TOF - Interests,Broad Interests - Overstock Pants,Creative A - Overstock Pants,13.86,603,8,22.98,1.47,0,0.0
2025-08-04,2025-08-04,Plain Beanie - BOF - Retargeting,Website Visitors - Plain Beanie,DPA - Plain Beanie,8.06,765,30,10.54,3.97,1,17.99
2025-08-04,2025-08-04,Plain Beanie - TOF - Interests,Broad Interests - Plain Beanie,Creative A - Plain Beanie,18.82,778,8,24.19,1.13,1,11.99
2025-08-04,2025-08-04,Sport Sneakers - TOF - Interests,Broad Interests - Sport Sneakers,Creative A - Sport Sneakers,13.19,954,9,13.83,0.96,0,0.0
2025-08-05,2025-08-05,Overstock Pants - TOF - Interests,Broad Interests - Overstock Pants,Creative A - Overstock Pants,12.23,943,11,12.97,1.17,0,0.0
2025-08-05,2025-08-05,Premium Backpack - TOF - Interests,Broad Interests - Premium Backpack,Creative A - Premium Backpac,3.98,187,1,21.26,1.02,0,0.0
2025-08-05,2025-08-05,Running Shorts - TOF - Interests,Broad Interests - Running Shorts,Creative A - Running Shorts,8.07,558,6,14.47,1.15,0,0.0
2025-08-06,2025-08-06,Baseball Cap - TOF - Interests,Broad Interests - Baseball Cap,Creative A - Baseball Cap,14.06,824,10,17.06,1.24,0,0.0
2025-08-06,2025-08-06,Cashmere Sweater - BOF - Retargeting,Website Visitors - Cashmere Sweater,DPA - Cashmere Sweate,8.9,608,18,14.64,3.01,1,71.99
2025-08-06,2025-08-06,Cashmere Sweater - TOF - Interests,Broad Interests - Cashmere Sweater,Creative A - Cashmere Sweate,20.77,1016,9,20.44,0.94,1,48.0
2025-08-06,2025-08-06,Clearance Jacket - TOF - Interests,Broad Interests - Clearance Jacket,Creative A - Clearance Jacke,23.2,1080,12,21.48,1.16,0,0.0
2025-08-06,2025-08-06,Designer Sunglasses - BOF - Retargeting,Website Visitors - Designer Sunglasses,DPA - Designer Sungla,7.41,623,16,11.9,2.66,1,59.99
2025-08-06,2025-08-06,Designer Sunglasses - TOF - Interests,Broad Interests - Designer Sunglasses,Creative A - Designer Sungla,17.3,850,8,20.35,1.0,1,40.0
2025-08-06,2025-08-06,Discontinued Boots - TOF - Interests,Broad Interests - Discontinued Boots,Creative A - Discontinued Bo,14.28,930,13,15.36,1.44,0,0.0
2025-08-06,2025-08-06,Discontinued Boots - TOF - Interests,Broad Interests - Discontinued Boots,Creative A - Discontinued Bo,23.54,984,12,23.92,1.25,0,0.0
2025-08-06,2025-08-06,Last Season Dress - TOF - Interests,Broad Interests - Last Season Dress,Creative A - Last Season Dre,18.08,1056,9,17.12,0.88,0,0.0
2025-08-06,2025-08-06,Plain Beanie - BOF - Retargeting,Website Visitors - Plain Beanie,DPA - Plain Beanie,8.72,604,20,14.43,3.37,1,17.99
2025-08-06,2025-08-06,Plain Beanie - TOF - Interests,Broad Interests - Plain Beanie,Creative A - Plain Beanie,20.34,1365,13,14.9,0.97,1,11.99
2025-08-06,2025-08-06,Premium Backpack - TOF - Interests,Broad Interests - Premium Backpack,Creative A - Premium Backpac,5.32,234,2,22.73,1.19,0,0.0
2025-08-06,2025-08-06,Premium Leather Bag - TOF - Interests,Broad Interests - Premium Leather Bag,Creative A - Premium Leather,9.72,405,5,23.99,1.3,0,0.0
2025-08-06,2025-08-06,Simple Keychain - TOF - Interests,Broad Interests - Simple Keychain,Creative A - Simple Keychain,7.39,313,3,23.62,0.96,0,0.0
2025-08-06,2025-08-06,Standard Lanyard - BOF - Retargeting,Website Visitors - Standard Lanyard,DPA - Standard Lanyar,5.26,480,17,10.96,3.58,1,9.59
2025-08-06,2025-08-06,Standard Lanyard - TOF - Interests,Broad Interests - Standard Lanyard,Creative A - Standard Lanyar,12.29,807,10,15.23,1.26,1,6.39
2025-08-07,2025-08-07,Artisan Watch - TOF - Interests,Broad Interests - Artisan Watch,Creative A - Artisan Watch,8.86,554,7,15.99,1.38,0,0.0
2025-08-07,2025-08-07,Baseball Cap - TOF - Interests,Broad Interests - Baseball Cap,Creative A - Baseball Cap,10.66,653,8,16.33,1.36,0,0.0
2025-08-07,2025-08-07,Discontinued Boots - TOF - Interests,Broad Interests - Discontinued Boots,Creative A - Discontinued Bo,18.2,1410,12,12.91,0.86,0,0.0
2025-08-07,2025-08-07,Last Season Dress - TOF - Interests,Broad Interests - Last Season Dress,Creative A - Last Season Dre,12.94,548,5,23.61,1.03,0,0.0
2025-08-07,2025-08-07,Overstock Pants - TOF - Interests,Broad Interests - Overstock Pants,Creative A - Overstock Pants,9.67,615,5,15.72,0.92,0,0.0
2025-08-07,2025-08-07,Overstock Pants - TOF - Interests,Broad Interests - Overstock Pants,Creative A - Overstock Pants,29.76,1351,17,22.03,1.29,0,0.0
2025-08-07,2025-08-07,Plain Beanie - TOF - Interests,Broad Interests - Plain Beanie,Creative A - Plain Beanie,13.73,1002,8,13.7,0.83,0,0.0
2025-08-07,2025-08-07,Running Shorts - TOF - Interests,Broad Interests - Running Shorts,Creative A - Running Shorts,13.45,733,7,18.35,0.99,0,0.0
2025-08-07,2025-08-07,Sample Sale Coat - TOF - Interests,Broad Interests - Sample Sale Coat,Creative A - Sample Sale Coa,27.36,1494,12,18.31,0.81,0,0.0
2025-08-08,2025-08-08,Cashmere Sweater - TOF - Interests,Broad Interests - Cashmere Sweater,Creative A - Cashmere Sweate,8.33,481,5,17.31,1.09,0,0.0
2025-08-08,2025-08-08,Standard Lanyard - TOF - Interests,Broad Interests - Standard Lanyard,Creative A - Standard Lanyar,7.12,327,3,21.78,1.05,0,0.0
2025-08-09,2025-08-09,Basic Phone Case - TOF - Interests,Broad Interests - Basic Phone Case,Creative A - Basic Phone Cas,14.03,757,8,18.54,1.11,0,0.0
2025-08-09,2025-08-09,Canvas Tote Bag - TOF - Interests,Broad Interests - Canvas Tote Bag,Creative A - Canvas Tote Bag,5.44,268,3,20.28,1.22,0,0.0
2025-08-09,2025-08-09,Classic T-Shirt - TOF - Interests,Broad Interests - Classic T-Shirt,Creative A - Classic T-Shirt,10.97,469,5,23.39,1.18,0,0.0
2025-08-09,2025-08-09,Last Season Dress - TOF - Interests,Broad Interests - Last Season Dress,Creative A - Last Season Dre,27.75,1143,11,24.28,0.98,0,0.0
2025-08-09,2025-08-09,Luxury Silk Scarf - TOF - Interests,Broad Interests - Luxury Silk Scarf,Creative A - Luxury Silk Sca,7.04,290,3,24.27,1.11,0,0.0
2025-08-09,2025-08-09,Sport Sneakers - BOF - Retargeting,Website Visitors - Sport Sneakers,DPA - Sport Sneakers,12.19,1446,54,8.43,3.76,1,65.99
2025-08-09,2025-08-09,Sport Sneakers - TOF - Interests,Broad Interests - Sport Sneakers,Creative A - Sport Sneakers,28.43,1192,9,23.85,0.82,1,43.99
2025-08-09,2025-08-09,Sport Sneakers - TOF - Interests,Broad Interests - Sport Sneakers,Creative A - Sport Sneakers,7.79,362,3,21.53,0.84,0,0.0
2025-08-09,2025-08-09,Standard Lanyard - TOF - Interests,Broad Interests - Standard Lanyard,Creative A - Standard Lanyar,6.94,363,5,19.11,1.45,0,0.0
2025-08-10,2025-08-10,Canvas Tote Bag - BOF - Retargeting,Website Visitors - Canvas Tote Bag,DPA - Canvas Tote Bag,4.03,309,7,13.05,2.57,1,23.99
2025-08-10,2025-08-10,Canvas Tote Bag - TOF - Interests,Broad Interests - Canvas Tote Bag,Creative A - Canvas Tote Bag,9.42,427,3,22.06,0.83,1,16.0
2025-08-10,2025-08-10,Luxury Silk Scarf - BOF - Retargeting,Website Visitors - Luxury Silk Scarf,DPA - Luxury Silk Sca,12.43,991,37,12.54,3.75,1,107.99
2025-08-10,2025-08-10,Luxury Silk Scarf - TOF - Interests,Broad Interests - Luxury Silk Scarf,Creative A - Luxury Silk Sca,29.02,1285,11,22.58,0.91,1,71.99
2025-08-10,2025-08-10,Overstock Pants - BOF - Retargeting,Website Visitors - Overstock Pants,DPA - Overstock Pants,10.33,938,22,11.01,2.42,1,11.99
2025-08-10,2025-08-10,Overstock Pants - TOF - Interests,Broad Interests - Overstock Pants,Creative A - Overstock Pants,24.11,1337,16,18.03,1.22,1,8.0
2025-08-10,2025-08-10,Overstock Pants - TOF - Interests,Broad Interests - Overstock Pants,Creative A - Overstock Pants,20.15,1416,14,14.23,1.02,0,0.0
2025-08-10,2025-08-10,Simple Keychain - BOF - Retargeting,Website Visitors - Simple Keychain,DPA - Simple Keychain,3.15,221,7,14.24,3.53,1,5.99
2025-08-10,2025-08-10,Simple Keychain - TOF - Interests,Broad Interests - Simple Keychain,Creative A - Simple Keychain,7.36,456,4,16.13,0.99,1,4.0
2025-08-11,2025-08-11,Canvas Tote Bag - TOF - Interests,Broad Interests - Canvas Tote Bag,Creative A - Canvas Tote Bag,9.47,433,4,21.87,1.15,0,0.0
2025-08-11,2025-08-11,Clearance Jacket - TOF - Interests,Broad Interests - Clearance Jacket,Creative A - Clearance Jacke,29.76,1799,15,16.54,0.83,0,0.0
2025-08-11,2025-08-11,Discontinued Boots - BOF - Retargeting,Website Visitors - Discontinued Boots,DPA - Discontinued Bo,16.43,1796,63,9.15,3.55,1,23.99
2025-08-11,2025-08-11,Discontinued Boots - TOF - Interests,Broad Interests - Discontinued Boots,Creative A - Discontinued Bo,38.34,1807,23,21.22,1.31,1,16.0
2025-08-11,2025-08-11,Overstock Pants - BOF - Retargeting,Website Visitors - Overstock Pants,DPA - Overstock Pants,22.9,1663,49,13.77,3.0,1,23.99
2025-08-11,2025-08-11,Overstock Pants - TOF - Interests,Broad Interests - Overstock Pants,Creative A - Overstock Pants,53.47,4210,44,12.7,1.06,1,15.99
2025-08-11,2025-08-11,Simple Keychain - TOF - Interests,Broad Interests - Simple Keychain,Creative A - Simple Keychain,6.87,519,6,13.24,1.32,0,0.0
2025-08-11,2025-08-11,Standard Lanyard - TOF - Interests,Broad Interests - Standard Lanyard,Creative A - Standard Lanyar,8.39,573,6,14.64,1.13,0,0.0
2025-08-12,2025-08-12,Artisan Watch - BOF - Retargeting,Website Visitors - Artisan Watch,DPA - Artisan Watch,15.25,1486,59,10.26,3.99,1,131.99
2025-08-12,2025-08-12,Artisan Watch - TOF - Interests,Broad Interests - Artisan Watch,Creative A - Artisan Watch,35.56,1505,20,23.63,1.35,1,87.99
2025-08-12,2025-08-12,Discontinued Boots - TOF - Interests,Broad Interests - Discontinued Boots,Creative A - Discontinued Bo,29.28,2128,31,13.76,1.47,0,0.0
2025-08-12,2025-08-12,Last Season Dress - TOF - Interests,Broad Interests - Last Season Dress,Creative A - Last Season Dre,29.56,2122,30,13.93,1.43,0,0.0
2025-08-12,2025-08-12,Polo Shirt - BOF - Retargeting,Website Visitors - Polo Shirt,DPA - Polo Shirt,5.85,482,16,12.14,3.5,1,29.99
2025-08-12,2025-08-12,Polo Shirt - TOF - Interests,Broad Interests - Polo Shirt,Creative A - Polo Shirt,13.66,1093,10,12.5,1.0,1,20.0
2025-08-12,2025-08-12,Running Shorts - TOF - Interests,Broad Interests - Running Shorts,Creative A - Running Shorts,6.5,485,5,13.4,1.12,0,0.0
2025-08-13,2025-08-13,Artisan Watch - BOF - Retargeting,Website Visitors - Artisan Watch,DPA - Artisan Watch,6.91,496,17,13.93,3.44,1,65.99
2025-08-13,2025-08-13,Artisan Watch - TOF - Interests,Broad Interests - Artisan Watch,Creative A - Artisan Watch,16.13,910,13,17.72,1.46,1,44.0
2025-08-13,2025-08-13,Overstock Pants - TOF - Interests,Broad Interests - Overstock Pants,Creative A - Overstock Pants,9.24,573,7,16.13,1.29,0,0.0
2025-08-13,2025-08-13,Overstock Pants - TOF - Interests,Broad Interests - Overstock Pants,Creative A - Overstock Pants,19.93,1142,9,17.45,0.87,0,0.0
2025-08-13,2025-08-13,Premium Leather Bag - BOF - Retargeting,Website Visitors - Premium Leather Bag,DPA - Premium Leather,7.75,650,22,11.92,3.41,1,71.99
2025-08-13,2025-08-13,Premium Leather Bag - TOF - Interests,Broad Interests - Premium Leather Bag,Creative A - Premium Leather,18.09,904,7,20.01,0.84,1,48.0
2025-08-13,2025-08-13,Running Shorts - TOF - Interests,Broad Interests - Running Shorts,Creative A - Running Shorts,13.62,883,9,15.42,1.03,0,0.0
2025-08-14,2025-08-14,Canvas Tote Bag - TOF - Interests,Broad Interests - Canvas Tote Bag,Creative A - Canvas Tote Bag,12.85,1050,10,12.24,1.0,0,0.0
2025-08-14,2025-08-14,Classic T-Shirt - TOF - Interests,Broad Interests - Classic T-Shirt,Creative A - Classic T-Shirt,10.56,465,6,22.72,1.31,0,0.0
2025-08-14,2025-08-14,Discontinued Boots - TOF - Interests,Broad Interests - Discontinued Boots,Creative A - Discontinued Bo,8.73,576,5,15.16,0.9,0,0.0
2025-08-14,2025-08-14,Sample Sale Coat - TOF - Interests,Broad Interests - Sample Sale Coat,Creative A - Sample Sale Coa,10.76,561,7,19.18,1.27,0,0.0
2025-08-15,2025-08-15,Canvas Tote Bag - TOF - Interests,Broad Interests - Canvas Tote Bag,Creative A - Canvas Tote Bag,5.35,271,2,19.76,0.91,0,0.0
2025-08-15,2025-08-15,Clearance Jacket - TOF - Interests,Broad Interests - Clearance Jacket,Creative A - Clearance Jacke,29.7,1980,19,15.0,1.01,0,0.0
2025-08-15,2025-08-15,Handcrafted Wallet - TOF - Interests,Broad Interests - Handcrafted Wallet,Creative A - Handcrafted Wal,4.56,322,3,14.15,0.93,0,0.0
2025-08-15,2025-08-15,Luxury Silk Scarf - TOF - Interests,Broad Interests - Luxury Silk Scarf,Creative A - Luxury Silk Sca,9.16,396,4,23.13,1.23,0,0.0
2025-08-15,2025-08-15,Sport Sneakers - TOF - Interests,Broad Interests - Sport Sneakers,Creative A - Sport Sneakers,10.35,609,5,16.99,0.96,0,0.0
2025-08-16,2025-08-16,Canvas Tote Bag - TOF - Interests,Broad Interests - Canvas Tote Bag,Creative A - Canvas Tote Bag,6.64,317,4,20.94,1.39,0,0.0
2025-08-16,2025-08-16,Classic T-Shirt - TOF - Interests,Broad Interests - Classic T-Shirt,Creative A - Classic T-Shirt,11.61,669,7,17.35,1.08,0,0.0
2025-08-16,2025-08-16,Designer Sunglasses - TOF - Interests,Broad Interests - Designer Sunglasses,Creative A - Designer Sungla,3.27,199,2,16.42,1.41,0,0.0
2025-08-16,2025-08-16,Luxury Silk Scarf - BOF - Retargeting,Website Visitors - Luxury Silk Scarf,DPA - Luxury Silk Sca,6.15,577,14,10.65,2.48,1,53.99
2025-08-16,2025-08-16,Luxury Silk Scarf - TOF - Interests,Broad Interests - Luxury Silk Scarf,Creative A - Luxury Silk Sca,14.35,602,6,23.83,1.1,1,36.0
2025-08-16,2025-08-16,Plain Beanie - TOF - Interests,Broad Interests - Plain Beanie,Creative A - Plain Beanie,13.33,1007,13,13.24,1.37,0,0.0
2025-08-16,2025-08-16,Polo Shirt - TOF - Interests,Broad Interests - Polo Shirt,Creative A - Polo Shirt,6.79,476,4,14.27,0.86,0,0.0
2025-08-17,2025-08-17,Artisan Watch - BOF - Retargeting,Website Visitors - Artisan Watch,DPA - Artisan Watch,6.96,525,18,13.25,3.55,1,65.99
2025-08-17,2025-08-17,Artisan Watch - TOF - Interests,Broad Interests - Artisan Watch,Creative A - Artisan Watch,16.25,798,9,20.36,1.2,1,44.0
2025-08-17,2025-08-17,Cotton Hoodie - TOF - Interests,Broad Interests - Cotton Hoodie,Creative A - Cotton Hoodie,6.75,505,7,13.36,1.41,0,0.0
2025-08-17,2025-08-17,Overstock Pants - TOF - Interests,Broad Interests - Overstock Pants,Creative A - Overstock Pants,16.89,917,11,18.42,1.29,0,0.0
2025-08-17,2025-08-17,Overstock Pants - TOF - Interests,Broad Interests - Overstock Pants,Creative A - Overstock Pants,27.4,1631,14,16.8,0.9,0,0.0
2025-08-17,2025-08-17,Premium Backpack - TOF - Interests,Broad Interests - Premium Backpack,Creative A - Premium Backpac,4.82,268,3,17.97,1.31,0,0.0
2025-08-17,2025-08-17,Premium Leather Bag - TOF - Interests,Broad Interests - Premium Leather Bag,Creative A - Premium Leather,5.5,248,3,22.17,1.28,0,0.0
2025-08-18,2025-08-18,Cashmere Sweater - BOF - Retargeting,Website Visitors - Cashmere Sweater,DPA - Cashmere Sweate,7.26,515,11,14.09,2.28,1,71.99
2025-08-18,2025-08-18,Cashmere Sweater - TOF - Interests,Broad Interests - Cashmere Sweater,Creative A - Cashmere Sweate,16.94,772,6,21.94,0.88,1,48.0
2025-08-18,2025-08-18,Cotton Hoodie - TOF - Interests,Broad Interests - Cotton Hoodie,Creative A - Cotton Hoodie,8.08,357,4,22.63,1.34,0,0.0
2025-08-18,2025-08-18,Plain Beanie - TOF - Interests,Broad Interests - Plain Beanie,Creative A - Plain Beanie,11.9,919,11,12.95,1.28,0,0.0
2025-08-18,2025-08-18,Premium Leather Bag - BOF - Retargeting,Website Visitors - Premium Leather Bag,DPA - Premium Leather,8.41,782,29,10.75,3.73,1,71.99
2025-08-18,2025-08-18,Premium Leather Bag - TOF - Interests,Broad Interests - Premium Leather Bag,Creative A - Premium Leather,19.61,980,13,20.01,1.39,1,48.0
2025-08-18,2025-08-18,Sample Sale Coat - TOF - Interests,Broad Interests - Sample Sale Coat,Creative A - Sample Sale Coa,28.0,1131,16,24.76,1.46,0,0.0
2025-08-18,2025-08-18,Sport Sneakers - TOF - Interests,Broad Interests - Sport Sneakers,Creative A - Sport Sneakers,11.29,468,6,24.12,1.3,0,0.0
2025-08-18,2025-08-18,Standard Lanyard - BOF - Retargeting,Website Visitors - Standard Lanyard,DPA - Standard Lanyar,4.13,380,12,10.88,3.25,1,9.59
2025-08-18,2025-08-18,Standard Lanyard - TOF - Interests,Broad Interests - Standard Lanyard,Creative A - Standard Lanyar,9.65,652,8,14.8,1.28,1,6.39
2025-08-19,2025-08-19,Casual Jeans - TOF - Interests,Broad Interests - Casual Jeans,Creative A - Casual Jeans,11.81,903,9,13.08,1.1,0,0.0
2025-08-19,2025-08-19,Casual Jeans - TOF - Interests,Broad Interests - Casual Jeans,Creative A - Casual Jeans,11.19,525,4,21.31,0.85,0,0.0
2025-08-19,2025-08-19,Handcrafted Wallet - TOF - Interests,Broad Interests - Handcrafted Wallet,Creative A - Handcrafted Wal,3.75,249,3,15.08,1.4,0,0.0
2025-08-19,2025-08-19,Overstock Pants - TOF - Interests,Broad Interests - Overstock Pants,Creative A - Overstock Pants,19.87,1127,10,17.63,0.93,0,0.0
2025-08-19,2025-08-19,Premium Leather Bag - TOF - Interests,Broad Interests - Premium Leather Bag,Creative A - Premium Leather,4.66,261,2,17.84,0.94,0,0.0
2025-08-20,2025-08-20,Canvas Tote Bag - TOF - Interests,Broad Interests - Canvas Tote Bag,Creative A - Canvas Tote Bag,8.96,443,5,20.22,1.32,0,0.0
2025-08-20,2025-08-20,Casual Jeans - TOF - Interests,Broad Interests - Casual Jeans,Creative A - Casual Jeans,13.37,587,5,22.78,0.96,0,0.0
2025-08-20,2025-08-20,Clearance Jacket - BOF - Retargeting,Website Visitors - Clearance Jacket,DPA - Clearance Jacke,17.72,1658,53,10.69,3.21,1,17.99
2025-08-20,2025-08-20,Clearance Jacket - TOF - Interests,Broad Interests - Clearance Jacket,Creative A - Clearance Jacke,41.36,2242,21,18.45,0.96,1,12.0
2025-08-20,2025-08-20,Luxury Belt - TOF - Interests,Broad Interests - Luxury Belt,Creative A - Luxury Belt,4.84,320,2,15.14,0.93,0,0.0
2025-08-20,2025-08-20,Luxury Belt - TOF - Interests,Broad Interests - Luxury Belt,Creative A - Luxury Belt,9.33,567,4,16.46,0.83,0,0.0
2025-08-20,2025-08-20,Overstock Pants - TOF - Interests,Broad Interests - Overstock Pants,Creative A - Overstock Pants,17.21,1257,11,13.69,0.88,0,0.0
2025-08-20,2025-08-20,Premium Leather Bag - BOF - Retargeting,Website Visitors - Premium Leather Bag,DPA - Premium Leather,15.38,1178,29,13.06,2.52,1,143.99
2025-08-20,2025-08-20,Premium Leather Bag - TOF - Interests,Broad Interests - Premium Leather Bag,Creative A - Premium Leather,35.9,1607,22,22.34,1.38,1,95.99
2025-08-20,2025-08-20,Running Shorts - TOF - Interests,Broad Interests - Running Shorts,Creative A - Running Shorts,5.2,350,3,14.87,1.05,0,0.0
2025-08-20,2025-08-20,Standard Lanyard - TOF - Interests,Broad Interests - Standard Lanyard,Creative A - Standard Lanyar,11.63,635,6,18.31,1.0,0,0.0
2025-08-21,2025-08-21,Canvas Tote Bag - BOF - Retargeting,Website Visitors - Canvas Tote Bag,DPA - Canvas Tote Bag,4.78,435,13,10.98,3.02,1,23.99
2025-08-21,2025-08-21,Canvas Tote Bag - TOF - Interests,Broad Interests - Canvas Tote Bag,Creative A - Canvas Tote Bag,11.15,728,8,15.31,1.14,1,16.0
2025-08-21,2025-08-21,Overstock Pants - TOF - Interests,Broad Interests - Overstock Pants,Creative A - Overstock Pants,13.48,943,11,14.29,1.26,0,0.0
2025-08-21,2025-08-21,Plain Beanie - TOF - Interests,Broad Interests - Plain Beanie,Creative A - Plain Beanie,12.3,897,9,13.71,1.07,0,0.0
2025-08-21,2025-08-21,Plain Beanie - TOF - Interests,Broad Interests - Plain Beanie,Creative A - Plain Beanie,14.93,1137,11,13.13,1.04,0,0.0
2025-08-22,2025-08-22,Basic Phone Case - BOF - Retargeting,Website Visitors - Basic Phone Case,DPA - Basic Phone Cas,3.68,308,8,11.95,2.71,1,7.79
2025-08-22,2025-08-22,Basic Phone Case - TOF - Interests,Broad Interests - Basic Phone Case,Creative A - Basic Phone Cas,8.59,434,4,19.79,1.03,1,5.2
2025-08-22,2025-08-22,Last Season Dress - TOF - Interests,Broad Interests - Last Season Dress,Creative A - Last Season Dre,9.91,788,9,12.58,1.23,0,0.0
2025-08-22,2025-08-22,Luxury Silk Scarf - TOF - Interests,Broad Interests - Luxury Silk Scarf,Creative A - Luxury Silk Sca,3.71,158,1,23.47,1.0,0,0.0
2025-08-22,2025-08-22,Overstock Pants - TOF - Interests,Broad Interests - Overstock Pants,Creative A - Overstock Pants,27.61,1471,20,18.77,1.38,0,0.0
2025-08-22,2025-08-22,Plain Beanie - TOF - Interests,Broad Interests - Plain Beanie,Creative A - Plain Beanie,8.35,478,5,17.46,1.18,0,0.0
2025-08-22,2025-08-22,Polo Shirt - TOF - Interests,Broad Interests - Polo Shirt,Creative A - Polo Shirt,10.86,753,6,14.42,0.84,0,0.0
2025-08-22,2025-08-22,Running Shorts - TOF - Interests,Broad Interests - Running Shorts,Creative A - Running Shorts,7.7,566,6,13.6,1.07,0,0.0
2025-08-22,2025-08-22,Sample Sale Coat - TOF - Interests,Broad Interests - Sample Sale Coat,Creative A - Sample Sale Coa,21.09,853,11,24.72,1.39,0,0.0
2025-08-23,2025-08-23,Casual Jeans - TOF - Interests,Broad Interests - Casual Jeans,Creative A - Casual Jeans,9.07,489,4,18.54,0.88,0,0.0
2025-08-23,2025-08-23,Classic T-Shirt - BOF - Retargeting,Website Visitors - Classic T-Shirt,DPA - Classic T-Shirt,14.72,1596,42,9.22,2.67,1,59.99
2025-08-23,2025-08-23,Classic T-Shirt - TOF - Interests,Broad Interests - Classic T-Shirt,Creative A - Classic T-Shirt,34.33,2088,23,16.44,1.11,1,39.99
2025-08-23,2025-08-23,Classic T-Shirt - TOF - Interests,Broad Interests - Classic T-Shirt,Creative A - Classic T-Shirt,6.72,289,4,23.25,1.42,0,0.0
2025-08-23,2025-08-23,Clearance Jacket - TOF - Interests,Broad Interests - Clearance Jacket,Creative A - Clearance Jacke,9.59,795,8,12.06,1.05,0,0.0
2025-08-23,2025-08-23,Cotton Hoodie - TOF - Interests,Broad Interests - Cotton Hoodie,Creative A - Cotton Hoodie,7.85,476,4,16.49,0.91,0,0.0
2025-08-23,2025-08-23,Designer Sunglasses - BOF - Retargeting,Website Visitors - Designer Sunglasses,DPA - Designer Sungla,12.42,1008,27,12.32,2.69,1,119.99
2025-08-23,2025-08-23,Designer Sunglasses - TOF - Interests,Broad Interests - Designer Sunglasses,Creative A - Designer Sungla,28.98,1508,12,19.22,0.82,1,79.99
2025-08-23,2025-08-23,Premium Backpack - TOF - Interests,Broad Interests - Premium Backpack,Creative A - Premium Backpac,5.96,276,2,21.6,1.01,0,0.0
2025-08-23,2025-08-23,Premium Leather Bag - BOF - Retargeting,Website Visitors - Premium Leather Bag,DPA - Premium Leather,15.95,1422,48,11.22,3.44,1,143.99
2025-08-23,2025-08-23,Premium Leather Bag - TOF - Interests,Broad Interests - Premium Leather Bag,Creative A - Premium Leather,37.26,2853,30,13.06,1.06,1,95.99
2025-08-24,2025-08-24,Canvas Tote Bag - BOF - Retargeting,Website Visitors - Canvas Tote Bag,DPA - Canvas Tote Bag,11.09,1034,25,10.73,2.43,1,47.99
2025-08-24,2025-08-24,Canvas Tote Bag - TOF - Interests,Broad Interests - Canvas Tote Bag,Creative A - Canvas Tote Bag,25.89,1871,23,13.84,1.25,1,31.99
2025-08-24,2025-08-24,Cashmere Sweater - TOF - Interests,Broad Interests - Cashmere Sweater,Creative A - Cashmere Sweate,6.58,469,6,14.03,1.49,0,0.0
2025-08-24,2025-08-24,Clearance Jacket - TOF - Interests,Broad Interests - Clearance Jacket,Creative A - Clearance Jacke,12.66,834,6,15.18,0.83,0,0.0
2025-08-24,2025-08-24,Sample Sale Coat - BOF - Retargeting,Website Visitors - Sample Sale Coat,DPA - Sample Sale Coa,57.7,4069,101,14.18,2.49,2,89.98
2025-08-24,2025-08-24,Sample Sale Coat - TOF - Interests,Broad Interests - Sample Sale Coat,Creative A - Sample Sale Coa,134.68,6694,55,20.12,0.83,1,59.99
2025-08-25,2025-08-25,Artisan Watch - BOF - Retargeting,Website Visitors - Artisan Watch,DPA - Artisan Watch,7.29,828,24,8.8,2.97,1,65.99
2025-08-25,2025-08-25,Artisan Watch - TOF - Interests,Broad Interests - Artisan Watch,Creative A - Artisan Watch,17.02,1319,11,12.9,0.9,1,44.0
2025-08-25,2025-08-25,Premium Backpack - BOF - Retargeting,Website Visitors - Premium Backpack,DPA - Premium Backpac,6.19,708,23,8.75,3.26,1,53.99
2025-08-25,2025-08-25,Premium Backpack - TOF - Interests,Broad Interests - Premium Backpack,Creative A - Premium Backpac,14.46,875,10,16.53,1.18,1,36.0
2025-08-25,2025-08-25,Standard Lanyard - BOF - Retargeting,Website Visitors - Standard Lanyard,DPA - Standard Lanyar,2.65,313,8,8.47,2.65,1,4.79
2025-08-25,2025-08-25,Standard Lanyard - TOF - Interests,Broad Interests - Standard Lanyard,Creative A - Standard Lanyar,6.19,268,3,23.1,1.48,1,3.2
2025-08-26,2025-08-26,Basic Socks 3-Pack - TOF - Interests,Broad Interests - Basic Socks 3-Pack,Creative A - Basic Socks 3-P,11.08,490,4,22.61,0.92,0,0.0
2025-08-26,2025-08-26,Casual Jeans - TOF - Interests,Broad Interests - Casual Jeans,Creative A - Casual Jeans,9.19,578,5,15.9,0.96,0,0.0
2025-08-26,2025-08-26,Classic T-Shirt - TOF - Interests,Broad Interests - Classic T-Shirt,Creative A - Classic T-Shirt,5.23,273,2,19.17,1.09,0,0.0
2025-08-26,2025-08-26,Clearance Jacket - TOF - Interests,Broad Interests - Clearance Jacket,Creative A - Clearance Jacke,12.09,543,5,22.26,1.1,0,0.0
2025-08-26,2025-08-26,Cotton Hoodie - TOF - Interests,Broad Interests - Cotton Hoodie,Creative A - Cotton Hoodie,7.09,406,6,17.47,1.48,0,0.0
2025-08-26,2025-08-26,Last Season Dress - TOF - Interests,Broad Interests - Last Season Dress,Creative A - Last Season Dre,24.88,1404,19,17.72,1.42,0,0.0
2025-08-26,2025-08-26,Premium Backpack - BOF - Retargeting,Website Visitors - Premium Backpack,DPA - Premium Backpac,5.97,576,19,10.36,3.42,1,53.99
2025-08-26,2025-08-26,Premium Backpack - TOF - Interests,Broad Interests - Premium Backpack,Creative A - Premium Backpac,13.92,602,5,23.12,0.99,1,36.0
2025-08-26,2025-08-26,Running Shorts - TOF - Interests,Broad Interests - Running Shorts,Creative A - Running Shorts,6.19,258,2,23.98,0.81,0,0.0
2025-08-26,2025-08-26,Standard Lanyard - TOF - Interests,Broad Interests - Standard Lanyard,Creative A - Standard Lanyar,10.09,546,6,18.48,1.19,0,0.0
2025-08-27,2025-08-27,Classic T-Shirt - TOF - Interests,Broad Interests - Classic T-Shirt,Creative A - Classic T-Shirt,7.69,448,4,17.17,1.02,0,0.0
2025-08-27,2025-08-27,Cotton Hoodie - TOF - Interests,Broad Interests - Cotton Hoodie,Creative A - Cotton Hoodie,9.72,689,10,14.11,1.46,0,0.0
2025-08-27,2025-08-27,Sample Sale Coat - BOF - Retargeting,Website Visitors - Sample Sale Coat,DPA - Sample Sale Coa,42.03,2873,96,14.63,3.36,1,59.99
2025-08-27,2025-08-27,Sample Sale Coat - TOF - Interests,Broad Interests - Sample Sale Coat,Creative A - Sample Sale Coa,98.07,7452,75,13.16,1.01,1,39.99
2025-08-27,2025-08-27,Simple Keychain - TOF - Interests,Broad Interests - Simple Keychain,Creative A - Simple Keychain,12.39,626,5,19.8,0.92,0,0.0
2025-08-28,2025-08-28,Baseball Cap - TOF - Interests,Broad Interests - Baseball Cap,Creative A - Baseball Cap,6.52,332,4,19.63,1.23,0,0.0
2025-08-28,2025-08-28,Basic Phone Case - TOF - Interests,Broad Interests - Basic Phone Case,Creative A - Basic Phone Cas,11.58,721,8,16.06,1.22,0,0.0
2025-08-28,2025-08-28,Cashmere Sweater - BOF - Retargeting,Website Visitors - Cashmere Sweater,DPA - Cashmere Sweate,7.54,508,10,14.85,2.14,1,71.99
2025-08-28,2025-08-28,Cashmere Sweater - TOF - Interests,Broad Interests - Cashmere Sweater,Creative A - Cashmere Sweate,17.62,758,10,23.24,1.42,1,48.0
2025-08-28,2025-08-28,Casual Jeans - TOF - Interests,Broad Interests - Casual Jeans,Creative A - Casual Jeans,12.75,778,7,16.39,0.96,0,0.0
2025-08-28,2025-08-28,Last Season Dress - TOF - Interests,Broad Interests - Last Season Dress,Creative A - Last Season Dre,22.41,1197,14,18.72,1.25,0,0.0
2025-08-28,2025-08-28,Overstock Pants - TOF - Interests,Broad Interests - Overstock Pants,Creative A - Overstock Pants,12.82,672,8,19.07,1.28,0,0.0
2025-08-28,2025-08-28,Sample Sale Coat - TOF - Interests,Broad Interests - Sample Sale Coat,Creative A - Sample Sale Coa,13.2,933,11,14.15,1.22,0,0.0
2025-08-28,2025-08-28,Simple Keychain - TOF - Interests,Broad Interests - Simple Keychain,Creative A - Simple Keychain,12.84,622,5,20.65,0.93,0,0.0
2025-08-29,2025-08-29,Basic Phone Case - TOF - Interests,Broad Interests - Basic Phone Case,Creative A - Basic Phone Cas,5.32,223,2,23.85,1.15,0,0.0
2025-08-29,2025-08-29,Basic Socks 3-Pack - BOF - Retargeting,Website Visitors - Basic Socks 3-Pack,DPA - Basic Socks 3-P,5.79,705,19,8.21,2.83,1,11.99
2025-08-29,2025-08-29,Basic Socks 3-Pack - TOF - Interests,Broad Interests - Basic Socks 3-Pack,Creative A - Basic Socks 3-P,13.52,1073,10,12.6,0.95,1,8.0
2025-08-29,2025-08-29,Canvas Tote Bag - BOF - Retargeting,Website Visitors - Canvas Tote Bag,DPA - Canvas Tote Bag,9.49,696,14,13.64,2.01,1,47.99
2025-08-29,2025-08-29,Canvas Tote Bag - TOF - Interests,Broad Interests - Canvas Tote Bag,Creative A - Canvas Tote Bag,22.16,902,11,24.57,1.26,1,31.99
2025-08-29,2025-08-29,Classic T-Shirt - TOF - Interests,Broad Interests - Classic T-Shirt,Creative A - Classic T-Shirt,7.41,351,2,21.12,0.8,0,0.0
2025-08-29,2025-08-29,Clearance Jacket - BOF - Retargeting,Website Visitors - Clearance Jacket,DPA - Clearance Jacke,12.63,1448,51,8.72,3.58,1,17.99
2025-08-29,2025-08-29,Clearance Jacket - TOF - Interests,Broad Interests - Clearance Jacket,Creative A - Clearance Jacke,29.48,2040,19,14.45,0.96,1,12.0
2025-08-29,2025-08-29,Overstock Pants - BOF - Retargeting,Website Visitors - Overstock Pants,DPA - Overstock Pants,9.45,634,14,14.91,2.31,1,11.99
2025-08-29,2025-08-29,Overstock Pants - TOF - Interests,Broad Interests - Overstock Pants,Creative A - Overstock Pants,22.08,1664,14,13.27,0.85,1,8.0
2025-08-29,2025-08-29,Plain Beanie - TOF - Interests,Broad Interests - Plain Beanie,Creative A - Plain Beanie,14.45,1143,11,12.64,1.0,0,0.0
2025-08-29,2025-08-29,Premium Backpack - TOF - Interests,Broad Interests - Premium Backpack,Creative A - Premium Backpac,4.75,298,3,15.93,1.18,0,0.0
2025-08-29,2025-08-29,Running Shorts - TOF - Interests,Broad Interests - Running Shorts,Creative A - Running Shorts,13.0,818,12,15.89,1.48,0,0.0
2025-08-29,2025-08-29,Simple Keychain - TOF - Interests,Broad Interests - Simple Keychain,Creative A - Simple Keychain,6.76,424,3,15.94,0.82,0,0.0
2025-08-29,2025-08-29,Standard Lanyard - TOF - Interests,Broad Interests - Standard Lanyard,Creative A - Standard Lanyar,14.79,723,5,20.46,0.83,0,0.0
2025-08-30,2025-08-30,Clearance Jacket - TOF - Interests,Broad Interests - Clearance Jacket,Creative A - Clearance Jacke,27.26,1302,11,20.94,0.9,0,0.0
2025-08-30,2025-08-30,Cotton Hoodie - TOF - Interests,Broad Interests - Cotton Hoodie,Creative A - Cotton Hoodie,11.32,455,6,24.89,1.47,0,0.0
2025-08-30,2025-08-30,Sport Sneakers - TOF - Interests,Broad Interests - Sport Sneakers,Creative A - Sport Sneakers,14.89,681,9,21.86,1.44,0,0.0
2025-08-31,2025-08-31,Basic Socks 3-Pack - TOF - Interests,Broad Interests - Basic Socks 3-Pack,Creative A - Basic Socks 3-P,6.67,359,5,18.59,1.42,0,0.0
2025-08-31,2025-08-31,Cashmere Sweater - TOF - Interests,Broad Interests - Cashmere Sweater,Creative A - Cashmere Sweate,7.18,594,6,12.09,1.08,0,0.0
2025-08-31,2025-08-31,Classic T-Shirt - TOF - Interests,Broad Interests - Classic T-Shirt,Creative A - Classic T-Shirt,10.64,599,7,17.77,1.27,0,0.0
2025-08-31,2025-08-31,Handcrafted Wallet - TOF - Interests,Broad Interests - Handcrafted Wallet,Creative A - Handcrafted Wal,6.65,325,4,20.46,1.36,0,0.0
2025-08-31,2025-08-31,Luxury Belt - TOF - Interests,Broad Interests - Luxury Belt,Creative A - Luxury Belt,6.55,489,6,13.4,1.23,0,0.0
2025-08-31,2025-08-31,Overstock Pants - TOF - Interests,Broad Interests - Overstock Pants,Creative A - Overstock Pants,21.36,1065,12,20.06,1.21,0,0.0
2025-08-31,2025-08-31,Polo Shirt - TOF - Interests,Broad Interests - Polo Shirt,Creative A - Polo Shirt,14.8,962,11,15.38,1.17,0,0.0
2025-08-31,2025-08-31,Sample Sale Coat - TOF - Interests,Broad Interests - Sample Sale Coat,Creative A - Sample Sale Coa,27.03,1808,15,14.95,0.86,0,0.0
2025-09-01,2025-09-01,Baseball Cap - TOF - Interests,Broad Interests - Baseball Cap,Creative A - Baseball Cap,6.01,299,2,20.09,0.98,0,0.0
2025-09-01,2025-09-01,Clearance Jacket - TOF - Interests,Broad Interests - Clearance Jacket,Creative A - Clearance Jacke,26.33,1588,21,16.58,1.34,0,0.0
2025-09-01,2025-09-01,Designer Sunglasses - TOF - Interests,Broad Interests - Designer Sunglasses,Creative A - Designer Sungla,9.83,431,5,22.81,1.35,0,0.0
2025-09-01,2025-09-01,Last Season Dress - TOF - Interests,Broad Interests - Last Season Dress,Creative A - Last Season Dre,29.7,1290,13,23.02,1.08,0,0.0
2025-09-01,2025-09-01,Luxury Silk Scarf - BOF - Retargeting,Website Visitors - Luxury Silk Scarf,DPA - Luxury Silk Sca,5.4,436,9,12.39,2.25,1,53.99
2025-09-01,2025-09-01,Luxury Silk Scarf - TOF - Interests,Broad Interests - Luxury Silk Scarf,Creative A - Luxury Silk Sca,12.6,571,6,22.07,1.2,1,36.0
2025-09-01,2025-09-01,Plain Beanie - TOF - Interests,Broad Interests - Plain Beanie,Creative A - Plain Beanie,5.46,381,5,14.32,1.38,0,0.0
2025-09-01,2025-09-01,Polo Shirt - TOF - Interests,Broad Interests - Polo Shirt,Creative A - Polo Shirt,11.75,563,7,20.87,1.34,0,0.0
2025-09-02,2025-09-02,Canvas Tote Bag - TOF - Interests,Broad Interests - Canvas Tote Bag,Creative A - Canvas Tote Bag,6.78,471,5,14.39,1.15,0,0.0
2025-09-02,2025-09-02,Cashmere Sweater - TOF - Interests,Broad Interests - Cashmere Sweater,Creative A - Cashmere Sweate,4.99,232,2,21.49,0.89,0,0.0
2025-09-02,2025-09-02,Discontinued Boots - TOF - Interests,Broad Interests - Discontinued Boots,Creative A - Discontinued Bo,28.37,1793,26,15.82,1.46,0,0.0
2025-09-02,2025-09-02,Last Season Dress - TOF - Interests,Broad Interests - Last Season Dress,Creative A - Last Season Dre,23.7,1422,19,16.67,1.34,0,0.0
2025-09-02,2025-09-02,Luxury Belt - BOF - Retargeting,Website Visitors - Luxury Belt,DPA - Luxury Belt,5.11,453,13,11.27,2.92,1,47.99
2025-09-02,2025-09-02,Luxury Belt - TOF - Interests,Broad Interests - Luxury Belt,Creative A - Luxury Belt,11.92,565,7,21.09,1.34,1,32.0
2025-09-02,2025-09-02,Premium Leather Bag - BOF - Retargeting,Website Visitors - Premium Leather Bag,DPA - Premium Leather,8.33,776,18,10.74,2.44,1,71.99
2025-09-02,2025-09-02,Premium Leather Bag - TOF - Interests,Broad Interests - Premium Leather Bag,Creative A - Premium Leather,19.44,899,11,21.62,1.28,1,48.0
2025-09-02,2025-09-02,Premium Leather Bag - TOF - Interests,Broad Interests - Premium Leather Bag,Creative A - Premium Leather,3.56,270,3,13.18,1.13,0,0.0
2025-09-02,2025-09-02,Running Shorts - TOF - Interests,Broad Interests - Running Shorts,Creative A - Running Shorts,11.49,709,10,16.2,1.44,0,0.0
2025-09-02,2025-09-02,Sample Sale Coat - TOF - Interests,Broad Interests - Sample Sale Coat,Creative A - Sample Sale Coa,28.94,1523,12,19.0,0.85,0,0.0
2025-09-03,2025-09-03,Casual Jeans - TOF - Interests,Broad Interests - Casual Jeans,Creative A - Casual Jeans,13.81,931,10,14.83,1.13,0,0.0
2025-09-03,2025-09-03,Classic T-Shirt - TOF - Interests,Broad Interests - Classic T-Shirt,Creative A - Classic T-Shirt,14.35,724,6,19.82,0.94,0,0.0
2025-09-03,2025-09-03,Discontinued Boots - TOF - Interests,Broad Interests - Discontinued Boots,Creative A - Discontinued Bo,21.94,1423,11,15.42,0.81,0,0.0
2025-09-03,2025-09-03,Last Season Dress - TOF - Interests,Broad Interests - Last Season Dress,Creative A - Last Season Dre,29.36,1583,15,18.55,1.0,0,0.0
2025-09-03,2025-09-03,Plain Beanie - TOF - Interests,Broad Interests - Plain Beanie,Creative A - Plain Beanie,12.24,513,4,23.85,0.94,0,0.0
2025-09-04,2025-09-04,Casual Jeans - TOF - Interests,Broad Interests - Casual Jeans,Creative A - Casual Jeans,12.96,920,9,14.09,0.99,0,0.0
2025-09-04,2025-09-04,Classic T-Shirt - TOF - Interests,Broad Interests - Classic T-Shirt,Creative A - Classic T-Shirt,6.79,366,3,18.55,0.85,0,0.0
2025-09-04,2025-09-04,Luxury Silk Scarf - TOF - Interests,Broad Interests - Luxury Silk Scarf,Creative A - Luxury Silk Sca,4.04,287,2,14.07,0.9,0,0.0
2025-09-04,2025-09-04,Overstock Pants - TOF - Interests,Broad Interests - Overstock Pants,Creative A - Overstock Pants,20.21,826,11,24.47,1.45,0,0.0
2025-09-04,2025-09-04,Polo Shirt - TOF - Interests,Broad Interests - Polo Shirt,Creative A - Polo Shirt,10.53,527,5,19.99,0.98,0,0.0
2025-09-04,2025-09-04,Premium Leather Bag - TOF - Interests,Broad Interests - Premium Leather Bag,Creative A - Premium Leather,4.63,244,3,18.98,1.45,0,0.0
2025-09-04,2025-09-04,Running Shorts - BOF - Retargeting,Website Visitors - Running Shorts,DPA - Running Shorts,4.58,497,18,9.22,3.66,1,20.99
2025-09-04,2025-09-04,Running Shorts - TOF - Interests,Broad Interests - Running Shorts,Creative A - Running Shorts,10.69,850,12,12.58,1.43,1,14.0
2025-09-04,2025-09-04,Simple Keychain - BOF - Retargeting,Website Visitors - Simple Keychain,DPA - Simple Keychain,2.53,172,4,14.73,2.72,1,5.99
2025-09-04,2025-09-04,Simple Keychain - TOF - Interests,Broad Interests - Simple Keychain,Creative A - Simple Keychain,5.93,258,3,22.97,1.29,1,4.0
2025-09-04,2025-09-04,Simple Keychain - TOF - Interests,Broad Interests - Simple Keychain,Creative A - Simple Keychain,5.1,383,3,13.31,0.88,0,0.0
2025-09-05,2025-09-05,Basic Phone Case - TOF - Interests,Broad Interests - Basic Phone Case,Creative A - Basic Phone Cas,5.15,272,2,18.94,0.95,0,0.0
2025-09-05,2025-09-05,Clearance Jacket - BOF - Retargeting,Website Visitors - Clearance Jacket,DPA - Clearance Jacke,33.0,2743,79,12.03,2.91,1,35.99
2025-09-05,2025-09-05,Clearance Jacket - TOF - Interests,Broad Interests - Clearance Jacket,Creative A - Clearance Jacke,76.97,6309,68,12.2,1.09,1,23.99
2025-09-05,2025-09-05,Discontinued Boots - TOF - Interests,Broad Interests - Discontinued Boots,Creative A - Discontinued Bo,10.88,596,4,18.26,0.82,0,0.0
2025-09-05,2025-09-05,Overstock Pants - TOF - Interests,Broad Interests - Overstock Pants,Creative A - Overstock Pants,10.61,434,4,24.44,1.14,0,0.0
2025-09-05,2025-09-05,Sport Sneakers - BOF - Retargeting,Website Visitors - Sport Sneakers,DPA - Sport Sneakers,7.76,863,19,8.99,2.25,1,32.99
2025-09-05,2025-09-05,Sport Sneakers - TOF - Interests,Broad Interests - Sport Sneakers,Creative A - Sport Sneakers,18.1,996,11,18.17,1.13,1,22.0
2025-09-06,2025-09-06,Basic Phone Case - TOF - Interests,Broad Interests - Basic Phone Case,Creative A - Basic Phone Cas,7.77,522,5,14.88,1.06,0,0.0
2025-09-06,2025-09-06,Designer Sunglasses - TOF - Interests,Broad Interests - Designer Sunglasses,Creative A - Designer Sungla,7.73,455,5,16.99,1.13,0,0.0
2025-09-06,2025-09-06,Plain Beanie - TOF - Interests,Broad Interests - Plain Beanie,Creative A - Plain Beanie,9.43,611,6,15.44,1.03,0,0.0
2025-09-06,2025-09-06,Premium Backpack - TOF - Interests,Broad Interests - Premium Backpack,Creative A - Premium Backpac,4.86,198,2,24.53,1.06,0,0.0
2025-09-06,2025-09-06,Running Shorts - TOF - Interests,Broad Interests - Running Shorts,Creative A - Running Shorts,8.29,613,8,13.53,1.43,0,0.0
2025-09-06,2025-09-06,Sample Sale Coat - TOF - Interests,Broad Interests - Sample Sale Coat,Creative A - Sample Sale Coa,20.68,1350,13,15.32,1.0,0,0.0
2025-09-06,2025-09-06,Simple Keychain - TOF - Interests,Broad Interests - Simple Keychain,Creative A - Simple Keychain,9.25,544,7,17.01,1.47,0,0.0
2025-09-06,2025-09-06,Standard Lanyard - TOF - Interests,Broad Interests - Standard Lanyard,Creative A - Standard Lanyar,13.75,678,7,20.28,1.08,0,0.0
2025-09-07,2025-09-07,Casual Jeans - TOF - Interests,Broad Interests - Casual Jeans,Creative A - Casual Jeans,14.27,698,9,20.44,1.42,0,0.0
2025-09-07,2025-09-07,Classic T-Shirt - TOF - Interests,Broad Interests - Classic T-Shirt,Creative A - Classic T-Shirt,14.87,1208,11,12.31,0.99,0,0.0
2025-09-07,2025-09-07,Handcrafted Wallet - TOF - Interests,Broad Interests - Handcrafted Wallet,Creative A - Handcrafted Wal,5.93,264,2,22.48,1.07,0,0.0
2025-09-08,2025-09-08,Classic T-Shirt - TOF - Interests,Broad Interests - Classic T-Shirt,Creative A - Classic T-Shirt,13.9,949,11,14.65,1.2,0,0.0
2025-09-08,2025-09-08,Classic T-Shirt - TOF - Interests,Broad Interests - Classic T-Shirt,Creative A - Classic T-Shirt,12.38,702,8,17.64,1.19,0,0.0
2025-09-08,2025-09-08,Designer Sunglasses - TOF - Interests,Broad Interests - Designer Sunglasses,Creative A - Designer Sungla,5.43,318,4,17.07,1.45,0,0.0
2025-09-08,2025-09-08,Last Season Dress - TOF - Interests,Broad Interests - Last Season Dress,Creative A - Last Season Dre,13.17,590,7,22.32,1.34,0,0.0
2025-09-08,2025-09-08,Polo Shirt - TOF - Interests,Broad Interests - Polo Shirt,Creative A - Polo Shirt,14.34,640,7,22.41,1.11,0,0.0
2025-09-08,2025-09-08,Premium Backpack - BOF - Retargeting,Website Visitors - Premium Backpack,DPA - Premium Backpac,11.03,904,21,12.2,2.33,1,107.99
2025-09-08,2025-09-08,Premium Backpack - TOF - Interests,Broad Interests - Premium Backpack,Creative A - Premium Backpac,25.74,1733,15,14.85,0.91,1,71.99
2025-09-08,2025-09-08,Sample Sale Coat - TOF - Interests,Broad Interests - Sample Sale Coat,Creative A - Sample Sale Coa,21.16,1556,19,13.6,1.22,0,0.0
2025-09-09,2025-09-09,Baseball Cap - TOF - Interests,Broad Interests - Baseball Cap,Creative A - Baseball Cap,6.69,416,4,16.08,1.16,0,0.0
2025-09-09,2025-09-09,Discontinued Boots - BOF - Retargeting,Website Visitors - Discontinued Boots,DPA - Discontinued Bo,19.2,2008,74,9.56,3.69,1,23.99
2025-09-09,2025-09-09,Discontinued Boots - TOF - Interests,Broad Interests - Discontinued Boots,Creative A - Discontinued Bo,44.8,1800,23,24.89,1.33,1,16.0
2025-09-09,2025-09-09,Last Season Dress - TOF - Interests,Broad Interests - Last Season Dress,Creative A - Last Season Dre,12.67,791,9,16.02,1.22,0,0.0
2025-09-09,2025-09-09,Premium Leather Bag - TOF - Interests,Broad Interests - Premium Leather Bag,Creative A - Premium Leather,7.17,573,4,12.51,0.82,0,0.0
2025-09-09,2025-09-09,Sample Sale Coat - TOF - Interests,Broad Interests - Sample Sale Coat,Creative A - Sample Sale Coa,10.83,563,7,19.24,1.4,0,0.0
2025-09-09,2025-09-09,Simple Keychain - TOF - Interests,Broad Interests - Simple Keychain,Creative A - Simple Keychain,13.66,722,9,18.92,1.37,0,0.0
2025-09-09,2025-09-09,Standard Lanyard - TOF - Interests,Broad Interests - Standard Lanyard,Creative A - Standard Lanyar,5.6,309,4,18.12,1.37,0,0.0
2025-09-10,2025-09-10,Basic Phone Case - BOF - Retargeting,Website Visitors - Basic Phone Case,DPA - Basic Phone Cas,3.63,376,11,9.66,3.11,1,7.79
2025-09-10,2025-09-10,Basic Phone Case - TOF - Interests,Broad Interests - Basic Phone Case,Creative A - Basic Phone Cas,8.49,531,4,15.98,0.93,1,5.2
2025-09-10,2025-09-10,Canvas Tote Bag - TOF - Interests,Broad Interests - Canvas Tote Bag,Creative A - Canvas Tote Bag,10.69,567,6,18.86,1.23,0,0.0
2025-09-10,2025-09-10,Overstock Pants - TOF - Interests,Broad Interests - Overstock Pants,Creative A - Overstock Pants,27.95,1686,19,16.58,1.17,0,0.0
2025-09-10,2025-09-10,Overstock Pants - TOF - Interests,Broad Interests - Overstock Pants,Creative A - Overstock Pants,15.9,714,6,22.27,0.9,0,0.0
2025-09-10,2025-09-10,Premium Backpack - TOF - Interests,Broad Interests - Premium Backpack,Creative A - Premium Backpac,6.45,413,4,15.62,1.15,0,0.0
2025-09-10,2025-09-10,Premium Leather Bag - TOF - Interests,Broad Interests - Premium Leather Bag,Creative A - Premium Leather,8.72,406,3,21.48,0.83,0,0.0
2025-09-10,2025-09-10,Sample Sale Coat - TOF - Interests,Broad Interests - Sample Sale Coat,Creative A - Sample Sale Coa,28.46,1577,13,18.05,0.87,0,0.0
2025-09-10,2025-09-10,Sample Sale Coat - TOF - Interests,Broad Interests - Sample Sale Coat,Creative A - Sample Sale Coa,10.68,518,7,20.61,1.44,0,0.0
2025-09-11,2025-09-11,Basic Phone Case - TOF - Interests,Broad Interests - Basic Phone Case,Creative A - Basic Phone Cas,9.11,496,5,18.37,1.2,0,0.0
2025-09-11,2025-09-11,Basic Phone Case - TOF - Interests,Broad Interests - Basic Phone Case,Creative A - Basic Phone Cas,8.8,507,4,17.36,0.82,0,0.0
2025-09-11,2025-09-11,Basic Socks 3-Pack - TOF - Interests,Broad Interests - Basic Socks 3-Pack,Creative A - Basic Socks 3-P,6.86,451,5,15.2,1.16,0,0.0
2025-09-11,2025-09-11,Clearance Jacket - BOF - Retargeting,Website Visitors - Clearance Jacket,DPA - Clearance Jacke,11.57,1324,27,8.74,2.08,1,17.99
2025-09-11,2025-09-11,Clearance Jacket - TOF - Interests,Broad Interests - Clearance Jacket,Creative A - Clearance Jacke,26.98,1104,15,24.44,1.39,1,12.0
2025-09-11,2025-09-11,Clearance Jacket - TOF - Interests,Broad Interests - Clearance Jacket,Creative A - Clearance Jacke,20.77,1191,9,17.44,0.81,0,0.0
2025-09-11,2025-09-11,Designer Sunglasses - TOF - Interests,Broad Interests - Designer Sunglasses,Creative A - Designer Sungla,7.22,425,5,17.0,1.38,0,0.0
2025-09-11,2025-09-11,Designer Sunglasses - TOF - Interests,Broad Interests - Designer Sunglasses,Creative A - Designer Sungla,7.69,316,4,24.34,1.44,0,0.0
2025-09-11,2025-09-11,Discontinued Boots - BOF - Retargeting,Website Visitors - Discontinued Boots,DPA - Discontinued Bo,15.81,1309,30,12.08,2.32,1,23.99
2025-09-11,2025-09-11,Discontinued Boots - TOF - Interests,Broad Interests - Discontinued Boots,Creative A - Discontinued Bo,36.92,1499,14,24.63,0.96,1,16.0
2025-09-11,2025-09-11,Luxury Belt - BOF - Retargeting,Website Visitors - Luxury Belt,DPA - Luxury Belt,10.12,1090,23,9.28,2.15,1,95.99
2025-09-11,2025-09-11,Luxury Belt - TOF - Interests,Broad Interests - Luxury Belt,Creative A - Luxury Belt,23.61,1615,17,14.62,1.08,1,63.99
2025-09-11,2025-09-11,Plain Beanie - TOF - Interests,Broad Interests - Plain Beanie,Creative A - Plain Beanie,10.12,684,7,14.79,1.05,0,0.0
2025-09-11,2025-09-11,Standard Lanyard - TOF - Interests,Broad Interests - Standard Lanyard,Creative A - Standard Lanyar,8.49,342,4,24.81,1.33,0,0.0
2025-09-12,2025-09-12,Baseball Cap - TOF - Interests,Broad Interests - Baseball Cap,Creative A - Baseball Cap,10.72,687,5,15.61,0.84,0,0.0
2025-09-12,2025-09-12,Basic Socks 3-Pack - TOF - Interests,Broad Interests - Basic Socks 3-Pack,Creative A - Basic Socks 3-P,5.91,309,3,19.13,1.08,0,0.0
2025-09-12,2025-09-12,Cashmere Sweater - BOF - Retargeting,Website Visitors - Cashmere Sweater,DPA - Cashmere Sweate,7.38,751,20,9.83,2.67,1,71.99
2025-09-12,2025-09-12,Cashmere Sweater - TOF - Interests,Broad Interests - Cashmere Sweater,Creative A - Cashmere Sweate,17.25,1119,9,15.42,0.87,1,48.0
2025-09-12,2025-09-12,Cotton Hoodie - TOF - Interests,Broad Interests - Cotton Hoodie,Creative A - Cotton Hoodie,5.42,247,2,21.96,1.21,0,0.0
2025-09-12,2025-09-12,Discontinued Boots - TOF - Interests,Broad Interests - Discontinued Boots,Creative A - Discontinued Bo,25.81,1664,13,15.51,0.81,0,0.0
2025-09-12,2025-09-12,Luxury Silk Scarf - BOF - Retargeting,Website Visitors - Luxury Silk Scarf,DPA - Luxury Silk Sca,12.22,868,33,14.08,3.83,1,107.99
2025-09-12,2025-09-12,Luxury Silk Scarf - TOF - Interests,Broad Interests - Luxury Silk Scarf,Creative A - Luxury Silk Sca,28.53,1547,22,18.44,1.44,1,71.99
2025-09-12,2025-09-12,Overstock Pants - TOF - Interests,Broad Interests - Overstock Pants,Creative A - Overstock Pants,28.71,1863,16,15.41,0.9,0,0.0
2025-09-12,2025-09-12,Plain Beanie - TOF - Interests,Broad Interests - Plain Beanie,Creative A - Plain Beanie,5.02,206,2,24.37,1.22,0,0.0
2025-09-12,2025-09-12,Sample Sale Coat - BOF - Retargeting,Website Visitors - Sample Sale Coat,DPA - Sample Sale Coa,38.81,4497,171,8.63,3.81,1,59.99
2025-09-12,2025-09-12,Sample Sale Coat - TOF - Interests,Broad Interests - Sample Sale Coat,Creative A - Sample Sale Coa,90.61,5880,75,15.41,1.28,1,39.99
2025-09-12,2025-09-12,Sample Sale Coat - TOF - Interests,Broad Interests - Sample Sale Coat,Creative A - Sample Sale Coa,26.73,1126,10,23.74,0.91,0,0.0
2025-09-13,2025-09-13,Artisan Watch - BOF - Retargeting,Website Visitors - Artisan Watch,DPA - Artisan Watch,6.81,728,27,9.35,3.75,1,65.99
2025-09-13,2025-09-13,Artisan Watch - TOF - Interests,Broad Interests - Artisan Watch,Creative A - Artisan Watch,15.89,973,10,16.33,1.09,1,44.0
2025-09-13,2025-09-13,Baseball Cap - BOF - Retargeting,Website Visitors - Baseball Cap,DPA - Baseball Cap,8.84,656,18,13.47,2.86,1,35.99
2025-09-13,2025-09-13,Baseball Cap - TOF - Interests,Broad Interests - Baseball Cap,Creative A - Baseball Cap,20.64,1437,20,14.36,1.42,1,23.99
2025-09-13,2025-09-13,Cashmere Sweater - BOF - Retargeting,Website Visitors - Cashmere Sweater,DPA - Cashmere Sweate,14.82,1422,43,10.42,3.04,1,143.99
2025-09-13,2025-09-13,Cashmere Sweater - TOF - Interests,Broad Interests - Cashmere Sweater,Creative A - Cashmere Sweate,34.56,1540,20,22.44,1.34,1,95.99
2025-09-13,2025-09-13,Cotton Hoodie - BOF - Retargeting,Website Visitors - Cotton Hoodie,DPA - Cotton Hoodie,9.63,763,17,12.62,2.35,1,53.99
2025-09-13,2025-09-13,Cotton Hoodie - TOF - Interests,Broad Interests - Cotton Hoodie,Creative A - Cotton Hoodie,22.46,1047,14,21.45,1.39,1,35.99
2025-09-13,2025-09-13,Premium Leather Bag - TOF - Interests,Broad Interests - Premium Leather Bag,Creative A - Premium Leather,6.07,262,2,23.18,0.87,0,0.0
2025-09-13,2025-09-13,Sample Sale Coat - TOF - Interests,Broad Interests - Sample Sale Coat,Creative A - Sample Sale Coa,10.07,699,9,14.41,1.36,0,0.0
2025-09-14,2025-09-14,Basic Phone Case - TOF - Interests,Broad Interests - Basic Phone Case,Creative A - Basic Phone Cas,12.63,869,12,14.53,1.44,0,0.0
2025-09-14,2025-09-14,Canvas Tote Bag - BOF - Retargeting,Website Visitors - Canvas Tote Bag,DPA - Canvas Tote Bag,8.64,693,23,12.47,3.44,1,47.99
2025-09-14,2025-09-14,Canvas Tote Bag - TOF - Interests,Broad Interests - Canvas Tote Bag,Creative A - Canvas Tote Bag,20.15,1494,16,13.49,1.1,1,31.99
2025-09-14,2025-09-14,Overstock Pants - BOF - Retargeting,Website Visitors - Overstock Pants,DPA - Overstock Pants,7.82,804,24,9.73,3.07,1,11.99
2025-09-14,2025-09-14,Overstock Pants - BOF - Retargeting,Website Visitors - Overstock Pants,DPA - Overstock Pants,8.89,936,27,9.5,2.96,1,11.99
2025-09-14,2025-09-14,Overstock Pants - TOF - Interests,Broad Interests - Overstock Pants,Creative A - Overstock Pants,18.24,869,8,20.99,0.98,1,8.0
2025-09-14,2025-09-14,Overstock Pants - TOF - Interests,Broad Interests - Overstock Pants,Creative A - Overstock Pants,20.75,976,10,21.26,1.12,1,8.0
2025-09-14,2025-09-14,Plain Beanie - TOF - Interests,Broad Interests - Plain Beanie,Creative A - Plain Beanie,14.13,724,9,19.51,1.28,0,0.0
2025-09-14,2025-09-14,Polo Shirt - BOF - Retargeting,Website Visitors - Polo Shirt,DPA - Polo Shirt,5.89,424,15,13.88,3.69,1,29.99
2025-09-14,2025-09-14,Polo Shirt - TOF - Interests,Broad Interests - Polo Shirt,Creative A - Polo Shirt,13.74,743,7,18.49,0.99,1,20.0
2025-09-14,2025-09-14,Premium Leather Bag - BOF - Retargeting,Website Visitors - Premium Leather Bag,DPA - Premium Leather,7.49,754,20,9.94,2.78,1,71.99
2025-09-14,2025-09-14,Premium Leather Bag - TOF - Interests,Broad Interests - Premium Leather Bag,Creative A - Premium Leather,17.5,829,11,21.11,1.42,1,48.0
2025-09-14,2025-09-14,Sample Sale Coat - TOF - Interests,Broad Interests - Sample Sale Coat,Creative A - Sample Sale Coa,20.03,1388,18,14.43,1.32,0,0.0
2025-09-15,2025-09-15,Basic Socks 3-Pack - TOF - Interests,Broad Interests - Basic Socks 3-Pack,Creative A - Basic Socks 3-P,6.2,374,5,16.58,1.39,0,0.0
2025-09-15,2025-09-15,Casual Jeans - TOF - Interests,Broad Interests - Casual Jeans,Creative A - Casual Jeans,11.41,675,9,16.9,1.34,0,0.0
2025-09-15,2025-09-15,Discontinued Boots - TOF - Interests,Broad Interests - Discontinued Boots,Creative A - Discontinued Bo,19.56,817,11,23.94,1.41,0,0.0
2025-09-15,2025-09-15,Handcrafted Wallet - BOF - Retargeting,Website Visitors - Handcrafted Wallet,DPA - Handcrafted Wal,5.19,452,14,11.49,3.14,1,47.99
2025-09-15,2025-09-15,Handcrafted Wallet - TOF - Interests,Broad Interests - Handcrafted Wallet,Creative A - Handcrafted Wal,12.13,501,6,24.21,1.33,1,32.0
2025-09-15,2025-09-15,Last Season Dress - TOF - Interests,Broad Interests - Last Season Dress,Creative A - Last Season Dre,19.8,900,12,22.0,1.43,0,0.0
2025-09-15,2025-09-15,Running Shorts - TOF - Interests,Broad Interests - Running Shorts,Creative A - Running Shorts,6.03,276,3,21.83,1.23,0,0.0
2025-09-15,2025-09-15,Standard Lanyard - TOF - Interests,Broad Interests - Standard Lanyard,Creative A - Standard Lanyar,9.86,516,7,19.11,1.42,0,0.0
2025-09-16,2025-09-16,Artisan Watch - TOF - Interests,Broad Interests - Artisan Watch,Creative A - Artisan Watch,5.4,262,2,20.61,0.85,0,0.0
2025-09-16,2025-09-16,Cashmere Sweater - BOF - Retargeting,Website Visitors - Cashmere Sweater,DPA - Cashmere Sweate,16.86,1597,32,10.56,2.06,1,143.99
2025-09-16,2025-09-16,Cashmere Sweater - TOF - Interests,Broad Interests - Cashmere Sweater,Creative A - Cashmere Sweate,39.35,1810,26,21.74,1.49,1,95.99
2025-09-16,2025-09-16,Designer Sunglasses - TOF - Interests,Broad Interests - Designer Sunglasses,Creative A - Designer Sungla,4.07,228,2,17.85,1.17,0,0.0
2025-09-16,2025-09-16,Discontinued Boots - TOF - Interests,Broad Interests - Discontinued Boots,Creative A - Discontinued Bo,19.81,1187,17,16.69,1.47,0,0.0
2025-09-16,2025-09-16,Luxury Belt - TOF - Interests,Broad Interests - Luxury Belt,Creative A - Luxury Belt,8.12,486,7,16.7,1.46,0,0.0
2025-09-16,2025-09-16,Premium Leather Bag - BOF - Retargeting,Website Visitors - Premium Leather Bag,DPA - Premium Leather,7.48,573,22,13.06,3.94,1,71.99
2025-09-16,2025-09-16,Premium Leather Bag - TOF - Interests,Broad Interests - Premium Leather Bag,Creative A - Premium Leather,17.46,1422,11,12.28,0.81,1,48.0
2025-09-17,2025-09-17,Clearance Jacket - TOF - Interests,Broad Interests - Clearance Jacket,Creative A - Clearance Jacke,25.25,1340,12,18.84,0.91,0,0.0
2025-09-17,2025-09-17,Designer Sunglasses - TOF - Interests,Broad Interests - Designer Sunglasses,Creative A - Designer Sungla,8.96,363,4,24.69,1.36,0,0.0
2025-09-17,2025-09-17,Discontinued Boots - TOF - Interests,Broad Interests - Discontinued Boots,Creative A - Discontinued Bo,15.69,1243,10,12.62,0.88,0,0.0
2025-09-17,2025-09-17,Premium Backpack - TOF - Interests,Broad Interests - Premium Backpack,Creative A - Premium Backpac,4.41,203,1,21.73,0.94,0,0.0
2025-09-17,2025-09-17,Premium Leather Bag - BOF - Retargeting,Website Visitors - Premium Leather Bag,DPA - Premium Leather,17.71,1237,38,14.32,3.11,1,143.99
2025-09-17,2025-09-17,Premium Leather Bag - TOF - Interests,Broad Interests - Premium Leather Bag,Creative A - Premium Leather,41.31,2290,20,18.04,0.88,1,95.99
2025-09-18,2025-09-18,Baseball Cap - TOF - Interests,Broad Interests - Baseball Cap,Creative A - Baseball Cap,8.45,499,4,16.93,0.87,0,0.0
2025-09-18,2025-09-18,Basic Phone Case - TOF - Interests,Broad Interests - Basic Phone Case,Creative A - Basic Phone Cas,6.48,417,3,15.55,0.82,0,0.0
2025-09-18,2025-09-18,Classic T-Shirt - TOF - Interests,Broad Interests - Classic T-Shirt,Creative A - Classic T-Shirt,14.57,679,6,21.46,0.96,0,0.0
2025-09-18,2025-09-18,Running Shorts - TOF - Interests,Broad Interests - Running Shorts,Creative A - Running Shorts,10.75,636,8,16.91,1.3,0,0.0
2025-09-18,2025-09-18,Sample Sale Coat - TOF - Interests,Broad Interests - Sample Sale Coat,Creative A - Sample Sale Coa,10.07,781,10,12.89,1.39,0,0.0
2025-09-19,2025-09-19,Clearance Jacket - TOF - Interests,Broad Interests - Clearance Jacket,Creative A - Clearance Jacke,26.79,1187,14,22.57,1.24,0,0.0
2025-09-19,2025-09-19,Cotton Hoodie - TOF - Interests,Broad Interests - Cotton Hoodie,Creative A - Cotton Hoodie,7.39,317,4,23.3,1.44,0,0.0
2025-09-19,2025-09-19,Plain Beanie - TOF - Interests,Broad Interests - Plain Beanie,Creative A - Plain Beanie,11.78,603,5,19.53,0.9,0,0.0
2025-09-20,2025-09-20,Baseball Cap - TOF - Interests,Broad Interests - Baseball Cap,Creative A - Baseball Cap,10.56,583,6,18.12,1.11,0,0.0
2025-09-20,2025-09-20,Basic Socks 3-Pack - TOF - Interests,Broad Interests - Basic Socks 3-Pack,Creative A - Basic Socks 3-P,8.27,446,4,18.54,1.09,0,0.0
2025-09-20,2025-09-20,Overstock Pants - TOF - Interests,Broad Interests - Overstock Pants,Creative A - Overstock Pants,13.62,666,9,20.45,1.39,0,0.0
2025-09-20,2025-09-20,Premium Backpack - TOF - Interests,Broad Interests - Premium Backpack,Creative A - Premium Backpac,8.3,604,5,13.74,0.94,0,0.0
2025-09-20,2025-09-20,Premium Leather Bag - BOF - Retargeting,Website Visitors - Premium Leather Bag,DPA - Premium Leather,8.87,604,18,14.69,3.1,1,71.99
2025-09-20,2025-09-20,Premium Leather Bag - TOF - Interests,Broad Interests - Premium Leather Bag,Creative A - Premium Leather,20.74,1256,17,16.51,1.4,1,48.0
2025-09-20,2025-09-20,Simple Keychain - TOF - Interests,Broad Interests - Simple Keychain,Creative A - Simple Keychain,8.23,404,4,20.38,1.19,0,0.0
2025-09-21,2025-09-21,Discontinued Boots - TOF - Interests,Broad Interests - Discontinued Boots,Creative A - Discontinued Bo,26.96,1990,19,13.55,0.96,0,0.0
2025-09-21,2025-09-21,Handcrafted Wallet - BOF - Retargeting,Website Visitors - Handcrafted Wallet,DPA - Handcrafted Wal,11.62,1165,35,9.97,3.01,1,95.99
2025-09-21,2025-09-21,Handcrafted Wallet - BOF - Retargeting,Website Visitors - Handcrafted Wallet,DPA - Handcrafted Wal,11.18,1042,22,10.73,2.13,1,95.99
2025-09-21,2025-09-21,Handcrafted Wallet - TOF - Interests,Broad Interests - Handcrafted Wallet,Creative A - Handcrafted Wal,27.09,1634,16,16.58,1.02,1,63.99
2025-09-21,2025-09-21,Handcrafted Wallet - TOF - Interests,Broad Interests - Handcrafted Wallet,Creative A - Handcrafted Wal,26.09,2040,22,12.79,1.09,1,63.99
2025-09-21,2025-09-21,Premium Backpack - BOF - Retargeting,Website Visitors - Premium Backpack,DPA - Premium Backpac,12.24,909,28,13.46,3.1,1,107.99
2025-09-21,2025-09-21,Premium Backpack - TOF - Interests,Broad Interests - Premium Backpack,Creative A - Premium Backpac,28.56,2089,26,13.67,1.25,1,71.99
2025-09-21,2025-09-21,Sample Sale Coat - TOF - Interests,Broad Interests - Sample Sale Coat,Creative A - Sample Sale Coa,13.27,537,7,24.71,1.31,0,0.0
2025-09-21,2025-09-21,Standard Lanyard - TOF - Interests,Broad Interests - Standard Lanyard,Creative A - Standard Lanyar,11.95,542,6,22.05,1.25,0,0.0
2025-09-22,2025-09-22,Canvas Tote Bag - TOF - Interests,Broad Interests - Canvas Tote Bag,Creative A - Canvas Tote Bag,5.86,235,3,24.94,1.37,0,0.0
2025-09-22,2025-09-22,Designer Sunglasses - BOF - Retargeting,Website Visitors - Designer Sunglasses,DPA - Designer Sungla,13.3,1163,31,11.44,2.73,1,119.99
2025-09-22,2025-09-22,Designer Sunglasses - TOF - Interests,Broad Interests - Designer Sunglasses,Creative A - Designer Sungla,31.06,1679,21,18.5,1.31,1,79.99
2025-09-22,2025-09-22,Discontinued Boots - BOF - Retargeting,Website Visitors - Discontinued Boots,DPA - Discontinued Bo,23.72,2003,52,11.84,2.63,1,23.99
2025-09-22,2025-09-22,Discontinued Boots - TOF - Interests,Broad Interests - Discontinued Boots,Creative A - Discontinued Bo,55.34,3212,28,17.23,0.89,1,16.0
2025-09-22,2025-09-22,Simple Keychain - TOF - Interests,Broad Interests - Simple Keychain,Creative A - Simple Keychain,5.44,252,3,21.58,1.39,0,0.0
2025-09-22,2025-09-22,Sport Sneakers - TOF - Interests,Broad Interests - Sport Sneakers,Creative A - Sport Sneakers,7.65,310,2,24.68,0.89,0,0.0
2025-09-23,2025-09-23,Basic Phone Case - TOF - Interests,Broad Interests - Basic Phone Case,Creative A - Basic Phone Cas,8.28,378,3,21.9,1.04,0,0.0
2025-09-23,2025-09-23,Basic Socks 3-Pack - TOF - Interests,Broad Interests - Basic Socks 3-Pack,Creative A - Basic Socks 3-P,9.3,527,4,17.65,0.84,0,0.0
2025-09-23,2025-09-23,Luxury Belt - BOF - Retargeting,Website Visitors - Luxury Belt,DPA - Luxury Belt,10.42,895,33,11.64,3.77,1,95.99
2025-09-23,2025-09-23,Luxury Belt - TOF - Interests,Broad Interests - Luxury Belt,Creative A - Luxury Belt,24.33,1777,23,13.69,1.32,1,63.99
2025-09-23,2025-09-23,Overstock Pants - TOF - Interests,Broad Interests - Overstock Pants,Creative A - Overstock Pants,26.05,1435,15,18.15,1.09,0,0.0
2025-09-23,2025-09-23,Sample Sale Coat - TOF - Interests,Broad Interests - Sample Sale Coat,Creative A - Sample Sale Coa,14.44,865,10,16.69,1.2,0,0.0
2025-09-23,2025-09-23,Standard Lanyard - BOF - Retargeting,Website Visitors - Standard Lanyard,DPA - Standard Lanyar,5.16,634,22,8.14,3.48,1,9.59
2025-09-23,2025-09-23,Standard Lanyard - TOF - Interests,Broad Interests - Standard Lanyard,Creative A - Standard Lanyar,12.04,731,8,16.47,1.16,1,6.39
2025-09-24,2025-09-24,Cashmere Sweater - TOF - Interests,Broad Interests - Cashmere Sweater,Creative A - Cashmere Sweate,8.95,711,10,12.59,1.45,0,0.0
2025-09-24,2025-09-24,Handcrafted Wallet - TOF - Interests,Broad Interests - Handcrafted Wallet,Creative A - Handcrafted Wal,4.6,278,2,16.54,1.03,0,0.0
2025-09-24,2025-09-24,Last Season Dress - TOF - Interests,Broad Interests - Last Season Dress,Creative A - Last Season Dre,21.45,1326,11,16.18,0.83,0,0.0
2025-09-24,2025-09-24,Luxury Belt - BOF - Retargeting,Website Visitors - Luxury Belt,DPA - Luxury Belt,4.97,536,15,9.27,2.84,1,47.99
2025-09-24,2025-09-24,Luxury Belt - TOF - Interests,Broad Interests - Luxury Belt,Creative A - Luxury Belt,11.59,572,5,20.26,1.04,1,32.0
2025-09-24,2025-09-24,Plain Beanie - TOF - Interests,Broad Interests - Plain Beanie,Creative A - Plain Beanie,7.12,506,4,14.08,0.91,0,0.0
2025-09-24,2025-09-24,Polo Shirt - TOF - Interests,Broad Interests - Polo Shirt,Creative A - Polo Shirt,13.11,786,10,16.68,1.39,0,0.0
2025-09-24,2025-09-24,Simple Keychain - BOF - Retargeting,Website Visitors - Simple Keychain,DPA - Simple Keychain,5.07,524,17,9.68,3.38,1,11.99
2025-09-24,2025-09-24,Simple Keychain - TOF - Interests,Broad Interests - Simple Keychain,Creative A - Simple Keychain,11.84,662,7,17.89,1.15,1,7.99
2025-09-25,2025-09-25,Artisan Watch - BOF - Retargeting,Website Visitors - Artisan Watch,DPA - Artisan Watch,14.84,1541,35,9.63,2.28,1,131.99
2025-09-25,2025-09-25,Artisan Watch - TOF - Interests,Broad Interests - Artisan Watch,Creative A - Artisan Watch,34.64,2068,29,16.75,1.41,1,87.99
2025-09-25,2025-09-25,Overstock Pants - TOF - Interests,Broad Interests - Overstock Pants,Creative A - Overstock Pants,22.08,1632,21,13.53,1.33,0,0.0
2025-09-26,2025-09-26,Artisan Watch - TOF - Interests,Broad Interests - Artisan Watch,Creative A - Artisan Watch,4.86,274,3,17.73,1.35,0,0.0
2025-09-26,2025-09-26,Basic Socks 3-Pack - TOF - Interests,Broad Interests - Basic Socks 3-Pack,Creative A - Basic Socks 3-P,9.63,594,4,16.21,0.84,0,0.0
2025-09-26,2025-09-26,Cotton Hoodie - TOF - Interests,Broad Interests - Cotton Hoodie,Creative A - Cotton Hoodie,8.3,608,6,13.65,1.09,0,0.0
2025-09-26,2025-09-26,Discontinued Boots - BOF - Retargeting,Website Visitors - Discontinued Boots,DPA - Discontinued Bo,37.15,2900,104,12.81,3.59,1,47.99
2025-09-26,2025-09-26,Discontinued Boots - TOF - Interests,Broad Interests - Discontinued Boots,Creative A - Discontinued Bo,86.68,4226,58,20.51,1.38,1,31.99
2025-09-26,2025-09-26,Sample Sale Coat - TOF - Interests,Broad Interests - Sample Sale Coat,Creative A - Sample Sale Coa,24.42,1397,16,17.48,1.16,0,0.0
2025-09-26,2025-09-26,Sport Sneakers - TOF - Interests,Broad Interests - Sport Sneakers,Creative A - Sport Sneakers,6.74,273,3,24.69,1.19,0,0.0
2025-09-27,2025-09-27,Clearance Jacket - TOF - Interests,Broad Interests - Clearance Jacket,Creative A - Clearance Jacke,22.54,1297,16,17.38,1.26,0,0.0
2025-09-27,2025-09-27,Discontinued Boots - TOF - Interests,Broad Interests - Discontinued Boots,Creative A - Discontinued Bo,18.02,766,6,23.52,0.82,0,0.0
2025-09-27,2025-09-27,Last Season Dress - TOF - Interests,Broad Interests - Last Season Dress,Creative A - Last Season Dre,24.92,1296,12,19.23,0.98,0,0.0
2025-09-27,2025-09-27,Sample Sale Coat - TOF - Interests,Broad Interests - Sample Sale Coat,Creative A - Sample Sale Coa,25.28,1022,14,24.74,1.46,0,0.0
2025-09-28,2025-09-28,Classic T-Shirt - TOF - Interests,Broad Interests - Classic T-Shirt,Creative A - Classic T-Shirt,11.74,522,5,22.49,1.11,0,0.0
2025-09-28,2025-09-28,Clearance Jacket - BOF - Retargeting,Website Visitors - Clearance Jacket,DPA - Clearance Jacke,15.12,1116,29,13.55,2.61,1,17.99
2025-09-28,2025-09-28,Clearance Jacket - TOF - Interests,Broad Interests - Clearance Jacket,Creative A - Clearance Jacke,35.3,1712,25,20.62,1.48,1,12.0
2025-09-28,2025-09-28,Designer Sunglasses - BOF - Retargeting,Website Visitors - Designer Sunglasses,DPA - Designer Sungla,6.54,757,25,8.64,3.43,1,59.99
2025-09-28,2025-09-28,Designer Sunglasses - TOF - Interests,Broad Interests - Designer Sunglasses,Creative A - Designer Sungla,15.27,970,9,15.74,0.93,1,40.0
2025-09-29,2025-09-29,Discontinued Boots - TOF - Interests,Broad Interests - Discontinued Boots,Creative A - Discontinued Bo,27.0,1164,11,23.2,0.98,0,0.0
2025-09-29,2025-09-29,Last Season Dress - TOF - Interests,Broad Interests - Last Season Dress,Creative A - Last Season Dre,14.56,993,9,14.66,0.95,0,0.0
2025-09-29,2025-09-29,Polo Shirt - BOF - Retargeting,Website Visitors - Polo Shirt,DPA - Polo Shirt,5.34,363,8,14.7,2.42,1,29.99
2025-09-29,2025-09-29,Polo Shirt - TOF - Interests,Broad Interests - Polo Shirt,Creative A - Polo Shirt,12.46,597,7,20.87,1.24,1,20.0
2025-09-29,2025-09-29,Premium Backpack - TOF - Interests,Broad Interests - Premium Backpack,Creative A - Premium Backpac,7.19,424,6,16.95,1.46,0,0.0
2025-09-29,2025-09-29,Sample Sale Coat - TOF - Interests,Broad Interests - Sample Sale Coat,Creative A - Sample Sale Coa,16.97,702,6,24.18,0.98,0,0.0
2025-09-30,2025-09-30,Cashmere Sweater - TOF - Interests,Broad Interests - Cashmere Sweater,Creative A - Cashmere Sweate,5.83,367,4,15.89,1.31,0,0.0
2025-09-30,2025-09-30,Plain Beanie - TOF - Interests,Broad Interests - Plain Beanie,Creative A - Plain Beanie,8.43,359,3,23.48,1.0,0,0.0
2025-09-30,2025-09-30,Sport Sneakers - TOF - Interests,Broad Interests - Sport Sneakers,Creative A - Sport Sneakers,5.44,241,1,22.57,0.83,0,0.0
2025-09-30,2025-09-30,Standard Lanyard - BOF - Retargeting,Website Visitors - Standard Lanyard,DPA - Standard Lanyar,2.48,309,7,8.01,2.55,1,4.79
2025-09-30,2025-09-30,Standard Lanyard - TOF - Interests,Broad Interests - Standard Lanyard,Creative A - Standard Lanyar,5.78,401,4,14.42,1.13,1,3.2
2025-10-01,2025-10-01,Clearance Jacket - TOF - Interests,Broad Interests - Clearance Jacket,Creative A - Clearance Jacke,15.62,695,9,22.48,1.3,0,0.0
2025-10-01,2025-10-01,Discontinued Boots - BOF - Retargeting,Website Visitors - Discontinued Boots,DPA - Discontinued Bo,22.78,1612,48,14.13,3.02,1,23.99
2025-10-01,2025-10-01,Discontinued Boots - TOF - Interests,Broad Interests - Discontinued Boots,Creative A - Discontinued Bo,53.18,3177,37,16.74,1.17,1,16.0
2025-10-01,2025-10-01,Premium Leather Bag - TOF - Interests,Broad Interests - Premium Leather Bag,Creative A - Premium Leather,5.3,252,2,21.03,0.91,0,0.0
2025-10-01,2025-10-01,Sport Sneakers - TOF - Interests,Broad Interests - Sport Sneakers,Creative A - Sport Sneakers,13.91,596,6,23.34,1.13,0,0.0
2025-10-02,2025-10-02,Basic Phone Case - TOF - Interests,Broad Interests - Basic Phone Case,Creative A - Basic Phone Cas,12.79,1027,10,12.45,1.04,0,0.0
2025-10-02,2025-10-02,Cotton Hoodie - TOF - Interests,Broad Interests - Cotton Hoodie,Creative A - Cotton Hoodie,7.85,341,4,23.01,1.28,0,0.0
2025-10-02,2025-10-02,Luxury Silk Scarf - BOF - Retargeting,Website Visitors - Luxury Silk Scarf,DPA - Luxury Silk Sca,5.64,576,17,9.8,3.0,1,53.99
2025-10-02,2025-10-02,Luxury Silk Scarf - TOF - Interests,Broad Interests - Luxury Silk Scarf,Creative A - Luxury Silk Sca,13.16,628,8,20.96,1.41,1,36.0
2025-10-03,2025-10-03,Canvas Tote Bag - TOF - Interests,Broad Interests - Canvas Tote Bag,Creative A - Canvas Tote Bag,14.07,674,7,20.87,1.14,0,0.0
2025-10-03,2025-10-03,Cashmere Sweater - BOF - Retargeting,Website Visitors - Cashmere Sweater,DPA - Cashmere Sweate,17.28,1662,44,10.4,2.67,1,143.99
2025-10-03,2025-10-03,Cashmere Sweater - TOF - Interests,Broad Interests - Cashmere Sweater,Creative A - Cashmere Sweate,40.32,1690,21,23.86,1.27,1,95.99
2025-10-03,2025-10-03,Clearance Jacket - TOF - Interests,Broad Interests - Clearance Jacket,Creative A - Clearance Jacke,10.71,504,5,21.25,1.16,0,0.0
2025-10-03,2025-10-03,Polo Shirt - BOF - Retargeting,Website Visitors - Polo Shirt,DPA - Polo Shirt,6.05,690,23,8.77,3.39,1,29.99
2025-10-03,2025-10-03,Polo Shirt - TOF - Interests,Broad Interests - Polo Shirt,Creative A - Polo Shirt,14.1,627,9,22.49,1.46,1,20.0
2025-10-03,2025-10-03,Sample Sale Coat - TOF - Interests,Broad Interests - Sample Sale Coat,Creative A - Sample Sale Coa,14.11,728,9,19.38,1.32,0,0.0
2025-10-04,2025-10-04,Casual Jeans - TOF - Interests,Broad Interests - Casual Jeans,Creative A - Casual Jeans,11.41,531,4,21.48,0.84,0,0.0
2025-10-04,2025-10-04,Clearance Jacket - TOF - Interests,Broad Interests - Clearance Jacket,Creative A - Clearance Jacke,12.14,856,12,14.18,1.43,0,0.0
2025-10-04,2025-10-04,Cotton Hoodie - TOF - Interests,Broad Interests - Cotton Hoodie,Creative A - Cotton Hoodie,5.49,249,3,22.06,1.26,0,0.0
2025-10-04,2025-10-04,Premium Backpack - TOF - Interests,Broad Interests - Premium Backpack,Creative A - Premium Backpac,3.17,157,2,20.19,1.46,0,0.0
2025-10-04,2025-10-04,Running Shorts - TOF - Interests,Broad Interests - Running Shorts,Creative A - Running Shorts,14.65,668,5,21.93,0.89,0,0.0
2025-10-04,2025-10-04,Sport Sneakers - BOF - Retargeting,Website Visitors - Sport Sneakers,DPA - Sport Sneakers,6.7,713,18,9.39,2.63,1,32.99
2025-10-04,2025-10-04,Sport Sneakers - TOF - Interests,Broad Interests - Sport Sneakers,Creative A - Sport Sneakers,15.61,853,10,18.3,1.18,1,22.0
2025-10-05,2025-10-05,Artisan Watch - BOF - Retargeting,Website Visitors - Artisan Watch,DPA - Artisan Watch,6.62,723,25,9.16,3.56,1,65.99
2025-10-05,2025-10-05,Artisan Watch - TOF - Interests,Broad Interests - Artisan Watch,Creative A - Artisan Watch,15.46,983,12,15.73,1.24,1,44.0
2025-10-05,2025-10-05,Basic Phone Case - TOF - Interests,Broad Interests - Basic Phone Case,Creative A - Basic Phone Cas,13.59,867,8,15.68,0.98,0,0.0
2025-10-05,2025-10-05,Basic Socks 3-Pack - TOF - Interests,Broad Interests - Basic Socks 3-Pack,Creative A - Basic Socks 3-P,13.47,584,4,23.07,0.8,0,0.0
2025-10-05,2025-10-05,Cashmere Sweater - BOF - Retargeting,Website Visitors - Cashmere Sweater,DPA - Cashmere Sweate,15.09,1158,34,13.03,3.0,1,143.99
2025-10-05,2025-10-05,Cashmere Sweater - TOF - Interests,Broad Interests - Cashmere Sweater,Creative A - Cashmere Sweate,35.22,1973,18,17.85,0.95,1,95.99
2025-10-05,2025-10-05,Casual Jeans - TOF - Interests,Broad Interests - Casual Jeans,Creative A - Casual Jeans,6.89,418,3,16.48,0.87,0,0.0
2025-10-05,2025-10-05,Clearance Jacket - TOF - Interests,Broad Interests - Clearance Jacket,Creative A - Clearance Jacke,19.31,1130,10,17.09,0.91,0,0.0
2025-10-05,2025-10-05,Luxury Silk Scarf - BOF - Retargeting,Website Visitors - Luxury Silk Scarf,DPA - Luxury Silk Sca,5.49,398,9,13.8,2.5,1,53.99
2025-10-05,2025-10-05,Luxury Silk Scarf - TOF - Interests,Broad Interests - Luxury Silk Scarf,Creative A - Luxury Silk Sca,12.83,869,12,14.76,1.47,1,36.0
2025-10-05,2025-10-05,Overstock Pants - BOF - Retargeting,Website Visitors - Overstock Pants,DPA - Overstock Pants,15.7,1898,50,8.27,2.65,1,23.99
2025-10-05,2025-10-05,Overstock Pants - TOF - Interests,Broad Interests - Overstock Pants,Creative A - Overstock Pants,36.65,1579,21,23.21,1.39,1,15.99
2025-10-05,2025-10-05,Premium Backpack - TOF - Interests,Broad Interests - Premium Backpack,Creative A - Premium Backpac,5.07,346,3,14.65,1.08,0,0.0
2025-10-05,2025-10-05,Sport Sneakers - TOF - Interests,Broad Interests - Sport Sneakers,Creative A - Sport Sneakers,14.87,837,8,17.76,1.05,0,0.0
2025-10-06,2025-10-06,Casual Jeans - TOF - Interests,Broad Interests - Casual Jeans,Creative A - Casual Jeans,10.69,616,5,17.36,0.93,0,0.0
2025-10-06,2025-10-06,Clearance Jacket - TOF - Interests,Broad Interests - Clearance Jacket,Creative A - Clearance Jacke,21.69,1493,20,14.53,1.38,0,0.0
2025-10-06,2025-10-06,Clearance Jacket - TOF - Interests,Broad Interests - Clearance Jacket,Creative A - Clearance Jacke,21.98,1192,12,18.44,1.04,0,0.0
2025-10-06,2025-10-06,Cotton Hoodie - TOF - Interests,Broad Interests - Cotton Hoodie,Creative A - Cotton Hoodie,11.29,871,7,12.96,0.89,0,0.0
2025-10-06,2025-10-06,Designer Sunglasses - TOF - Interests,Broad Interests - Designer Sunglasses,Creative A - Designer Sungla,3.2,177,2,18.08,1.47,0,0.0
2025-10-06,2025-10-06,Last Season Dress - TOF - Interests,Broad Interests - Last Season Dress,Creative A - Last Season Dre,17.6,739,9,23.81,1.3,0,0.0
2025-10-06,2025-10-06,Luxury Silk Scarf - BOF - Retargeting,Website Visitors - Luxury Silk Scarf,DPA - Luxury Silk Sca,6.32,440,14,14.36,3.18,1,53.99
2025-10-06,2025-10-06,Luxury Silk Scarf - TOF - Interests,Broad Interests - Luxury Silk Scarf,Creative A - Luxury Silk Sca,14.77,708,7,20.86,1.08,1,36.0
2025-10-06,2025-10-06,Overstock Pants - TOF - Interests,Broad Interests - Overstock Pants,Creative A - Overstock Pants,14.78,1111,14,13.3,1.27,0,0.0
2025-10-06,2025-10-06,Overstock Pants - TOF - Interests,Broad Interests - Overstock Pants,Creative A - Overstock Pants,19.71,1186,13,16.62,1.13,0,0.0
2025-10-06,2025-10-06,Polo Shirt - TOF - Interests,Broad Interests - Polo Shirt,Creative A - Polo Shirt,10.87,469,4,23.17,0.98,0,0.0
2025-10-06,2025-10-06,Premium Leather Bag - TOF - Interests,Broad Interests - Premium Leather Bag,Creative A - Premium Leather,9.59,457,3,20.99,0.87,0,0.0
2025-10-06,2025-10-06,Running Shorts - BOF - Retargeting,Website Visitors - Running Shorts,DPA - Running Shorts,7.55,615,24,12.28,3.91,1,41.99
2025-10-06,2025-10-06,Running Shorts - TOF - Interests,Broad Interests - Running Shorts,Creative A - Running Shorts,17.62,899,11,19.6,1.29,1,27.99
2025-10-06,2025-10-06,Running Shorts - TOF - Interests,Broad Interests - Running Shorts,Creative A - Running Shorts,7.75,444,4,17.45,0.97,0,0.0
2025-10-07,2025-10-07,Baseball Cap - TOF - Interests,Broad Interests - Baseball Cap,Creative A - Baseball Cap,5.15,413,4,12.47,1.05,0,0.0
2025-10-07,2025-10-07,Basic Phone Case - TOF - Interests,Broad Interests - Basic Phone Case,Creative A - Basic Phone Cas,8.57,398,3,21.54,0.98,0,0.0
2025-10-07,2025-10-07,Basic Socks 3-Pack - TOF - Interests,Broad Interests - Basic Socks 3-Pack,Creative A - Basic Socks 3-P,6.74,351,3,19.19,1.07,0,0.0
2025-10-07,2025-10-07,Cashmere Sweater - TOF - Interests,Broad Interests - Cashmere Sweater,Creative A - Cashmere Sweate,4.98,312,4,15.95,1.41,0,0.0
2025-10-07,2025-10-07,Classic T-Shirt - TOF - Interests,Broad Interests - Classic T-Shirt,Creative A - Classic T-Shirt,11.32,467,5,24.23,1.2,0,0.0
2025-10-07,2025-10-07,Last Season Dress - BOF - Retargeting,Website Visitors - Last Season Dress,DPA - Last Season Dre,13.32,1445,52,9.22,3.66,1,14.99
2025-10-07,2025-10-07,Last Season Dress - TOF - Interests,Broad Interests - Last Season Dress,Creative A - Last Season Dre,31.08,1908,27,16.29,1.42,1,10.0
2025-10-08,2025-10-08,Baseball Cap - TOF - Interests,Broad Interests - Baseball Cap,Creative A - Baseball Cap,10.86,714,10,15.21,1.46,0,0.0
2025-10-08,2025-10-08,Clearance Jacket - TOF - Interests,Broad Interests - Clearance Jacket,Creative A - Clearance Jacke,10.16,754,8,13.48,1.08,0,0.0
2025-10-08,2025-10-08,Luxury Silk Scarf - TOF - Interests,Broad Interests - Luxury Silk Scarf,Creative A - Luxury Silk Sca,7.35,537,7,13.68,1.48,0,0.0
2025-10-08,2025-10-08,Premium Backpack - BOF - Retargeting,Website Visitors - Premium Backpack,DPA - Premium Backpac,5.75,705,21,8.15,3.06,1,53.99
2025-10-08,2025-10-08,Premium Backpack - TOF - Interests,Broad Interests - Premium Backpack,Creative A - Premium Backpac,13.42,799,6,16.79,0.87,1,36.0
2025-10-08,2025-10-08,Sample Sale Coat - TOF - Interests,Broad Interests - Sample Sale Coat,Creative A - Sample Sale Coa,18.3,1004,14,18.23,1.43,0,0.0
2025-10-09,2025-10-09,Canvas Tote Bag - BOF - Retargeting,Website Visitors - Canvas Tote Bag,DPA - Canvas Tote Bag,8.41,864,24,9.73,2.82,1,47.99
2025-10-09,2025-10-09,Canvas Tote Bag - TOF - Interests,Broad Interests - Canvas Tote Bag,Creative A - Canvas Tote Bag,19.61,808,9,24.27,1.18,1,31.99
2025-10-09,2025-10-09,Cotton Hoodie - TOF - Interests,Broad Interests - Cotton Hoodie,Creative A - Cotton Hoodie,12.04,802,8,15.01,1.05,0,0.0
2025-10-09,2025-10-09,Overstock Pants - TOF - Interests,Broad Interests - Overstock Pants,Creative A - Overstock Pants,25.67,1702,15,15.08,0.93,0,0.0
2025-10-10,2025-10-10,Artisan Watch - BOF - Retargeting,Website Visitors - Artisan Watch,DPA - Artisan Watch,7.27,860,19,8.45,2.26,1,65.99
2025-10-10,2025-10-10,Artisan Watch - TOF - Interests,Broad Interests - Artisan Watch,Creative A - Artisan Watch,16.97,1096,15,15.48,1.45,1,44.0
2025-10-10,2025-10-10,Basic Phone Case - BOF - Retargeting,Website Visitors - Basic Phone Case,DPA - Basic Phone Cas,8.57,987,26,8.68,2.68,1,15.59
2025-10-10,2025-10-10,Basic Phone Case - TOF - Interests,Broad Interests - Basic Phone Case,Creative A - Basic Phone Cas,20.01,915,10,21.87,1.17,1,10.39
2025-10-10,2025-10-10,Basic Phone Case - TOF - Interests,Broad Interests - Basic Phone Case,Creative A - Basic Phone Cas,13.39,554,5,24.17,0.97,0,0.0
2025-10-10,2025-10-10,Canvas Tote Bag - TOF - Interests,Broad Interests - Canvas Tote Bag,Creative A - Canvas Tote Bag,13.7,691,9,19.82,1.43,0,0.0
2025-10-10,2025-10-10,Casual Jeans - TOF - Interests,Broad Interests - Casual Jeans,Creative A - Casual Jeans,13.4,869,11,15.42,1.33,0,0.0
2025-10-10,2025-10-10,Classic T-Shirt - TOF - Interests,Broad Interests - Classic T-Shirt,Creative A - Classic T-Shirt,8.3,535,5,15.51,1.01,0,0.0
2025-10-10,2025-10-10,Discontinued Boots - TOF - Interests,Broad Interests - Discontinued Boots,Creative A - Discontinued Bo,9.62,413,3,23.3,0.92,0,0.0
2025-10-10,2025-10-10,Handcrafted Wallet - BOF - Retargeting,Website Visitors - Handcrafted Wallet,DPA - Handcrafted Wal,11.23,870,21,12.91,2.45,1,95.99
2025-10-10,2025-10-10,Handcrafted Wallet - TOF - Interests,Broad Interests - Handcrafted Wallet,Creative A - Handcrafted Wal,26.22,1088,13,24.1,1.22,1,63.99
2025-10-10,2025-10-10,Last Season Dress - TOF - Interests,Broad Interests - Last Season Dress,Creative A - Last Season Dre,29.61,1240,14,23.88,1.19,0,0.0
2025-10-11,2025-10-11,Basic Socks 3-Pack - TOF - Interests,Broad Interests - Basic Socks 3-Pack,Creative A - Basic Socks 3-P,8.08,420,5,19.23,1.24,0,0.0
2025-10-11,2025-10-11,Casual Jeans - TOF - Interests,Broad Interests - Casual Jeans,Creative A - Casual Jeans,5.16,252,3,20.46,1.32,0,0.0
2025-10-11,2025-10-11,Handcrafted Wallet - BOF - Retargeting,Website Visitors - Handcrafted Wallet,DPA - Handcrafted Wal,11.37,1407,40,8.08,2.91,1,95.99
2025-10-11,2025-10-11,Handcrafted Wallet - TOF - Interests,Broad Interests - Handcrafted Wallet,Creative A - Handcrafted Wal,26.53,1268,18,20.92,1.42,1,63.99
2025-10-11,2025-10-11,Overstock Pants - TOF - Interests,Broad Interests - Overstock Pants,Creative A - Overstock Pants,27.26,1156,10,23.58,0.92,0,0.0
2025-10-11,2025-10-11,Plain Beanie - TOF - Interests,Broad Interests - Plain Beanie,Creative A - Plain Beanie,8.7,410,5,21.22,1.32,0,0.0
2025-10-11,2025-10-11,Polo Shirt - TOF - Interests,Broad Interests - Polo Shirt,Creative A - Polo Shirt,8.56,607,5,14.11,0.92,0,0.0
2025-10-11,2025-10-11,Simple Keychain - TOF - Interests,Broad Interests - Simple Keychain,Creative A - Simple Keychain,10.67,477,3,22.37,0.82,0,0.0
2025-10-12,2025-10-12,Basic Phone Case - TOF - Interests,Broad Interests - Basic Phone Case,Creative A - Basic Phone Cas,14.42,660,9,21.85,1.43,0,0.0
2025-10-12,2025-10-12,Cotton Hoodie - BOF - Retargeting,Website Visitors - Cotton Hoodie,DPA - Cotton Hoodie,10.88,1282,30,8.49,2.37,1,53.99
2025-10-12,2025-10-12,Cotton Hoodie - TOF - Interests,Broad Interests - Cotton Hoodie,Creative A - Cotton Hoodie,25.39,1896,26,13.39,1.41,1,35.99
2025-10-12,2025-10-12,Handcrafted Wallet - BOF - Retargeting,Website Visitors - Handcrafted Wallet,DPA - Handcrafted Wal,11.43,947,37,12.07,3.91,1,95.99
2025-10-12,2025-10-12,Handcrafted Wallet - TOF - Interests,Broad Interests - Handcrafted Wallet,Creative A - Handcrafted Wal,26.69,1568,13,17.02,0.88,1,63.99
2025-10-12,2025-10-12,Luxury Belt - TOF - Interests,Broad Interests - Luxury Belt,Creative A - Luxury Belt,7.85,441,6,17.81,1.41,0,0.0
2025-10-12,2025-10-12,Overstock Pants - TOF - Interests,Broad Interests - Overstock Pants,Creative A - Overstock Pants,20.57,1140,14,18.04,1.24,0,0.0
2025-10-12,2025-10-12,Sport Sneakers - TOF - Interests,Broad Interests - Sport Sneakers,Creative A - Sport Sneakers,9.26,623,8,14.87,1.37,0,0.0
2025-10-13,2025-10-13,Casual Jeans - BOF - Retargeting,Website Visitors - Casual Jeans,DPA - Casual Jeans,12.92,1403,39,9.21,2.79,1,71.99
2025-10-13,2025-10-13,Casual Jeans - TOF - Interests,Broad Interests - Casual Jeans,Creative A - Casual Jeans,30.15,2475,28,12.18,1.15,1,47.99
2025-10-13,2025-10-13,Discontinued Boots - TOF - Interests,Broad Interests - Discontinued Boots,Creative A - Discontinued Bo,25.06,1343,16,18.66,1.2,0,0.0
2025-10-13,2025-10-13,Last Season Dress - BOF - Retargeting,Website Visitors - Last Season Dress,DPA - Last Season Dre,11.07,893,29,12.4,3.29,1,14.99
2025-10-13,2025-10-13,Last Season Dress - TOF - Interests,Broad Interests - Last Season Dress,Creative A - Last Season Dre,25.84,1035,14,24.97,1.36,1,10.0
2025-10-13,2025-10-13,Last Season Dress - TOF - Interests,Broad Interests - Last Season Dress,Creative A - Last Season Dre,29.29,1887,19,15.52,1.03,0,0.0
2025-10-13,2025-10-13,Polo Shirt - TOF - Interests,Broad Interests - Polo Shirt,Creative A - Polo Shirt,10.82,664,5,16.3,0.89,0,0.0
2025-10-14,2025-10-14,Designer Sunglasses - TOF - Interests,Broad Interests - Designer Sunglasses,Creative A - Designer Sungla,6.11,378,4,16.16,1.22,0,0.0
2025-10-14,2025-10-14,Last Season Dress - TOF - Interests,Broad Interests - Last Season Dress,Creative A - Last Season Dre,28.26,1942,17,14.55,0.9,0,0.0
2025-10-14,2025-10-14,Luxury Belt - BOF - Retargeting,Website Visitors - Luxury Belt,DPA - Luxury Belt,10.12,808,19,12.52,2.4,1,95.99
2025-10-14,2025-10-14,Luxury Belt - TOF - Interests,Broad Interests - Luxury Belt,Creative A - Luxury Belt,23.63,1727,21,13.68,1.26,1,63.99
2025-10-14,2025-10-14,Luxury Silk Scarf - BOF - Retargeting,Website Visitors - Luxury Silk Scarf,DPA - Luxury Silk Sca,17.65,1265,34,13.95,2.72,2,161.98
2025-10-14,2025-10-14,Luxury Silk Scarf - TOF - Interests,Broad Interests - Luxury Silk Scarf,Creative A - Luxury Silk Sca,41.17,1933,17,21.3,0.93,1,107.99
2025-10-15,2025-10-15,Classic T-Shirt - TOF - Interests,Broad Interests - Classic T-Shirt,Creative A - Classic T-Shirt,6.42,315,4,20.38,1.39,0,0.0
2025-10-15,2025-10-15,Clearance Jacket - TOF - Interests,Broad Interests - Clearance Jacket,Creative A - Clearance Jacke,12.81,652,8,19.64,1.24,0,0.0
2025-10-15,2025-10-15,Discontinued Boots - BOF - Retargeting,Website Visitors - Discontinued Boots,DPA - Discontinued Bo,20.44,1820,60,11.23,3.32,1,23.99
2025-10-15,2025-10-15,Discontinued Boots - TOF - Interests,Broad Interests - Discontinued Boots,Creative A - Discontinued Bo,47.69,2400,19,19.87,0.82,1,16.0
2025-10-15,2025-10-15,Luxury Silk Scarf - TOF - Interests,Broad Interests - Luxury Silk Scarf,Creative A - Luxury Silk Sca,3.03,123,1,24.6,0.82,0,0.0
2025-10-15,2025-10-15,Premium Backpack - BOF - Retargeting,Website Visitors - Premium Backpack,DPA - Premium Backpac,5.83,449,16,12.99,3.64,1,53.99
2025-10-15,2025-10-15,Premium Backpack - TOF - Interests,Broad Interests - Premium Backpack,Creative A - Premium Backpac,13.6,548,6,24.82,1.24,1,36.0
2025-10-15,2025-10-15,Simple Keychain - TOF - Interests,Broad Interests - Simple Keychain,Creative A - Simple Keychain,11.87,528,4,22.48,0.92,0,0.0
2025-10-15,2025-10-15,Standard Lanyard - TOF - Interests,Broad Interests - Standard Lanyard,Creative A - Standard Lanyar,12.55,749,7,16.75,0.98,0,0.0
2025-10-16,2025-10-16,Overstock Pants - TOF - Interests,Broad Interests - Overstock Pants,Creative A - Overstock Pants,22.23,1347,13,16.5,1.0,0,0.0
2025-10-16,2025-10-16,Polo Shirt - TOF - Interests,Broad Interests - Polo Shirt,Creative A - Polo Shirt,9.11,402,4,22.66,1.1,0,0.0
2025-10-16,2025-10-16,Polo Shirt - TOF - Interests,Broad Interests - Polo Shirt,Creative A - Polo Shirt,10.9,565,5,19.29,0.94,0,0.0
2025-10-17,2025-10-17,Baseball Cap - TOF - Interests,Broad Interests - Baseball Cap,Creative A - Baseball Cap,7.01,337,4,20.79,1.29,0,0.0
2025-10-17,2025-10-17,Basic Phone Case - TOF - Interests,Broad Interests - Basic Phone Case,Creative A - Basic Phone Cas,11.73,854,11,13.73,1.39,0,0.0
2025-10-17,2025-10-17,Luxury Silk Scarf - TOF - Interests,Broad Interests - Luxury Silk Scarf,Creative A - Luxury Silk Sca,5.67,339,3,16.72,1.11,0,0.0
2025-10-17,2025-10-17,Plain Beanie - TOF - Interests,Broad Interests - Plain Beanie,Creative A - Plain Beanie,8.84,479,6,18.45,1.28,0,0.0
2025-10-17,2025-10-17,Sample Sale Coat - TOF - Interests,Broad Interests - Sample Sale Coat,Creative A - Sample Sale Coa,20.99,1111,9,18.89,0.82,0,0.0
2025-10-17,2025-10-17,Sample Sale Coat - TOF - Interests,Broad Interests - Sample Sale Coat,Creative A - Sample Sale Coa,19.81,1093,14,18.12,1.28,0,0.0
2025-10-17,2025-10-17,Standard Lanyard - BOF - Retargeting,Website Visitors - Standard Lanyard,DPA - Standard Lanyar,2.53,313,9,8.07,2.89,1,4.79
2025-10-17,2025-10-17,Standard Lanyard - TOF - Interests,Broad Interests - Standard Lanyard,Creative A - Standard Lanyar,5.9,484,5,12.2,1.21,1,3.2
2025-10-18,2025-10-18,Artisan Watch - TOF - Interests,Broad Interests - Artisan Watch,Creative A - Artisan Watch,4.77,240,2,19.89,1.15,0,0.0
2025-10-18,2025-10-18,Designer Sunglasses - TOF - Interests,Broad Interests - Designer Sunglasses,Creative A - Designer Sungla,4.52,232,3,19.49,1.38,0,0.0
2025-10-18,2025-10-18,Handcrafted Wallet - TOF - Interests,Broad Interests - Handcrafted Wallet,Creative A - Handcrafted Wal,4.93,317,4,15.55,1.35,0,0.0
2025-10-18,2025-10-18,Premium Backpack - BOF - Retargeting,Website Visitors - Premium Backpack,DPA - Premium Backpac,12.55,876,30,14.33,3.51,1,107.99
2025-10-18,2025-10-18,Premium Backpack - TOF - Interests,Broad Interests - Premium Backpack,Creative A - Premium Backpac,29.29,1301,16,22.51,1.29,1,71.99
2025-10-18,2025-10-18,Sample Sale Coat - TOF - Interests,Broad Interests - Sample Sale Coat,Creative A - Sample Sale Coa,20.6,1403,15,14.68,1.14,0,0.0
2025-10-19,2025-10-19,Basic Phone Case - BOF - Retargeting,Website Visitors - Basic Phone Case,DPA - Basic Phone Cas,3.51,304,11,11.54,3.88,1,7.79
2025-10-19,2025-10-19,Basic Phone Case - TOF - Interests,Broad Interests - Basic Phone Case,Creative A - Basic Phone Cas,8.18,331,4,24.7,1.43,1,5.2
2025-10-19,2025-10-19,Basic Phone Case - TOF - Interests,Broad Interests - Basic Phone Case,Creative A - Basic Phone Cas,12.26,517,4,23.72,0.92,0,0.0
2025-10-19,2025-10-19,Canvas Tote Bag - TOF - Interests,Broad Interests - Canvas Tote Bag,Creative A - Canvas Tote Bag,5.91,350,2,16.88,0.81,0,0.0
2025-10-19,2025-10-19,Cotton Hoodie - TOF - Interests,Broad Interests - Cotton Hoodie,Creative A - Cotton Hoodie,7.32,436,6,16.78,1.45,0,0.0
2025-10-19,2025-10-19,Designer Sunglasses - TOF - Interests,Broad Interests - Designer Sunglasses,Creative A - Designer Sungla,8.49,566,7,15.0,1.25,0,0.0
2025-10-19,2025-10-19,Plain Beanie - TOF - Interests,Broad Interests - Plain Beanie,Creative A - Plain Beanie,10.31,445,4,23.16,0.92,0,0.0
2025-10-19,2025-10-19,Polo Shirt - TOF - Interests,Broad Interests - Polo Shirt,Creative A - Polo Shirt,6.43,367,5,17.53,1.44,0,0.0
2025-10-20,2025-10-20,Handcrafted Wallet - BOF - Retargeting,Website Visitors - Handcrafted Wallet,DPA - Handcrafted Wal,9.94,846,18,11.75,2.17,1,95.99
2025-10-20,2025-10-20,Handcrafted Wallet - TOF - Interests,Broad Interests - Handcrafted Wallet,Creative A - Handcrafted Wal,23.18,1178,13,19.68,1.15,1,63.99
2025-10-20,2025-10-20,Sport Sneakers - TOF - Interests,Broad Interests - Sport Sneakers,Creative A - Sport Sneakers,11.13,722,10,15.42,1.5,0,0.0
2025-10-21,2025-10-21,Baseball Cap - TOF - Interests,Broad Interests - Baseball Cap,Creative A - Baseball Cap,14.6,1100,9,13.27,0.87,0,0.0
2025-10-21,2025-10-21,Classic T-Shirt - TOF - Interests,Broad Interests - Classic T-Shirt,Creative A - Classic T-Shirt,9.71,628,8,15.46,1.3,0,0.0
2025-10-21,2025-10-21,Clearance Jacket - BOF - Retargeting,Website Visitors - Clearance Jacket,DPA - Clearance Jacke,13.95,1269,50,10.99,3.98,1,17.99
2025-10-21,2025-10-21,Clearance Jacket - TOF - Interests,Broad Interests - Clearance Jacket,Creative A - Clearance Jacke,32.56,1383,15,23.54,1.14,1,12.0
2025-10-21,2025-10-21,Overstock Pants - TOF - Interests,Broad Interests - Overstock Pants,Creative A - Overstock Pants,14.3,591,5,24.19,0.92,0,0.0
2025-10-22,2025-10-22,Basic Phone Case - TOF - Interests,Broad Interests - Basic Phone Case,Creative A - Basic Phone Cas,13.74,565,6,24.31,1.09,0,0.0
2025-10-22,2025-10-22,Basic Socks 3-Pack - BOF - Retargeting,Website Visitors - Basic Socks 3-Pack,DPA - Basic Socks 3-P,10.98,843,31,13.03,3.7,1,23.99
2025-10-22,2025-10-22,Basic Socks 3-Pack - TOF - Interests,Broad Interests - Basic Socks 3-Pack,Creative A - Basic Socks 3-P,25.65,1256,17,20.42,1.39,1,15.99
2025-10-22,2025-10-22,Clearance Jacket - TOF - Interests,Broad Interests - Clearance Jacket,Creative A - Clearance Jacke,29.93,1850,17,16.18,0.95,0,0.0
2025-10-22,2025-10-22,Discontinued Boots - TOF - Interests,Broad Interests - Discontinued Boots,Creative A - Discontinued Bo,24.0,971,14,24.72,1.47,0,0.0
2025-10-22,2025-10-22,Discontinued Boots - TOF - Interests,Broad Interests - Discontinued Boots,Creative A - Discontinued Bo,29.81,1198,14,24.88,1.18,0,0.0
2025-10-22,2025-10-22,Premium Leather Bag - BOF - Retargeting,Website Visitors - Premium Leather Bag,DPA - Premium Leather,7.96,839,21,9.49,2.54,1,71.99
2025-10-22,2025-10-22,Premium Leather Bag - TOF - Interests,Broad Interests - Premium Leather Bag,Creative A - Premium Leather,18.59,1087,11,17.1,1.04,1,48.0
2025-10-22,2025-10-22,Sample Sale Coat - BOF - Retargeting,Website Visitors - Sample Sale Coat,DPA - Sample Sale Coa,24.62,2030,43,12.13,2.12,1,29.99
2025-10-22,2025-10-22,Sample Sale Coat - TOF - Interests,Broad Interests - Sample Sale Coat,Creative A - Sample Sale Coa,57.47,2984,36,19.26,1.23,1,20.0
2025-10-23,2025-10-23,Baseball Cap - TOF - Interests,Broad Interests - Baseball Cap,Creative A - Baseball Cap,10.43,443,5,23.54,1.28,0,0.0
2025-10-23,2025-10-23,Basic Socks 3-Pack - TOF - Interests,Broad Interests - Basic Socks 3-Pack,Creative A - Basic Socks 3-P,5.57,290,4,19.21,1.49,0,0.0
2025-10-23,2025-10-23,Casual Jeans - BOF - Retargeting,Website Visitors - Casual Jeans,DPA - Casual Jeans,8.49,661,25,12.85,3.86,1,35.99
2025-10-23,2025-10-23,Casual Jeans - TOF - Interests,Broad Interests - Casual Jeans,Creative A - Casual Jeans,19.82,943,9,21.02,1.0,1,24.0
2025-10-23,2025-10-23,Cotton Hoodie - TOF - Interests,Broad Interests - Cotton Hoodie,Creative A - Cotton Hoodie,11.59,802,6,14.45,0.84,0,0.0
2025-10-23,2025-10-23,Sample Sale Coat - BOF - Retargeting,Website Visitors - Sample Sale Coat,DPA - Sample Sale Coa,25.49,3147,99,8.1,3.16,1,29.99
2025-10-23,2025-10-23,Sample Sale Coat - TOF - Interests,Broad Interests - Sample Sale Coat,Creative A - Sample Sale Coa,59.48,3351,48,17.75,1.44,1,20.0
2025-10-23,2025-10-23,Sport Sneakers - TOF - Interests,Broad Interests - Sport Sneakers,Creative A - Sport Sneakers,8.22,419,3,19.61,0.94,0,0.0
2025-10-24,2025-10-24,Artisan Watch - TOF - Interests,Broad Interests - Artisan Watch,Creative A - Artisan Watch,7.92,388,4,20.41,1.16,0,0.0
2025-10-24,2025-10-24,Designer Sunglasses - TOF - Interests,Broad Interests - Designer Sunglasses,Creative A - Designer Sungla,5.27,223,2,23.63,1.25,0,0.0
2025-10-24,2025-10-24,Luxury Belt - BOF - Retargeting,Website Visitors - Luxury Belt,DPA - Luxury Belt,11.69,911,26,12.83,2.94,1,95.99
2025-10-24,2025-10-24,Luxury Belt - TOF - Interests,Broad Interests - Luxury Belt,Creative A - Luxury Belt,27.27,1306,12,20.88,0.98,1,63.99
2025-10-24,2025-10-24,Premium Backpack - TOF - Interests,Broad Interests - Premium Backpack,Creative A - Premium Backpac,9.47,493,6,19.2,1.28,0,0.0
2025-10-25,2025-10-25,Clearance Jacket - TOF - Interests,Broad Interests - Clearance Jacket,Creative A - Clearance Jacke,20.43,1123,16,18.19,1.44,0,0.0
2025-10-25,2025-10-25,Designer Sunglasses - TOF - Interests,Broad Interests - Designer Sunglasses,Creative A - Designer Sungla,7.03,305,3,23.06,1.22,0,0.0
2025-10-25,2025-10-25,Last Season Dress - TOF - Interests,Broad Interests - Last Season Dress,Creative A - Last Season Dre,16.42,683,8,24.04,1.29,0,0.0
2025-10-25,2025-10-25,Plain Beanie - BOF - Retargeting,Website Visitors - Plain Beanie,DPA - Plain Beanie,7.57,524,13,14.45,2.5,1,17.99
2025-10-25,2025-10-25,Plain Beanie - TOF - Interests,Broad Interests - Plain Beanie,Creative A - Plain Beanie,17.69,1108,16,15.97,1.48,1,11.99
2025-10-26,2025-10-26,Baseball Cap - TOF - Interests,Broad Interests - Baseball Cap,Creative A - Baseball Cap,11.1,915,10,12.13,1.15,0,0.0
2025-10-26,2025-10-26,Basic Phone Case - TOF - Interests,Broad Interests - Basic Phone Case,Creative A - Basic Phone Cas,5.03,224,2,22.45,1.11,0,0.0
2025-10-26,2025-10-26,Basic Socks 3-Pack - TOF - Interests,Broad Interests - Basic Socks 3-Pack,Creative A - Basic Socks 3-P,13.91,768,9,18.11,1.2,0,0.0
2025-10-26,2025-10-26,Clearance Jacket - TOF - Interests,Broad Interests - Clearance Jacket,Creative A - Clearance Jacke,26.08,2095,20,12.45,0.96,0,0.0
2025-10-26,2025-10-26,Designer Sunglasses - BOF - Retargeting,Website Visitors - Designer Sunglasses,DPA - Designer Sungla,12.4,1238,36,10.02,2.92,1,119.99
2025-10-26,2025-10-26,Designer Sunglasses - TOF - Interests,Broad Interests - Designer Sunglasses,Creative A - Designer Sungla,28.97,1564,15,18.52,1.0,1,79.99
2025-10-26,2025-10-26,Luxury Belt - BOF - Retargeting,Website Visitors - Luxury Belt,DPA - Luxury Belt,10.34,858,22,12.05,2.58,1,95.99
2025-10-26,2025-10-26,Luxury Belt - TOF - Interests,Broad Interests - Luxury Belt,Creative A - Luxury Belt,24.12,995,10,24.24,1.06,1,63.99
2025-10-26,2025-10-26,Simple Keychain - TOF - Interests,Broad Interests - Simple Keychain,Creative A - Simple Keychain,5.96,310,4,19.24,1.37,0,0.0
2025-10-27,2025-10-27,Baseball Cap - TOF - Interests,Broad Interests - Baseball Cap,Creative A - Baseball Cap,13.87,772,8,17.97,1.16,0,0.0
2025-10-27,2025-10-27,Basic Phone Case - TOF - Interests,Broad Interests - Basic Phone Case,Creative A - Basic Phone Cas,10.97,768,6,14.29,0.8,0,0.0
2025-10-27,2025-10-27,Cashmere Sweater - TOF - Interests,Broad Interests - Cashmere Sweater,Creative A - Cashmere Sweate,4.11,221,2,18.58,1.06,0,0.0
2025-10-27,2025-10-27,Last Season Dress - TOF - Interests,Broad Interests - Last Season Dress,Creative A - Last Season Dre,13.72,952,13,14.41,1.4,0,0.0
2025-10-27,2025-10-27,Luxury Belt - BOF - Retargeting,Website Visitors - Luxury Belt,DPA - Luxury Belt,5.38,379,13,14.19,3.46,1,47.99
2025-10-27,2025-10-27,Luxury Belt - BOF - Retargeting,Website Visitors - Luxury Belt,DPA - Luxury Belt,5.36,483,18,11.09,3.75,1,47.99
2025-10-27,2025-10-27,Luxury Belt - TOF - Interests,Broad Interests - Luxury Belt,Creative A - Luxury Belt,12.54,538,4,23.31,0.88,1,32.0
2025-10-27,2025-10-27,Luxury Belt - TOF - Interests,Broad Interests - Luxury Belt,Creative A - Luxury Belt,12.48,543,5,22.99,1.06,1,32.0
2025-10-27,2025-10-27,Plain Beanie - TOF - Interests,Broad Interests - Plain Beanie,Creative A - Plain Beanie,14.3,1022,10,13.99,1.07,0,0.0
2025-10-27,2025-10-27,Premium Leather Bag - BOF - Retargeting,Website Visitors - Premium Leather Bag,DPA - Premium Leather,14.6,1136,41,12.85,3.62,1,143.99
2025-10-27,2025-10-27,Premium Leather Bag - TOF - Interests,Broad Interests - Premium Leather Bag,Creative A - Premium Leather,34.04,2125,23,16.02,1.12,1,95.99
2025-10-27,2025-10-27,Sample Sale Coat - BOF - Retargeting,Website Visitors - Sample Sale Coat,DPA - Sample Sale Coa,42.11,2906,95,14.49,3.3,1,59.99
2025-10-27,2025-10-27,Sample Sale Coat - TOF - Interests,Broad Interests - Sample Sale Coat,Creative A - Sample Sale Coa,98.21,4528,62,21.69,1.38,1,39.99
2025-10-27,2025-10-27,Simple Keychain - TOF - Interests,Broad Interests - Simple Keychain,Creative A - Simple Keychain,7.55,372,3,20.29,0.99,0,0.0
2025-10-27,2025-10-27,Sport Sneakers - TOF - Interests,Broad Interests - Sport Sneakers,Creative A - Sport Sneakers,9.78,500,5,19.56,1.05,0,0.0
2025-10-27,2025-10-27,Standard Lanyard - TOF - Interests,Broad Interests - Standard Lanyard,Creative A - Standard Lanyar,7.05,291,3,24.24,1.15,0,0.0
2025-10-28,2025-10-28,Basic Phone Case - TOF - Interests,Broad Interests - Basic Phone Case,Creative A - Basic Phone Cas,14.78,738,8,20.03,1.15,0,0.0
2025-10-28,2025-10-28,Canvas Tote Bag - TOF - Interests,Broad Interests - Canvas Tote Bag,Creative A - Canvas Tote Bag,13.57,640,6,21.21,1.01,0,0.0
2025-10-28,2025-10-28,Cashmere Sweater - TOF - Interests,Broad Interests - Cashmere Sweater,Creative A - Cashmere Sweate,5.42,223,2,24.32,1.02,0,0.0
2025-10-28,2025-10-28,Casual Jeans - TOF - Interests,Broad Interests - Casual Jeans,Creative A - Casual Jeans,12.96,569,4,22.77,0.84,0,0.0
2025-10-28,2025-10-28,Classic T-Shirt - TOF - Interests,Broad Interests - Classic T-Shirt,Creative A - Classic T-Shirt,6.51,293,3,22.21,1.18,0,0.0
2025-10-28,2025-10-28,Clearance Jacket - BOF - Retargeting,Website Visitors - Clearance Jacket,DPA - Clearance Jacke,22.5,1965,60,11.45,3.09,1,35.99
2025-10-28,2025-10-28,Clearance Jacket - TOF - Interests,Broad Interests - Clearance Jacket,Creative A - Clearance Jacke,52.53,2511,34,20.92,1.38,1,23.99
2025-10-28,2025-10-28,Cotton Hoodie - TOF - Interests,Broad Interests - Cotton Hoodie,Creative A - Cotton Hoodie,7.68,319,2,24.07,0.89,0,0.0
2025-10-28,2025-10-28,Cotton Hoodie - TOF - Interests,Broad Interests - Cotton Hoodie,Creative A - Cotton Hoodie,10.24,654,6,15.65,0.98,0,0.0
2025-10-28,2025-10-28,Plain Beanie - TOF - Interests,Broad Interests - Plain Beanie,Creative A - Plain Beanie,14.31,784,8,18.25,1.06,0,0.0
2025-10-28,2025-10-28,Simple Keychain - BOF - Retargeting,Website Visitors - Simple Keychain,DPA - Simple Keychain,5.64,435,16,12.96,3.73,1,11.99
2025-10-28,2025-10-28,Simple Keychain - TOF - Interests,Broad Interests - Simple Keychain,Creative A - Simple Keychain,13.16,544,5,24.19,0.97,1,7.99
2025-10-29,2025-10-29,Last Season Dress - TOF - Interests,Broad Interests - Last Season Dress,Creative A - Last Season Dre,14.91,712,9,20.94,1.35,0,0.0
2025-10-29,2025-10-29,Last Season Dress - TOF - Interests,Broad Interests - Last Season Dress,Creative A - Last Season Dre,27.66,1348,16,20.52,1.24,0,0.0
2025-10-29,2025-10-29,Premium Backpack - BOF - Retargeting,Website Visitors - Premium Backpack,DPA - Premium Backpac,6.32,602,12,10.5,2.16,1,53.99
2025-10-29,2025-10-29,Premium Backpack - TOF - Interests,Broad Interests - Premium Backpack,Creative A - Premium Backpac,14.75,934,10,15.79,1.13,1,36.0
2025-10-30,2025-10-30,Baseball Cap - TOF - Interests,Broad Interests - Baseball Cap,Creative A - Baseball Cap,11.94,827,10,14.44,1.27,0,0.0
2025-10-30,2025-10-30,Basic Socks 3-Pack - TOF - Interests,Broad Interests - Basic Socks 3-Pack,Creative A - Basic Socks 3-P,14.3,749,8,19.09,1.2,0,0.0
2025-10-30,2025-10-30,Cotton Hoodie - TOF - Interests,Broad Interests - Cotton Hoodie,Creative A - Cotton Hoodie,11.76,485,5,24.25,1.03,0,0.0
2025-10-30,2025-10-30,Discontinued Boots - TOF - Interests,Broad Interests - Discontinued Boots,Creative A - Discontinued Bo,10.77,458,5,23.51,1.28,0,0.0
2025-10-30,2025-10-30,Last Season Dress - TOF - Interests,Broad Interests - Last Season Dress,Creative A - Last Season Dre,28.46,2295,20,12.4,0.89,0,0.0
2025-10-30,2025-10-30,Running Shorts - TOF - Interests,Broad Interests - Running Shorts,Creative A - Running Shorts,8.7,690,8,12.61,1.19,0,0.0
2025-10-30,2025-10-30,Standard Lanyard - BOF - Retargeting,Website Visitors - Standard Lanyard,DPA - Standard Lanyar,4.39,293,9,14.99,3.08,1,9.59
2025-10-30,2025-10-30,Standard Lanyard - TOF - Interests,Broad Interests - Standard Lanyard,Creative A - Standard Lanyar,10.25,647,6,15.85,1.06,1,6.39
2025-10-31,2025-10-31,Artisan Watch - BOF - Retargeting,Website Visitors - Artisan Watch,DPA - Artisan Watch,16.14,1167,45,13.83,3.89,1,131.99
2025-10-31,2025-10-31,Artisan Watch - TOF - Interests,Broad Interests - Artisan Watch,Creative A - Artisan Watch,37.68,2361,25,15.96,1.1,1,87.99
2025-10-31,2025-10-31,Casual Jeans - TOF - Interests,Broad Interests - Casual Jeans,Creative A - Casual Jeans,6.27,340,4,18.43,1.35,0,0.0
2025-10-31,2025-10-31,Luxury Belt - TOF - Interests,Broad Interests - Luxury Belt,Creative A - Luxury Belt,6.61,511,5,12.94,1.04,0,0.0
2025-10-31,2025-10-31,Plain Beanie - TOF - Interests,Broad Interests - Plain Beanie,Creative A - Plain Beanie,12.17,753,8,16.16,1.07,0,0.0
2025-10-31,2025-10-31,Running Shorts - TOF - Interests,Broad Interests - Running Shorts,Creative A - Running Shorts,11.39,824,6,13.82,0.83,0,0.0
2025-11-01,2025-11-01,Baseball Cap - TOF - Interests,Broad Interests - Baseball Cap,Creative A - Baseball Cap,10.23,671,8,15.25,1.33,0,0.0
2025-11-01,2025-11-01,Canvas Tote Bag - BOF - Retargeting,Website Visitors - Canvas Tote Bag,DPA - Canvas Tote Bag,9.88,670,19,14.74,2.87,1,47.99
2025-11-01,2025-11-01,Canvas Tote Bag - TOF - Interests,Broad Interests - Canvas Tote Bag,Creative A - Canvas Tote Bag,23.06,1306,18,17.66,1.43,1,31.99
2025-11-01,2025-11-01,Clearance Jacket - TOF - Interests,Broad Interests - Clearance Jacket,Creative A - Clearance Jacke,23.92,1116,16,21.43,1.49,0,0.0
2025-11-01,2025-11-01,Cotton Hoodie - BOF - Retargeting,Website Visitors - Cotton Hoodie,DPA - Cotton Hoodie,4.74,367,11,12.92,3.03,1,26.99
2025-11-01,2025-11-01,Cotton Hoodie - TOF - Interests,Broad Interests - Cotton Hoodie,Creative A - Cotton Hoodie,11.06,618,7,17.89,1.29,1,18.0
2025-11-01,2025-11-01,Standard Lanyard - TOF - Interests,Broad Interests - Standard Lanyard,Creative A - Standard Lanyar,7.87,433,3,18.18,0.84,0,0.0
2025-11-02,2025-11-02,Cashmere Sweater - BOF - Retargeting,Website Visitors - Cashmere Sweater,DPA - Cashmere Sweate,17.58,1774,67,9.91,3.8,1,143.99
2025-11-02,2025-11-02,Cashmere Sweater - TOF - Interests,Broad Interests - Cashmere Sweater,Creative A - Cashmere Sweate,41.01,2105,21,19.48,1.02,1,95.99
2025-11-02,2025-11-02,Discontinued Boots - TOF - Interests,Broad Interests - Discontinued Boots,Creative A - Discontinued Bo,10.64,606,5,17.56,0.98,0,0.0
2025-11-02,2025-11-02,Overstock Pants - BOF - Retargeting,Website Visitors - Overstock Pants,DPA - Overstock Pants,18.68,1550,57,12.05,3.69,1,23.99
2025-11-02,2025-11-02,Overstock Pants - TOF - Interests,Broad Interests - Overstock Pants,Creative A - Overstock Pants,43.6,1970,26,22.13,1.35,1,15.99
2025-11-03,2025-11-03,Cashmere Sweater - BOF - Retargeting,Website Visitors - Cashmere Sweater,DPA - Cashmere Sweate,17.73,1789,68,9.91,3.81,1,143.99
2025-11-03,2025-11-03,Cashmere Sweater - TOF - Interests,Broad Interests - Cashmere Sweater,Creative A - Cashmere Sweate,41.36,2525,36,16.38,1.46,1,95.99
2025-11-04,2025-11-04,Basic Phone Case - TOF - Interests,Broad Interests - Basic Phone Case,Creative A - Basic Phone Cas,7.89,404,5,19.52,1.35,0,0.0
2025-11-04,2025-11-04,Overstock Pants - TOF - Interests,Broad Interests - Overstock Pants,Creative A - Overstock Pants,23.21,933,9,24.88,0.99,0,0.0
2025-11-04,2025-11-04,Premium Backpack - BOF - Retargeting,Website Visitors - Premium Backpack,DPA - Premium Backpac,11.73,882,31,13.3,3.52,1,107.99
2025-11-04,2025-11-04,Premium Backpack - BOF - Retargeting,Website Visitors - Premium Backpack,DPA - Premium Backpac,12.17,1323,47,9.2,3.62,1,107.99
2025-11-04,2025-11-04,Premium Backpack - TOF - Interests,Broad Interests - Premium Backpack,Creative A - Premium Backpac,27.39,1698,14,16.13,0.88,1,71.99
2025-11-04,2025-11-04,Premium Backpack - TOF - Interests,Broad Interests - Premium Backpack,Creative A - Premium Backpac,28.38,2302,21,12.33,0.93,1,71.99
2025-11-05,2025-11-05,Artisan Watch - BOF - Retargeting,Website Visitors - Artisan Watch,DPA - Artisan Watch,14.63,1651,34,8.86,2.09,1,131.99
2025-11-05,2025-11-05,Artisan Watch - TOF - Interests,Broad Interests - Artisan Watch,Creative A - Artisan Watch,34.12,1519,17,22.46,1.18,1,87.99
2025-11-05,2025-11-05,Basic Phone Case - TOF - Interests,Broad Interests - Basic Phone Case,Creative A - Basic Phone Cas,13.61,798,7,17.05,0.92,0,0.0
2025-11-05,2025-11-05,Canvas Tote Bag - TOF - Interests,Broad Interests - Canvas Tote Bag,Creative A - Canvas Tote Bag,9.43,431,4,21.88,1.03,0,0.0
2025-11-05,2025-11-05,Last Season Dress - TOF - Interests,Broad Interests - Last Season Dress,Creative A - Last Season Dre,12.77,901,8,14.17,0.95,0,0.0
2025-11-05,2025-11-05,Standard Lanyard - TOF - Interests,Broad Interests - Standard Lanyard,Creative A - Standard Lanyar,10.8,727,8,14.85,1.16,0,0.0
2025-11-06,2025-11-06,Baseball Cap - BOF - Retargeting,Website Visitors - Baseball Cap,DPA - Baseball Cap,3.09,318,9,9.72,2.99,1,17.99
2025-11-06,2025-11-06,Baseball Cap - TOF - Interests,Broad Interests - Baseball Cap,Creative A - Baseball Cap,7.2,395,4,18.24,1.14,1,12.0
2025-11-06,2025-11-06,Casual Jeans - TOF - Interests,Broad Interests - Casual Jeans,Creative A - Casual Jeans,10.58,532,6,19.88,1.27,0,0.0
2025-11-06,2025-11-06,Clearance Jacket - TOF - Interests,Broad Interests - Clearance Jacket,Creative A - Clearance Jacke,9.93,399,5,24.89,1.41,0,0.0
2025-11-06,2025-11-06,Last Season Dress - TOF - Interests,Broad Interests - Last Season Dress,Creative A - Last Season Dre,12.83,697,6,18.41,0.94,0,0.0
2025-11-06,2025-11-06,Luxury Silk Scarf - BOF - Retargeting,Website Visitors - Luxury Silk Scarf,DPA - Luxury Silk Sca,6.38,562,13,11.36,2.32,1,53.99
2025-11-06,2025-11-06,Luxury Silk Scarf - TOF - Interests,Broad Interests - Luxury Silk Scarf,Creative A - Luxury Silk Sca,14.92,615,6,24.26,1.04,1,36.0
2025-11-07,2025-11-07,Clearance Jacket - TOF - Interests,Broad Interests - Clearance Jacket,Creative A - Clearance Jacke,9.12,665,7,13.71,1.08,0,0.0
2025-11-07,2025-11-07,Discontinued Boots - TOF - Interests,Broad Interests - Discontinued Boots,Creative A - Discontinued Bo,26.78,1351,18,19.82,1.36,0,0.0
2025-11-07,2025-11-07,Last Season Dress - BOF - Retargeting,Website Visitors - Last Season Dress,DPA - Last Season Dre,11.06,870,28,12.71,3.23,1,14.99
2025-11-07,2025-11-07,Last Season Dress - TOF - Interests,Broad Interests - Last Season Dress,Creative A - Last Season Dre,25.83,1531,14,16.87,0.92,1,10.0
2025-11-07,2025-11-07,Overstock Pants - BOF - Retargeting,Website Visitors - Overstock Pants,DPA - Overstock Pants,22.06,2305,80,9.57,3.51,1,23.99
2025-11-07,2025-11-07,Overstock Pants - TOF - Interests,Broad Interests - Overstock Pants,Creative A - Overstock Pants,51.46,3745,35,13.74,0.96,1,15.99
2025-11-07,2025-11-07,Plain Beanie - TOF - Interests,Broad Interests - Plain Beanie,Creative A - Plain Beanie,14.24,753,9,18.91,1.24,0,0.0
2025-11-07,2025-11-07,Premium Leather Bag - TOF - Interests,Broad Interests - Premium Leather Bag,Creative A - Premium Leather,5.11,279,2,18.3,0.95,0,0.0
2025-11-07,2025-11-07,Simple Keychain - TOF - Interests,Broad Interests - Simple Keychain,Creative A - Simple Keychain,7.88,614,7,12.84,1.26,0,0.0
2025-11-08,2025-11-08,Baseball Cap - TOF - Interests,Broad Interests - Baseball Cap,Creative A - Baseball Cap,7.94,414,4,19.17,1.01,0,0.0
2025-11-08,2025-11-08,Casual Jeans - TOF - Interests,Broad Interests - Casual Jeans,Creative A - Casual Jeans,12.02,538,6,22.34,1.29,0,0.0
2025-11-08,2025-11-08,Cotton Hoodie - TOF - Interests,Broad Interests - Cotton Hoodie,Creative A - Cotton Hoodie,6.44,432,5,14.9,1.39,0,0.0
2025-11-08,2025-11-08,Handcrafted Wallet - BOF - Retargeting,Website Visitors - Handcrafted Wallet,DPA - Handcrafted Wal,10.46,833,21,12.56,2.61,1,95.99
2025-11-08,2025-11-08,Handcrafted Wallet - TOF - Interests,Broad Interests - Handcrafted Wallet,Creative A - Handcrafted Wal,24.41,1010,11,24.17,1.14,1,63.99
2025-11-08,2025-11-08,Sample Sale Coat - BOF - Retargeting,Website Visitors - Sample Sale Coat,DPA - Sample Sale Coa,19.38,2031,55,9.54,2.75,1,29.99
2025-11-08,2025-11-08,Sample Sale Coat - TOF - Interests,Broad Interests - Sample Sale Coat,Creative A - Sample Sale Coa,45.19,3282,34,13.77,1.06,1,20.0
2025-11-09,2025-11-09,Classic T-Shirt - TOF - Interests,Broad Interests - Classic T-Shirt,Creative A - Classic T-Shirt,6.25,272,2,22.97,0.9,0,0.0
2025-11-09,2025-11-09,Last Season Dress - TOF - Interests,Broad Interests - Last Season Dress,Creative A - Last Season Dre,20.04,974,12,20.57,1.29,0,0.0
2025-11-09,2025-11-09,Running Shorts - TOF - Interests,Broad Interests - Running Shorts,Creative A - Running Shorts,7.56,590,7,12.82,1.28,0,0.0
2025-11-09,2025-11-09,Sport Sneakers - TOF - Interests,Broad Interests - Sport Sneakers,Creative A - Sport Sneakers,5.44,316,3,17.22,1.26,0,0.0
2025-11-10,2025-11-10,Plain Beanie - TOF - Interests,Broad Interests - Plain Beanie,Creative A - Plain Beanie,13.16,1034,13,12.73,1.31,0,0.0
2025-11-10,2025-11-10,Running Shorts - BOF - Retargeting,Website Visitors - Running Shorts,DPA - Running Shorts,9.92,816,30,12.16,3.71,1,41.99
2025-11-10,2025-11-10,Running Shorts - TOF - Interests,Broad Interests - Running Shorts,Creative A - Running Shorts,23.16,1118,12,20.72,1.14,1,27.99
2025-11-11,2025-11-11,Baseball Cap - TOF - Interests,Broad Interests - Baseball Cap,Creative A - Baseball Cap,8.09,516,5,15.68,0.99,0,0.0
2025-11-11,2025-11-11,Baseball Cap - TOF - Interests,Broad Interests - Baseball Cap,Creative A - Baseball Cap,8.88,586,8,15.15,1.46,0,0.0
2025-11-11,2025-11-11,Basic Socks 3-Pack - TOF - Interests,Broad Interests - Basic Socks 3-Pack,Creative A - Basic Socks 3-P,12.76,676,8,18.87,1.23,0,0.0
2025-11-11,2025-11-11,Designer Sunglasses - TOF - Interests,Broad Interests - Designer Sunglasses,Creative A - Designer Sungla,9.31,530,5,17.56,0.96,0,0.0
2025-11-11,2025-11-11,Premium Leather Bag - BOF - Retargeting,Website Visitors - Premium Leather Bag,DPA - Premium Leather,7.7,791,21,9.74,2.76,1,71.99
2025-11-11,2025-11-11,Premium Leather Bag - TOF - Interests,Broad Interests - Premium Leather Bag,Creative A - Premium Leather,17.98,1322,19,13.6,1.49,1,48.0
2025-11-11,2025-11-11,Premium Leather Bag - TOF - Interests,Broad Interests - Premium Leather Bag,Creative A - Premium Leather,4.4,288,2,15.27,0.87,0,0.0
2025-11-11,2025-11-11,Simple Keychain - TOF - Interests,Broad Interests - Simple Keychain,Creative A - Simple Keychain,5.59,238,2,23.5,1.24,0,0.0
2025-11-12,2025-11-12,Artisan Watch - BOF - Retargeting,Website Visitors - Artisan Watch,DPA - Artisan Watch,7.44,508,10,14.64,2.09,1,65.99
2025-11-12,2025-11-12,Artisan Watch - TOF - Interests,Broad Interests - Artisan Watch,Creative A - Artisan Watch,17.38,751,8,23.14,1.09,1,44.0
2025-11-12,2025-11-12,Basic Phone Case - BOF - Retargeting,Website Visitors - Basic Phone Case,DPA - Basic Phone Cas,4.2,368,11,11.42,3.17,1,7.79
2025-11-12,2025-11-12,Basic Phone Case - TOF - Interests,Broad Interests - Basic Phone Case,Creative A - Basic Phone Cas,9.8,595,5,16.47,0.93,1,5.2
2025-11-12,2025-11-12,Cashmere Sweater - TOF - Interests,Broad Interests - Cashmere Sweater,Creative A - Cashmere Sweate,5.24,305,3,17.17,1.12,0,0.0
2025-11-12,2025-11-12,Last Season Dress - TOF - Interests,Broad Interests - Last Season Dress,Creative A - Last Season Dre,8.53,495,4,17.24,0.9,0,0.0
2025-11-12,2025-11-12,Sample Sale Coat - TOF - Interests,Broad Interests - Sample Sale Coat,Creative A - Sample Sale Coa,29.24,2113,23,13.84,1.1,0,0.0
2025-11-12,2025-11-12,Simple Keychain - TOF - Interests,Broad Interests - Simple Keychain,Creative A - Simple Keychain,8.76,561,6,15.61,1.17,0,0.0
2025-11-12,2025-11-12,Sport Sneakers - BOF - Retargeting,Website Visitors - Sport Sneakers,DPA - Sport Sneakers,14.41,1596,59,9.03,3.7,1,65.99
2025-11-12,2025-11-12,Sport Sneakers - TOF - Interests,Broad Interests - Sport Sneakers,Creative A - Sport Sneakers,33.64,2724,26,12.35,0.98,1,43.99
2025-11-13,2025-11-13,Basic Phone Case - BOF - Retargeting,Website Visitors - Basic Phone Case,DPA - Basic Phone Cas,7.09,861,31,8.23,3.65,1,15.59
2025-11-13,2025-11-13,Basic Phone Case - TOF - Interests,Broad Interests - Basic Phone Case,Creative A - Basic Phone Cas,16.52,864,11,19.12,1.35,1,10.39
2025-11-13,2025-11-13,Discontinued Boots - TOF - Interests,Broad Interests - Discontinued Boots,Creative A - Discontinued Bo,27.56,1181,10,23.34,0.88,0,0.0
2025-11-13,2025-11-13,Handcrafted Wallet - BOF - Retargeting,Website Visitors - Handcrafted Wallet,DPA - Handcrafted Wal,5.25,386,14,13.59,3.88,1,47.99
2025-11-13,2025-11-13,Handcrafted Wallet - TOF - Interests,Broad Interests - Handcrafted Wallet,Creative A - Handcrafted Wal,12.25,547,7,22.4,1.3,1,32.0
2025-11-13,2025-11-13,Luxury Silk Scarf - BOF - Retargeting,Website Visitors - Luxury Silk Scarf,DPA - Luxury Silk Sca,5.44,386,13,14.1,3.45,1,53.99
2025-11-13,2025-11-13,Luxury Silk Scarf - TOF - Interests,Broad Interests - Luxury Silk Scarf,Creative A - Luxury Silk Sca,12.72,865,7,14.7,0.92,1,36.0
2025-11-13,2025-11-13,Plain Beanie - TOF - Interests,Broad Interests - Plain Beanie,Creative A - Plain Beanie,7.28,534,6,13.63,1.18,0,0.0
2025-11-13,2025-11-13,Polo Shirt - TOF - Interests,Broad Interests - Polo Shirt,Creative A - Polo Shirt,14.76,848,6,17.41,0.8,0,0.0
2025-11-13,2025-11-13,Premium Leather Bag - TOF - Interests,Broad Interests - Premium Leather Bag,Creative A - Premium Leather,7.99,641,7,12.47,1.15,0,0.0
2025-11-13,2025-11-13,Sport Sneakers - TOF - Interests,Broad Interests - Sport Sneakers,Creative A - Sport Sneakers,9.35,712,7,13.13,1.08,0,0.0
2025-11-14,2025-11-14,Basic Socks 3-Pack - TOF - Interests,Broad Interests - Basic Socks 3-Pack,Creative A - Basic Socks 3-P,7.0,497,4,14.08,0.88,0,0.0
2025-11-14,2025-11-14,Clearance Jacket - TOF - Interests,Broad Interests - Clearance Jacket,Creative A - Clearance Jacke,10.71,562,5,19.05,0.92,0,0.0
2025-11-14,2025-11-14,Discontinued Boots - TOF - Interests,Broad Interests - Discontinued Boots,Creative A - Discontinued Bo,25.09,1143,16,21.95,1.41,0,0.0
2025-11-14,2025-11-14,Running Shorts - TOF - Interests,Broad Interests - Running Shorts,Creative A - Running Shorts,8.11,640,7,12.67,1.12,0,0.0
2025-11-14,2025-11-14,Running Shorts - TOF - Interests,Broad Interests - Running Shorts,Creative A - Running Shorts,14.2,575,4,24.7,0.8,0,0.0
2025-11-15,2025-11-15,Basic Phone Case - TOF - Interests,Broad Interests - Basic Phone Case,Creative A - Basic Phone Cas,7.51,360,3,20.87,0.86,0,0.0
2025-11-15,2025-11-15,Canvas Tote Bag - TOF - Interests,Broad Interests - Canvas Tote Bag,Creative A - Canvas Tote Bag,6.31,299,3,21.11,1.04,0,0.0
2025-11-15,2025-11-15,Clearance Jacket - TOF - Interests,Broad Interests - Clearance Jacket,Creative A - Clearance Jacke,10.28,618,5,16.64,0.95,0,0.0
2025-11-16,2025-11-16,Canvas Tote Bag - TOF - Interests,Broad Interests - Canvas Tote Bag,Creative A - Canvas Tote Bag,11.99,602,5,19.91,0.89,0,0.0
2025-11-16,2025-11-16,Discontinued Boots - TOF - Interests,Broad Interests - Discontinued Boots,Creative A - Discontinued Bo,27.61,1881,25,14.68,1.34,0,0.0
2025-11-16,2025-11-16,Last Season Dress - TOF - Interests,Broad Interests - Last Season Dress,Creative A - Last Season Dre,23.44,1514,15,15.48,1.0,0,0.0
2025-11-16,2025-11-16,Polo Shirt - TOF - Interests,Broad Interests - Polo Shirt,Creative A - Polo Shirt,11.5,684,7,16.82,1.15,0,0.0
2025-11-16,2025-11-16,Premium Backpack - TOF - Interests,Broad Interests - Premium Backpack,Creative A - Premium Backpac,4.76,222,2,21.42,1.18,0,0.0
2025-11-16,2025-11-16,Sample Sale Coat - TOF - Interests,Broad Interests - Sample Sale Coat,Creative A - Sample Sale Coa,19.78,973,9,20.33,0.97,0,0.0
2025-11-17,2025-11-17,Basic Phone Case - TOF - Interests,Broad Interests - Basic Phone Case,Creative A - Basic Phone Cas,7.85,515,5,15.25,1.15,0,0.0
2025-11-17,2025-11-17,Premium Leather Bag - TOF - Interests,Broad Interests - Premium Leather Bag,Creative A - Premium Leather,6.82,537,6,12.7,1.15,0,0.0
2025-11-17,2025-11-17,Standard Lanyard - TOF - Interests,Broad Interests - Standard Lanyard,Creative A - Standard Lanyar,14.51,602,8,24.1,1.34,0,0.0
2025-11-18,2025-11-18,Baseball Cap - TOF - Interests,Broad Interests - Baseball Cap,Creative A - Baseball Cap,5.5,279,3,19.71,1.3,0,0.0
2025-11-18,2025-11-18,Handcrafted Wallet - TOF - Interests,Broad Interests - Handcrafted Wallet,Creative A - Handcrafted Wal,7.7,551,6,13.97,1.13,0,0.0
2025-11-18,2025-11-18,Polo Shirt - TOF - Interests,Broad Interests - Polo Shirt,Creative A - Polo Shirt,8.87,378,3,23.46,0.94,0,0.0
2025-11-19,2025-11-19,Canvas Tote Bag - TOF - Interests,Broad Interests - Canvas Tote Bag,Creative A - Canvas Tote Bag,5.88,325,2,18.1,0.87,0,0.0
2025-11-19,2025-11-19,Designer Sunglasses - BOF - Retargeting,Website Visitors - Designer Sunglasses,DPA - Designer Sungla,6.1,572,15,10.66,2.71,1,59.99
2025-11-19,2025-11-19,Designer Sunglasses - TOF - Interests,Broad Interests - Designer Sunglasses,Creative A - Designer Sungla,14.24,917,7,15.53,0.8,1,40.0
2025-11-19,2025-11-19,Luxury Silk Scarf - BOF - Retargeting,Website Visitors - Luxury Silk Scarf,DPA - Luxury Silk Sca,13.2,1400,52,9.43,3.72,1,107.99
2025-11-19,2025-11-19,Luxury Silk Scarf - TOF - Interests,Broad Interests - Luxury Silk Scarf,Creative A - Luxury Silk Sca,30.81,1929,27,15.97,1.41,1,71.99
2025-11-19,2025-11-19,Luxury Silk Scarf - TOF - Interests,Broad Interests - Luxury Silk Scarf,Creative A - Luxury Silk Sca,7.73,373,4,20.72,1.22,0,0.0
2025-11-19,2025-11-19,Overstock Pants - TOF - Interests,Broad Interests - Overstock Pants,Creative A - Overstock Pants,20.57,1179,15,17.45,1.28,0,0.0
2025-11-19,2025-11-19,Standard Lanyard - BOF - Retargeting,Website Visitors - Standard Lanyard,DPA - Standard Lanyar,4.94,362,14,13.65,3.93,1,9.59
2025-11-19,2025-11-19,Standard Lanyard - TOF - Interests,Broad Interests - Standard Lanyard,Creative A - Standard Lanyar,11.54,796,9,14.5,1.23,1,6.39
2025-11-20,2025-11-20,Artisan Watch - BOF - Retargeting,Website Visitors - Artisan Watch,DPA - Artisan Watch,13.48,1419,54,9.5,3.85,1,131.99
2025-11-20,2025-11-20,Artisan Watch - TOF - Interests,Broad Interests - Artisan Watch,Creative A - Artisan Watch,31.47,1614,17,19.5,1.09,1,87.99
2025-11-20,2025-11-20,Clearance Jacket - TOF - Interests,Broad Interests - Clearance Jacket,Creative A - Clearance Jacke,24.24,1615,13,15.01,0.86,0,0.0
2025-11-20,2025-11-20,Luxury Silk Scarf - BOF - Retargeting,Website Visitors - Luxury Silk Scarf,DPA - Luxury Silk Sca,13.1,938,22,13.97,2.41,1,107.99
2025-11-20,2025-11-20,Luxury Silk Scarf - TOF - Interests,Broad Interests - Luxury Silk Scarf,Creative A - Luxury Silk Sca,30.61,1258,14,24.33,1.18,1,71.99
2025-11-20,2025-11-20,Overstock Pants - TOF - Interests,Broad Interests - Overstock Pants,Creative A - Overstock Pants,16.34,706,9,23.14,1.3,0,0.0
2025-11-20,2025-11-20,Premium Leather Bag - BOF - Retargeting,Website Visitors - Premium Leather Bag,DPA - Premium Leather,16.35,1146,26,14.27,2.29,1,143.99
2025-11-20,2025-11-20,Premium Leather Bag - TOF - Interests,Broad Interests - Premium Leather Bag,Creative A - Premium Leather,38.15,2424,33,15.74,1.38,1,95.99
2025-11-20,2025-11-20,Running Shorts - TOF - Interests,Broad Interests - Running Shorts,Creative A - Running Shorts,7.95,612,5,12.99,0.83,0,0.0
2025-11-20,2025-11-20,Sport Sneakers - TOF - Interests,Broad Interests - Sport Sneakers,Creative A - Sport Sneakers,13.13,790,9,16.62,1.18,0,0.0
2025-11-21,2025-11-21,Clearance Jacket - TOF - Interests,Broad Interests - Clearance Jacket,Creative A - Clearance Jacke,22.09,1311,13,16.85,1.01,0,0.0
2025-11-21,2025-11-21,Designer Sunglasses - TOF - Interests,Broad Interests - Designer Sunglasses,Creative A - Designer Sungla,7.01,297,4,23.6,1.5,0,0.0
2025-11-21,2025-11-21,Discontinued Boots - TOF - Interests,Broad Interests - Discontinued Boots,Creative A - Discontinued Bo,12.71,612,5,20.77,0.94,0,0.0
2025-11-21,2025-11-21,Polo Shirt - BOF - Retargeting,Website Visitors - Polo Shirt,DPA - Polo Shirt,5.11,507,15,10.08,3.0,1,29.99
2025-11-21,2025-11-21,Polo Shirt - TOF - Interests,Broad Interests - Polo Shirt,Creative A - Polo Shirt,11.91,512,7,23.26,1.39,1,20.0
2025-11-21,2025-11-21,Sample Sale Coat - TOF - Interests,Broad Interests - Sample Sale Coat,Creative A - Sample Sale Coa,8.34,435,5,19.17,1.25,0,0.0
2025-11-21,2025-11-21,Sample Sale Coat - TOF - Interests,Broad Interests - Sample Sale Coat,Creative A - Sample Sale Coa,15.3,1029,14,14.87,1.43,0,0.0
2025-11-22,2025-11-22,Artisan Watch - TOF - Interests,Broad Interests - Artisan Watch,Creative A - Artisan Watch,7.84,322,4,24.34,1.4,0,0.0
2025-11-22,2025-11-22,Basic Socks 3-Pack - TOF - Interests,Broad Interests - Basic Socks 3-Pack,Creative A - Basic Socks 3-P,8.62,484,5,17.8,1.23,0,0.0
2025-11-22,2025-11-22,Canvas Tote Bag - TOF - Interests,Broad Interests - Canvas Tote Bag,Creative A - Canvas Tote Bag,10.76,468,6,22.99,1.46,0,0.0
2025-11-22,2025-11-22,Cashmere Sweater - TOF - Interests,Broad Interests - Cashmere Sweater,Creative A - Cashmere Sweate,9.23,647,6,14.27,0.95,0,0.0
2025-11-22,2025-11-22,Plain Beanie - TOF - Interests,Broad Interests - Plain Beanie,Creative A - Plain Beanie,8.66,409,5,21.17,1.29,0,0.0
2025-11-22,2025-11-22,Sample Sale Coat - TOF - Interests,Broad Interests - Sample Sale Coat,Creative A - Sample Sale Coa,18.81,846,10,22.23,1.22,0,0.0
2025-11-23,2025-11-23,Cotton Hoodie - TOF - Interests,Broad Interests - Cotton Hoodie,Creative A - Cotton Hoodie,13.01,533,5,24.41,0.99,0,0.0
2025-11-23,2025-11-23,Overstock Pants - BOF - Retargeting,Website Visitors - Overstock Pants,DPA - Overstock Pants,17.83,2088,58,8.54,2.78,1,23.99
2025-11-23,2025-11-23,Overstock Pants - TOF - Interests,Broad Interests - Overstock Pants,Creative A - Overstock Pants,41.63,2707,36,15.38,1.36,1,15.99
2025-11-23,2025-11-23,Overstock Pants - TOF - Interests,Broad Interests - Overstock Pants,Creative A - Overstock Pants,9.83,397,3,24.75,0.82,0,0.0
2025-11-23,2025-11-23,Simple Keychain - TOF - Interests,Broad Interests - Simple Keychain,Creative A - Simple Keychain,5.55,315,2,17.63,0.83,0,0.0
2025-11-23,2025-11-23,Standard Lanyard - TOF - Interests,Broad Interests - Standard Lanyard,Creative A - Standard Lanyar,11.91,519,7,22.94,1.47,0,0.0
2025-11-24,2025-11-24,Basic Phone Case - TOF - Interests,Broad Interests - Basic Phone Case,Creative A - Basic Phone Cas,6.78,371,4,18.27,1.1,0,0.0
2025-11-24,2025-11-24,Cashmere Sweater - TOF - Interests,Broad Interests - Cashmere Sweater,Creative A - Cashmere Sweate,5.81,239,2,24.3,1.16,0,0.0
2025-11-24,2025-11-24,Clearance Jacket - TOF - Interests,Broad Interests - Clearance Jacket,Creative A - Clearance Jacke,19.3,1502,18,12.85,1.22,0,0.0
2025-11-24,2025-11-24,Last Season Dress - BOF - Retargeting,Website Visitors - Last Season Dress,DPA - Last Season Dre,9.6,971,29,9.89,3.09,1,14.99
2025-11-24,2025-11-24,Last Season Dress - TOF - Interests,Broad Interests - Last Season Dress,Creative A - Last Season Dre,22.39,902,13,24.82,1.48,1,10.0
2025-11-24,2025-11-24,Luxury Silk Scarf - BOF - Retargeting,Website Visitors - Luxury Silk Scarf,DPA - Luxury Silk Sca,6.06,574,18,10.56,3.19,1,53.99
2025-11-24,2025-11-24,Luxury Silk Scarf - TOF - Interests,Broad Interests - Luxury Silk Scarf,Creative A - Luxury Silk Sca,14.14,671,8,21.08,1.3,1,36.0
2025-11-24,2025-11-24,Overstock Pants - BOF - Retargeting,Website Visitors - Overstock Pants,DPA - Overstock Pants,16.6,1678,64,9.89,3.83,1,23.99
2025-11-24,2025-11-24,Overstock Pants - TOF - Interests,Broad Interests - Overstock Pants,Creative A - Overstock Pants,38.72,1677,17,23.09,1.07,1,15.99
2025-11-24,2025-11-24,Overstock Pants - TOF - Interests,Broad Interests - Overstock Pants,Creative A - Overstock Pants,9.93,708,9,14.03,1.31,0,0.0
2025-11-24,2025-11-24,Sample Sale Coat - TOF - Interests,Broad Interests - Sample Sale Coat,Creative A - Sample Sale Coa,18.14,816,11,22.23,1.47,0,0.0
2025-11-24,2025-11-24,Simple Keychain - TOF - Interests,Broad Interests - Simple Keychain,Creative A - Simple Keychain,8.26,412,5,20.06,1.25,0,0.0
2025-11-25,2025-11-25,Basic Phone Case - TOF - Interests,Broad Interests - Basic Phone Case,Creative A - Basic Phone Cas,11.16,483,5,23.1,1.1,0,0.0
2025-11-25,2025-11-25,Cashmere Sweater - TOF - Interests,Broad Interests - Cashmere Sweater,Creative A - Cashmere Sweate,4.75,208,2,22.83,1.0,0,0.0
2025-11-25,2025-11-25,Casual Jeans - BOF - Retargeting,Website Visitors - Casual Jeans,DPA - Casual Jeans,8.87,999,32,8.88,3.2,1,35.99
2025-11-25,2025-11-25,Casual Jeans - TOF - Interests,Broad Interests - Casual Jeans,Creative A - Casual Jeans,20.71,910,7,22.76,0.83,1,24.0
2025-11-25,2025-11-25,Clearance Jacket - BOF - Retargeting,Website Visitors - Clearance Jacket,DPA - Clearance Jacke,26.6,1826,61,14.57,3.37,1,35.99
2025-11-25,2025-11-25,Clearance Jacket - TOF - Interests,Broad Interests - Clearance Jacket,Creative A - Clearance Jacke,62.05,2857,37,21.72,1.3,1,23.99
2025-11-25,2025-11-25,Cotton Hoodie - TOF - Interests,Broad Interests - Cotton Hoodie,Creative A - Cotton Hoodie,13.2,639,9,20.65,1.43,0,0.0
2025-11-25,2025-11-25,Luxury Belt - BOF - Retargeting,Website Visitors - Luxury Belt,DPA - Luxury Belt,10.61,1041,31,10.19,2.98,1,95.99
2025-11-25,2025-11-25,Luxury Belt - TOF - Interests,Broad Interests - Luxury Belt,Creative A - Luxury Belt,24.76,1200,12,20.63,1.08,1,63.99
2025-11-25,2025-11-25,Luxury Silk Scarf - BOF - Retargeting,Website Visitors - Luxury Silk Scarf,DPA - Luxury Silk Sca,12.21,1460,42,8.36,2.91,1,107.99
2025-11-25,2025-11-25,Luxury Silk Scarf - TOF - Interests,Broad Interests - Luxury Silk Scarf,Creative A - Luxury Silk Sca,28.48,2076,21,13.72,1.03,1,71.99
2025-11-25,2025-11-25,Running Shorts - TOF - Interests,Broad Interests - Running Shorts,Creative A - Running Shorts,10.58,516,4,20.51,0.96,0,0.0
2025-11-25,2025-11-25,Sample Sale Coat - TOF - Interests,Broad Interests - Sample Sale Coat,Creative A - Sample Sale Coa,16.16,1112,16,14.53,1.47,0,0.0
2025-11-25,2025-11-25,Sport Sneakers - TOF - Interests,Broad Interests - Sport Sneakers,Creative A - Sport Sneakers,11.87,663,9,17.91,1.39,0,0.0
2025-11-26,2025-11-26,Discontinued Boots - BOF - Retargeting,Website Visitors - Discontinued Boots,DPA - Discontinued Bo,31.29,2424,64,12.91,2.67,1,47.99
2025-11-26,2025-11-26,Discontinued Boots - TOF - Interests,Broad Interests - Discontinued Boots,Creative A - Discontinued Bo,72.99,3231,28,22.59,0.88,1,31.99
2025-11-26,2025-11-26,Luxury Belt - BOF - Retargeting,Website Visitors - Luxury Belt,DPA - Luxury Belt,5.03,604,23,8.32,3.84,1,47.99
2025-11-26,2025-11-26,Luxury Belt - TOF - Interests,Broad Interests - Luxury Belt,Creative A - Luxury Belt,11.71,545,7,21.48,1.45,1,32.0
2025-11-26,2025-11-26,Running Shorts - TOF - Interests,Broad Interests - Running Shorts,Creative A - Running Shorts,11.75,587,8,20.02,1.39,0,0.0
2025-11-26,2025-11-26,Sample Sale Coat - TOF - Interests,Broad Interests - Sample Sale Coat,Creative A - Sample Sale Coa,12.02,668,9,17.99,1.39,0,0.0
2025-11-26,2025-11-26,Simple Keychain - TOF - Interests,Broad Interests - Simple Keychain,Creative A - Simple Keychain,8.7,542,7,16.05,1.46,0,0.0
2025-11-26,2025-11-26,Standard Lanyard - TOF - Interests,Broad Interests - Standard Lanyard,Creative A - Standard Lanyar,8.1,524,6,15.46,1.23,0,0.0
2025-11-26,2025-11-26,Standard Lanyard - TOF - Interests,Broad Interests - Standard Lanyard,Creative A - Standard Lanyar,9.26,393,3,23.55,0.9,0,0.0
2025-11-27,2025-11-27,Artisan Watch - BOF - Retargeting,Website Visitors - Artisan Watch,DPA - Artisan Watch,7.36,611,19,12.05,3.24,1,65.99
2025-11-27,2025-11-27,Artisan Watch - TOF - Interests,Broad Interests - Artisan Watch,Creative A - Artisan Watch,17.18,719,9,23.89,1.29,1,44.0
2025-11-27,2025-11-27,Baseball Cap - BOF - Retargeting,Website Visitors - Baseball Cap,DPA - Baseball Cap,8.63,593,21,14.56,3.55,1,35.99
2025-11-27,2025-11-27,Baseball Cap - TOF - Interests,Broad Interests - Baseball Cap,Creative A - Baseball Cap,20.15,1087,12,18.54,1.17,1,23.99
2025-11-27,2025-11-27,Basic Phone Case - BOF - Retargeting,Website Visitors - Basic Phone Case,DPA - Basic Phone Cas,3.86,266,10,14.5,3.98,1,7.79
2025-11-27,2025-11-27,Basic Phone Case - TOF - Interests,Broad Interests - Basic Phone Case,Creative A - Basic Phone Cas,9.02,495,4,18.22,1.0,1,5.2
2025-11-27,2025-11-27,Basic Socks 3-Pack - TOF - Interests,Broad Interests - Basic Socks 3-Pack,Creative A - Basic Socks 3-P,7.73,334,3,23.15,1.08,0,0.0
2025-11-27,2025-11-27,Last Season Dress - TOF - Interests,Broad Interests - Last Season Dress,Creative A - Last Season Dre,20.6,1565,20,13.16,1.3,0,0.0
2025-11-27,2025-11-27,Luxury Belt - BOF - Retargeting,Website Visitors - Luxury Belt,DPA - Luxury Belt,11.6,842,21,13.78,2.57,1,95.99
2025-11-27,2025-11-27,Luxury Belt - TOF - Interests,Broad Interests - Luxury Belt,Creative A - Luxury Belt,27.09,1554,17,17.43,1.11,1,63.99
2025-11-27,2025-11-27,Luxury Silk Scarf - BOF - Retargeting,Website Visitors - Luxury Silk Scarf,DPA - Luxury Silk Sca,13.43,1319,48,10.18,3.69,1,107.99
2025-11-27,2025-11-27,Luxury Silk Scarf - TOF - Interests,Broad Interests - Luxury Silk Scarf,Creative A - Luxury Silk Sca,31.34,1703,20,18.4,1.2,1,71.99
2025-11-27,2025-11-27,Luxury Silk Scarf - TOF - Interests,Broad Interests - Luxury Silk Scarf,Creative A - Luxury Silk Sca,5.16,235,3,21.96,1.39,0,0.0
2025-11-27,2025-11-27,Overstock Pants - TOF - Interests,Broad Interests - Overstock Pants,Creative A - Overstock Pants,9.33,751,9,12.42,1.31,0,0.0
2025-11-27,2025-11-27,Plain Beanie - TOF - Interests,Broad Interests - Plain Beanie,Creative A - Plain Beanie,12.82,897,10,14.29,1.15,0,0.0
2025-11-28,2025-11-28,Casual Jeans - TOF - Interests,Broad Interests - Casual Jeans,Creative A - Casual Jeans,6.99,291,2,24.03,1.01,0,0.0
2025-11-28,2025-11-28,Classic T-Shirt - TOF - Interests,Broad Interests - Classic T-Shirt,Creative A - Classic T-Shirt,8.92,430,5,20.75,1.34,0,0.0
2025-11-28,2025-11-28,Clearance Jacket - BOF - Retargeting,Website Visitors - Clearance Jacket,DPA - Clearance Jacke,23.22,1919,61,12.1,3.18,1,35.99
2025-11-28,2025-11-28,Clearance Jacket - TOF - Interests,Broad Interests - Clearance Jacket,Creative A - Clearance Jacke,54.17,3911,33,13.85,0.85,1,23.99
2025-11-28,2025-11-28,Discontinued Boots - TOF - Interests,Broad Interests - Discontinued Boots,Creative A - Discontinued Bo,11.61,566,5,20.52,0.93,0,0.0
2025-11-28,2025-11-28,Luxury Belt - TOF - Interests,Broad Interests - Luxury Belt,Creative A - Luxury Belt,6.92,279,2,24.79,1.05,0,0.0
2025-11-28,2025-11-28,Premium Backpack - TOF - Interests,Broad Interests - Premium Backpack,Creative A - Premium Backpac,4.56,351,4,12.99,1.3,0,0.0
2025-11-28,2025-11-28,Premium Leather Bag - TOF - Interests,Broad Interests - Premium Leather Bag,Creative A - Premium Leather,9.37,595,5,15.75,0.89,0,0.0
2025-11-28,2025-11-28,Simple Keychain - TOF - Interests,Broad Interests - Simple Keychain,Creative A - Simple Keychain,5.27,271,2,19.46,1.04,0,0.0
2025-11-29,2025-11-29,Artisan Watch - TOF - Interests,Broad Interests - Artisan Watch,Creative A - Artisan Watch,6.09,401,5,15.19,1.37,0,0.0
2025-11-29,2025-11-29,Canvas Tote Bag - TOF - Interests,Broad Interests - Canvas Tote Bag,Creative A - Canvas Tote Bag,6.86,295,3,23.24,1.31,0,0.0
2025-11-29,2025-11-29,Luxury Belt - TOF - Interests,Broad Interests - Luxury Belt,Creative A - Luxury Belt,5.29,412,5,12.85,1.43,0,0.0
2025-11-29,2025-11-29,Polo Shirt - TOF - Interests,Broad Interests - Polo Shirt,Creative A - Polo Shirt,10.27,579,5,17.73,1.0,0,0.0
2025-11-29,2025-11-29,Premium Backpack - BOF - Retargeting,Website Visitors - Premium Backpack,DPA - Premium Backpac,6.2,688,22,9.01,3.27,1,53.99
2025-11-29,2025-11-29,Premium Backpack - TOF - Interests,Broad Interests - Premium Backpack,Creative A - Premium Backpac,14.46,805,10,17.96,1.27,1,36.0
2025-11-29,2025-11-29,Sample Sale Coat - TOF - Interests,Broad Interests - Sample Sale Coat,Creative A - Sample Sale Coa,21.19,1026,13,20.65,1.32,0,0.0
2025-11-29,2025-11-29,Sport Sneakers - TOF - Interests,Broad Interests - Sport Sneakers,Creative A - Sport Sneakers,14.08,1057,9,13.32,0.86,0,0.0
2025-11-30,2025-11-30,Designer Sunglasses - TOF - Interests,Broad Interests - Designer Sunglasses,Creative A - Designer Sungla,7.24,319,3,22.71,0.97,0,0.0
2025-11-30,2025-11-30,Discontinued Boots - BOF - Retargeting,Website Visitors - Discontinued Boots,DPA - Discontinued Bo,42.93,3349,124,12.82,3.71,1,47.99
2025-11-30,2025-11-30,Discontinued Boots - TOF - Interests,Broad Interests - Discontinued Boots,Creative A - Discontinued Bo,100.16,6089,70,16.45,1.15,1,31.99
2025-11-30,2025-11-30,Luxury Silk Scarf - BOF - Retargeting,Website Visitors - Luxury Silk Scarf,DPA - Luxury Silk Sca,12.37,1187,43,10.42,3.66,1,107.99
2025-11-30,2025-11-30,Luxury Silk Scarf - TOF - Interests,Broad Interests - Luxury Silk Scarf,Creative A - Luxury Silk Sca,28.88,1869,15,15.45,0.85,1,71.99
2025-11-30,2025-11-30,Plain Beanie - TOF - Interests,Broad Interests - Plain Beanie,Creative A - Plain Beanie,10.97,625,8,17.55,1.39,0,0.0
2025-11-30,2025-11-30,Premium Backpack - BOF - Retargeting,Website Visitors - Premium Backpack,DPA - Premium Backpac,12.42,944,26,13.16,2.8,1,107.99
2025-11-30,2025-11-30,Premium Backpack - TOF - Interests,Broad Interests - Premium Backpack,Creative A - Premium Backpac,29.01,1594,18,18.2,1.18,1,71.99
2025-11-30,2025-11-30,Sample Sale Coat - TOF - Interests,Broad Interests - Sample Sale Coat,Creative A - Sample Sale Coa,21.48,1284,19,16.73,1.48,0,0.0
2025-12-01,2025-12-01,Last Season Dress - TOF - Interests,Broad Interests - Last Season Dress,Creative A - Last Season Dre,17.86,1190,17,15.01,1.43,0,0.0
2025-12-01,2025-12-01,Overstock Pants - TOF - Interests,Broad Interests - Overstock Pants,Creative A - Overstock Pants,25.07,1625,23,15.43,1.43,0,0.0
2025-12-01,2025-12-01,Premium Backpack - BOF - Retargeting,Website Visitors - Premium Backpack,DPA - Premium Backpac,13.36,953,22,14.02,2.36,1,107.99
2025-12-01,2025-12-01,Premium Backpack - TOF - Interests,Broad Interests - Premium Backpack,Creative A - Premium Backpac,31.2,2261,29,13.8,1.32,1,71.99
2025-12-01,2025-12-01,Simple Keychain - BOF - Retargeting,Website Visitors - Simple Keychain,DPA - Simple Keychain,6.15,462,14,13.31,3.06,1,11.99
2025-12-01,2025-12-01,Simple Keychain - TOF - Interests,Broad Interests - Simple Keychain,Creative A - Simple Keychain,14.34,657,6,21.82,1.03,1,7.99
2025-12-01,2025-12-01,Standard Lanyard - TOF - Interests,Broad Interests - Standard Lanyard,Creative A - Standard Lanyar,9.76,572,7,17.06,1.37,0,0.0
2025-12-02,2025-12-02,Baseball Cap - TOF - Interests,Broad Interests - Baseball Cap,Creative A - Baseball Cap,11.21,675,7,16.6,1.11,0,0.0
2025-12-02,2025-12-02,Basic Socks 3-Pack - TOF - Interests,Broad Interests - Basic Socks 3-Pack,Creative A - Basic Socks 3-P,13.34,1019,8,13.09,0.84,0,0.0
2025-12-02,2025-12-02,Casual Jeans - TOF - Interests,Broad Interests - Casual Jeans,Creative A - Casual Jeans,9.29,752,6,12.36,0.89,0,0.0
2025-12-02,2025-12-02,Designer Sunglasses - TOF - Interests,Broad Interests - Designer Sunglasses,Creative A - Designer Sungla,3.56,166,2,21.42,1.21,0,0.0
2025-12-02,2025-12-02,Premium Backpack - BOF - Retargeting,Website Visitors - Premium Backpack,DPA - Premium Backpac,6.41,618,15,10.38,2.52,1,53.99
2025-12-02,2025-12-02,Premium Backpack - TOF - Interests,Broad Interests - Premium Backpack,Creative A - Premium Backpac,14.96,860,10,17.39,1.23,1,36.0
2025-12-02,2025-12-02,Standard Lanyard - BOF - Retargeting,Website Visitors - Standard Lanyard,DPA - Standard Lanyar,4.86,339,11,14.35,3.31,1,9.59
2025-12-02,2025-12-02,Standard Lanyard - TOF - Interests,Broad Interests - Standard Lanyard,Creative A - Standard Lanyar,11.35,744,6,15.25,0.9,1,6.39
2025-12-02,2025-12-02,Standard Lanyard - TOF - Interests,Broad Interests - Standard Lanyard,Creative A - Standard Lanyar,14.53,622,5,23.36,0.88,0,0.0
2025-12-03,2025-12-03,Cashmere Sweater - BOF - Retargeting,Website Visitors - Cashmere Sweater,DPA - Cashmere Sweate,7.96,909,26,8.76,2.87,1,71.99
2025-12-03,2025-12-03,Cashmere Sweater - TOF - Interests,Broad Interests - Cashmere Sweater,Creative A - Cashmere Sweate,18.57,1025,9,18.12,0.9,1,48.0
2025-12-03,2025-12-03,Clearance Jacket - BOF - Retargeting,Website Visitors - Clearance Jacket,DPA - Clearance Jacke,16.38,1309,32,12.51,2.5,1,17.99
2025-12-03,2025-12-03,Clearance Jacket - TOF - Interests,Broad Interests - Clearance Jacket,Creative A - Clearance Jacke,38.22,2068,26,18.48,1.29,1,12.0
2025-12-03,2025-12-03,Cotton Hoodie - TOF - Interests,Broad Interests - Cotton Hoodie,Creative A - Cotton Hoodie,5.85,319,4,18.33,1.48,0,0.0
2025-12-03,2025-12-03,Overstock Pants - TOF - Interests,Broad Interests - Overstock Pants,Creative A - Overstock Pants,21.02,1577,21,13.33,1.35,0,0.0
2025-12-04,2025-12-04,Baseball Cap - TOF - Interests,Broad Interests - Baseball Cap,Creative A - Baseball Cap,9.66,790,7,12.23,1.01,0,0.0
2025-12-04,2025-12-04,Basic Socks 3-Pack - TOF - Interests,Broad Interests - Basic Socks 3-Pack,Creative A - Basic Socks 3-P,8.0,495,4,16.16,1.01,0,0.0
2025-12-04,2025-12-04,Handcrafted Wallet - BOF - Retargeting,Website Visitors - Handcrafted Wallet,DPA - Handcrafted Wal,11.33,1106,41,10.24,3.75,1,95.99
2025-12-04,2025-12-04,Handcrafted Wallet - TOF - Interests,Broad Interests - Handcrafted Wallet,Creative A - Handcrafted Wal,26.43,1441,13,18.34,0.94,1,63.99
2025-12-04,2025-12-04,Premium Backpack - BOF - Retargeting,Website Visitors - Premium Backpack,DPA - Premium Backpac,12.85,1128,41,11.39,3.64,1,107.99
2025-12-04,2025-12-04,Premium Backpack - TOF - Interests,Broad Interests - Premium Backpack,Creative A - Premium Backpac,29.98,1220,16,24.57,1.33,1,71.99
2025-12-04,2025-12-04,Sample Sale Coat - BOF - Retargeting,Website Visitors - Sample Sale Coat,DPA - Sample Sale Coa,22.09,1646,47,13.42,2.89,1,29.99
2025-12-04,2025-12-04,Sample Sale Coat - TOF - Interests,Broad Interests - Sample Sale Coat,Creative A - Sample Sale Coa,51.56,2308,19,22.34,0.84,1,20.0
2025-12-04,2025-12-04,Simple Keychain - TOF - Interests,Broad Interests - Simple Keychain,Creative A - Simple Keychain,11.26,581,7,19.38,1.21,0,0.0
2025-12-05,2025-12-05,Baseball Cap - TOF - Interests,Broad Interests - Baseball Cap,Creative A - Baseball Cap,8.55,461,5,18.55,1.21,0,0.0
2025-12-05,2025-12-05,Cashmere Sweater - BOF - Retargeting,Website Visitors - Cashmere Sweater,DPA - Cashmere Sweate,17.25,1584,31,10.89,2.02,1,143.99
2025-12-05,2025-12-05,Cashmere Sweater - TOF - Interests,Broad Interests - Cashmere Sweater,Creative A - Cashmere Sweate,40.26,2878,30,13.99,1.08,1,95.99
2025-12-05,2025-12-05,Casual Jeans - BOF - Retargeting,Website Visitors - Casual Jeans,DPA - Casual Jeans,12.12,876,19,13.84,2.26,1,71.99
2025-12-05,2025-12-05,Casual Jeans - TOF - Interests,Broad Interests - Casual Jeans,Creative A - Casual Jeans,28.28,1868,26,15.14,1.42,1,47.99
2025-12-05,2025-12-05,Classic T-Shirt - TOF - Interests,Broad Interests - Classic T-Shirt,Creative A - Classic T-Shirt,13.28,793,8,16.75,1.04,0,0.0
2025-12-05,2025-12-05,Clearance Jacket - TOF - Interests,Broad Interests - Clearance Jacket,Creative A - Clearance Jacke,25.4,1790,20,14.19,1.17,0,0.0
2025-12-05,2025-12-05,Cotton Hoodie - TOF - Interests,Broad Interests - Cotton Hoodie,Creative A - Cotton Hoodie,13.25,672,5,19.72,0.83,0,0.0
2025-12-05,2025-12-05,Last Season Dress - TOF - Interests,Broad Interests - Last Season Dress,Creative A - Last Season Dre,17.39,970,10,17.93,1.06,0,0.0
2025-12-05,2025-12-05,Plain Beanie - BOF - Retargeting,Website Visitors - Plain Beanie,DPA - Plain Beanie,7.96,870,28,9.15,3.28,1,17.99
2025-12-05,2025-12-05,Plain Beanie - TOF - Interests,Broad Interests - Plain Beanie,Creative A - Plain Beanie,18.57,837,11,22.19,1.37,1,11.99
2025-12-05,2025-12-05,Sample Sale Coat - TOF - Interests,Broad Interests - Sample Sale Coat,Creative A - Sample Sale Coa,19.27,1260,13,15.29,1.08,0,0.0
2025-12-06,2025-12-06,Casual Jeans - TOF - Interests,Broad Interests - Casual Jeans,Creative A - Casual Jeans,8.24,426,3,19.34,0.83,0,0.0
2025-12-06,2025-12-06,Clearance Jacket - TOF - Interests,Broad Interests - Clearance Jacket,Creative A - Clearance Jacke,29.34,1727,15,16.99,0.92,0,0.0
2025-12-06,2025-12-06,Cotton Hoodie - BOF - Retargeting,Website Visitors - Cotton Hoodie,DPA - Cotton Hoodie,5.23,549,17,9.52,3.15,1,26.99
2025-12-06,2025-12-06,Cotton Hoodie - TOF - Interests,Broad Interests - Cotton Hoodie,Creative A - Cotton Hoodie,12.19,547,6,22.28,1.11,1,18.0
2025-12-06,2025-12-06,Cotton Hoodie - TOF - Interests,Broad Interests - Cotton Hoodie,Creative A - Cotton Hoodie,13.12,806,11,16.28,1.49,0,0.0
2025-12-06,2025-12-06,Overstock Pants - TOF - Interests,Broad Interests - Overstock Pants,Creative A - Overstock Pants,11.96,493,6,24.25,1.4,0,0.0
2025-12-06,2025-12-06,Polo Shirt - TOF - Interests,Broad Interests - Polo Shirt,Creative A - Polo Shirt,11.84,944,12,12.54,1.32,0,0.0
2025-12-06,2025-12-06,Simple Keychain - BOF - Retargeting,Website Visitors - Simple Keychain,DPA - Simple Keychain,6.56,486,13,13.5,2.74,1,11.99
2025-12-06,2025-12-06,Simple Keychain - TOF - Interests,Broad Interests - Simple Keychain,Creative A - Simple Keychain,15.33,636,8,24.1,1.27,1,7.99
2025-12-07,2025-12-07,Baseball Cap - TOF - Interests,Broad Interests - Baseball Cap,Creative A - Baseball Cap,7.19,363,5,19.82,1.39,0,0.0
2025-12-07,2025-12-07,Classic T-Shirt - TOF - Interests,Broad Interests - Classic T-Shirt,Creative A - Classic T-Shirt,11.67,506,5,23.06,1.05,0,0.0
2025-12-07,2025-12-07,Clearance Jacket - TOF - Interests,Broad Interests - Clearance Jacket,Creative A - Clearance Jacke,9.59,496,5,19.34,1.07,0,0.0
2025-12-07,2025-12-07,Cotton Hoodie - TOF - Interests,Broad Interests - Cotton Hoodie,Creative A - Cotton Hoodie,12.04,635,9,18.96,1.45,0,0.0
2025-12-07,2025-12-07,Designer Sunglasses - TOF - Interests,Broad Interests - Designer Sunglasses,Creative A - Designer Sungla,4.29,235,1,18.24,0.82,0,0.0
2025-12-07,2025-12-07,Discontinued Boots - TOF - Interests,Broad Interests - Discontinued Boots,Creative A - Discontinued Bo,18.56,743,10,24.98,1.36,0,0.0
2025-12-07,2025-12-07,Handcrafted Wallet - BOF - Retargeting,Website Visitors - Handcrafted Wallet,DPA - Handcrafted Wal,10.6,1214,44,8.73,3.67,1,95.99
2025-12-07,2025-12-07,Handcrafted Wallet - TOF - Interests,Broad Interests - Handcrafted Wallet,Creative A - Handcrafted Wal,24.74,2048,25,12.08,1.24,1,63.99
2025-12-07,2025-12-07,Plain Beanie - TOF - Interests,Broad Interests - Plain Beanie,Creative A - Plain Beanie,9.58,463,4,20.7,1.03,0,0.0
2025-12-07,2025-12-07,Polo Shirt - TOF - Interests,Broad Interests - Polo Shirt,Creative A - Polo Shirt,8.4,410,4,20.49,1.0,0,0.0
2025-12-08,2025-12-08,Cashmere Sweater - TOF - Interests,Broad Interests - Cashmere Sweater,Creative A - Cashmere Sweate,8.36,444,3,18.83,0.84,0,0.0
2025-12-08,2025-12-08,Cotton Hoodie - TOF - Interests,Broad Interests - Cotton Hoodie,Creative A - Cotton Hoodie,11.75,852,10,13.79,1.25,0,0.0
2025-12-08,2025-12-08,Overstock Pants - TOF - Interests,Broad Interests - Overstock Pants,Creative A - Overstock Pants,9.57,398,4,24.04,1.05,0,0.0
2025-12-08,2025-12-08,Sample Sale Coat - TOF - Interests,Broad Interests - Sample Sale Coat,Creative A - Sample Sale Coa,21.57,1719,16,12.55,0.98,0,0.0
2025-12-08,2025-12-08,Simple Keychain - BOF - Retargeting,Website Visitors - Simple Keychain,DPA - Simple Keychain,2.62,230,6,11.41,2.7,1,5.99
2025-12-08,2025-12-08,Simple Keychain - TOF - Interests,Broad Interests - Simple Keychain,Creative A - Simple Keychain,6.14,384,4,15.98,1.11,1,4.0
2025-12-08,2025-12-08,Standard Lanyard - BOF - Retargeting,Website Visitors - Standard Lanyard,DPA - Standard Lanyar,5.12,631,19,8.12,3.13,1,9.59
2025-12-08,2025-12-08,Standard Lanyard - TOF - Interests,Broad Interests - Standard Lanyard,Creative A - Standard Lanyar,11.95,577,5,20.71,0.92,1,6.39
2025-12-09,2025-12-09,Casual Jeans - TOF - Interests,Broad Interests - Casual Jeans,Creative A - Casual Jeans,13.12,673,6,19.5,0.99,0,0.0
2025-12-09,2025-12-09,Discontinued Boots - TOF - Interests,Broad Interests - Discontinued Boots,Creative A - Discontinued Bo,13.49,725,10,18.61,1.42,0,0.0
2025-12-09,2025-12-09,Handcrafted Wallet - TOF - Interests,Broad Interests - Handcrafted Wallet,Creative A - Handcrafted Wal,4.33,174,2,24.88,1.21,0,0.0
2025-12-09,2025-12-09,Overstock Pants - TOF - Interests,Broad Interests - Overstock Pants,Creative A - Overstock Pants,20.28,1473,12,13.77,0.82,0,0.0
2025-12-09,2025-12-09,Simple Keychain - TOF - Interests,Broad Interests - Simple Keychain,Creative A - Simple Keychain,11.41,601,7,18.99,1.24,0,0.0
2025-12-10,2025-12-10,Artisan Watch - TOF - Interests,Broad Interests - Artisan Watch,Creative A - Artisan Watch,8.3,456,4,18.2,0.99,0,0.0
2025-12-10,2025-12-10,Basic Phone Case - TOF - Interests,Broad Interests - Basic Phone Case,Creative A - Basic Phone Cas,10.72,738,6,14.52,0.95,0,0.0
2025-12-10,2025-12-10,Basic Socks 3-Pack - TOF - Interests,Broad Interests - Basic Socks 3-Pack,Creative A - Basic Socks 3-P,12.08,856,11,14.11,1.35,0,0.0
2025-12-10,2025-12-10,Classic T-Shirt - TOF - Interests,Broad Interests - Classic T-Shirt,Creative A - Classic T-Shirt,9.75,414,5,23.56,1.43,0,0.0
2025-12-10,2025-12-10,Clearance Jacket - TOF - Interests,Broad Interests - Clearance Jacket,Creative A - Clearance Jacke,14.08,1102,12,12.78,1.12,0,0.0
2025-12-10,2025-12-10,Luxury Belt - TOF - Interests,Broad Interests - Luxury Belt,Creative A - Luxury Belt,4.32,248,3,17.42,1.38,0,0.0
2025-12-10,2025-12-10,Luxury Silk Scarf - TOF - Interests,Broad Interests - Luxury Silk Scarf,Creative A - Luxury Silk Sca,3.37,206,2,16.34,1.05,0,0.0
2025-12-11,2025-12-11,Baseball Cap - TOF - Interests,Broad Interests - Baseball Cap,Creative A - Baseball Cap,14.04,635,6,22.11,0.99,0,0.0
2025-12-11,2025-12-11,Designer Sunglasses - BOF - Retargeting,Website Visitors - Designer Sunglasses,DPA - Designer Sungla,7.25,503,13,14.42,2.64,1,59.99
2025-12-11,2025-12-11,Designer Sunglasses - TOF - Interests,Broad Interests - Designer Sunglasses,Creative A - Designer Sungla,16.94,1401,14,12.09,1.03,1,40.0
2025-12-11,2025-12-11,Overstock Pants - TOF - Interests,Broad Interests - Overstock Pants,Creative A - Overstock Pants,9.59,416,3,23.05,0.9,0,0.0
2025-12-11,2025-12-11,Overstock Pants - TOF - Interests,Broad Interests - Overstock Pants,Creative A - Overstock Pants,16.28,727,9,22.4,1.26,0,0.0
2025-12-11,2025-12-11,Running Shorts - BOF - Retargeting,Website Visitors - Running Shorts,DPA - Running Shorts,3.81,415,11,9.18,2.88,1,20.99
2025-12-11,2025-12-11,Running Shorts - TOF - Interests,Broad Interests - Running Shorts,Creative A - Running Shorts,8.87,385,5,23.05,1.48,1,14.0
2025-12-12,2025-12-12,Classic T-Shirt - TOF - Interests,Broad Interests - Classic T-Shirt,Creative A - Classic T-Shirt,5.17,263,3,19.67,1.24,0,0.0
2025-12-12,2025-12-12,Handcrafted Wallet - TOF - Interests,Broad Interests - Handcrafted Wallet,Creative A - Handcrafted Wal,6.9,340,3,20.28,0.95,0,0.0
2025-12-12,2025-12-12,Overstock Pants - TOF - Interests,Broad Interests - Overstock Pants,Creative A - Overstock Pants,26.12,1243,12,21.01,1.04,0,0.0
2025-12-12,2025-12-12,Premium Backpack - TOF - Interests,Broad Interests - Premium Backpack,Creative A - Premium Backpac,6.52,525,5,12.41,1.06,0,0.0
2025-12-12,2025-12-12,Running Shorts - TOF - Interests,Broad Interests - Running Shorts,Creative A - Running Shorts,13.75,583,4,23.59,0.8,0,0.0
2025-12-13,2025-12-13,Basic Phone Case - TOF - Interests,Broad Interests - Basic Phone Case,Creative A - Basic Phone Cas,13.99,1140,12,12.27,1.08,0,0.0
2025-12-13,2025-12-13,Discontinued Boots - TOF - Interests,Broad Interests - Discontinued Boots,Creative A - Discontinued Bo,29.42,2344,21,12.55,0.93,0,0.0
2025-12-14,2025-12-14,Baseball Cap - TOF - Interests,Broad Interests - Baseball Cap,Creative A - Baseball Cap,13.67,825,10,16.57,1.22,0,0.0
2025-12-14,2025-12-14,Basic Socks 3-Pack - TOF - Interests,Broad Interests - Basic Socks 3-Pack,Creative A - Basic Socks 3-P,11.23,826,7,13.6,0.95,0,0.0
2025-12-14,2025-12-14,Canvas Tote Bag - BOF - Retargeting,Website Visitors - Canvas Tote Bag,DPA - Canvas Tote Bag,8.02,547,10,14.67,2.01,1,47.99
2025-12-14,2025-12-14,Canvas Tote Bag - TOF - Interests,Broad Interests - Canvas Tote Bag,Creative A - Canvas Tote Bag,18.73,1124,16,16.66,1.43,1,31.99
2025-12-14,2025-12-14,Overstock Pants - TOF - Interests,Broad Interests - Overstock Pants,Creative A - Overstock Pants,9.49,455,4,20.85,1.06,0,0.0
2025-12-14,2025-12-14,Premium Leather Bag - TOF - Interests,Broad Interests - Premium Leather Bag,Creative A - Premium Leather,5.46,257,2,21.24,0.83,0,0.0
2025-12-14,2025-12-14,Running Shorts - TOF - Interests,Broad Interests - Running Shorts,Creative A - Running Shorts,10.55,441,5,23.92,1.27,0,0.0
2025-12-14,2025-12-14,Sport Sneakers - TOF - Interests,Broad Interests - Sport Sneakers,Creative A - Sport Sneakers,7.93,425,4,18.67,1.05,0,0.0
2025-12-15,2025-12-15,Artisan Watch - BOF - Retargeting,Website Visitors - Artisan Watch,DPA - Artisan Watch,13.98,1486,46,9.41,3.13,1,131.99
2025-12-15,2025-12-15,Artisan Watch - TOF - Interests,Broad Interests - Artisan Watch,Creative A - Artisan Watch,32.63,1452,20,22.47,1.39,1,87.99
2025-12-15,2025-12-15,Artisan Watch - TOF - Interests,Broad Interests - Artisan Watch,Creative A - Artisan Watch,6.0,480,4,12.5,0.88,0,0.0
2025-12-15,2025-12-15,Casual Jeans - TOF - Interests,Broad Interests - Casual Jeans,Creative A - Casual Jeans,6.6,283,3,23.33,1.4,0,0.0
2025-12-15,2025-12-15,Classic T-Shirt - TOF - Interests,Broad Interests - Classic T-Shirt,Creative A - Classic T-Shirt,5.42,267,2,20.29,0.97,0,0.0
2025-12-15,2025-12-15,Designer Sunglasses - BOF - Retargeting,Website Visitors - Designer Sunglasses,DPA - Designer Sungla,13.19,1005,36,13.12,3.64,1,119.99
2025-12-15,2025-12-15,Designer Sunglasses - TOF - Interests,Broad Interests - Designer Sunglasses,Creative A - Designer Sungla,30.77,1519,17,20.26,1.14,1,79.99
2025-12-15,2025-12-15,Simple Keychain - TOF - Interests,Broad Interests - Simple Keychain,Creative A - Simple Keychain,14.08,721,10,19.53,1.49,0,0.0
2025-12-16,2025-12-16,Basic Socks 3-Pack - TOF - Interests,Broad Interests - Basic Socks 3-Pack,Creative A - Basic Socks 3-P,10.02,530,4,18.91,0.84,0,0.0
2025-12-16,2025-12-16,Cashmere Sweater - BOF - Retargeting,Website Visitors - Cashmere Sweater,DPA - Cashmere Sweate,14.85,1044,39,14.22,3.78,1,143.99
2025-12-16,2025-12-16,Cashmere Sweater - TOF - Interests,Broad Interests - Cashmere Sweater,Creative A - Cashmere Sweate,34.63,1661,17,20.85,1.08,1,95.99
2025-12-16,2025-12-16,Clearance Jacket - BOF - Retargeting,Website Visitors - Clearance Jacket,DPA - Clearance Jacke,16.45,1714,47,9.6,2.79,1,17.99
2025-12-16,2025-12-16,Clearance Jacket - TOF - Interests,Broad Interests - Clearance Jacket,Creative A - Clearance Jacke,38.4,1612,14,23.82,0.89,1,12.0
2025-12-16,2025-12-16,Cotton Hoodie - TOF - Interests,Broad Interests - Cotton Hoodie,Creative A - Cotton Hoodie,9.79,641,6,15.27,0.94,0,0.0
2025-12-16,2025-12-16,Discontinued Boots - TOF - Interests,Broad Interests - Discontinued Boots,Creative A - Discontinued Bo,21.5,962,10,22.35,1.05,0,0.0
2025-12-16,2025-12-16,Handcrafted Wallet - TOF - Interests,Broad Interests - Handcrafted Wallet,Creative A - Handcrafted Wal,3.09,238,3,12.99,1.32,0,0.0
2025-12-17,2025-12-17,Baseball Cap - TOF - Interests,Broad Interests - Baseball Cap,Creative A - Baseball Cap,6.2,443,5,13.99,1.19,0,0.0
2025-12-17,2025-12-17,Basic Socks 3-Pack - TOF - Interests,Broad Interests - Basic Socks 3-Pack,Creative A - Basic Socks 3-P,5.9,429,5,13.75,1.26,0,0.0
2025-12-17,2025-12-17,Canvas Tote Bag - TOF - Interests,Broad Interests - Canvas Tote Bag,Creative A - Canvas Tote Bag,12.47,769,10,16.21,1.36,0,0.0
2025-12-17,2025-12-17,Last Season Dress - TOF - Interests,Broad Interests - Last Season Dress,Creative A - Last Season Dre,11.97,513,7,23.34,1.41,0,0.0
2025-12-17,2025-12-17,Last Season Dress - TOF - Interests,Broad Interests - Last Season Dress,Creative A - Last Season Dre,16.57,1375,12,12.05,0.9,0,0.0
2025-12-17,2025-12-17,Premium Backpack - BOF - Retargeting,Website Visitors - Premium Backpack,DPA - Premium Backpac,10.85,1208,41,8.98,3.42,1,107.99
2025-12-17,2025-12-17,Premium Backpack - TOF - Interests,Broad Interests - Premium Backpack,Creative A - Premium Backpac,25.31,1352,12,18.72,0.95,1,71.99
2025-12-17,2025-12-17,Simple Keychain - TOF - Interests,Broad Interests - Simple Keychain,Creative A - Simple Keychain,10.73,525,7,20.44,1.35,0,0.0
2025-12-18,2025-12-18,Designer Sunglasses - TOF - Interests,Broad Interests - Designer Sunglasses,Creative A - Designer Sungla,5.89,332,4,17.75,1.26,0,0.0
2025-12-18,2025-12-18,Handcrafted Wallet - BOF - Retargeting,Website Visitors - Handcrafted Wallet,DPA - Handcrafted Wal,11.64,856,22,13.6,2.64,1,95.99
2025-12-18,2025-12-18,Handcrafted Wallet - TOF - Interests,Broad Interests - Handcrafted Wallet,Creative A - Handcrafted Wal,27.19,1754,18,15.5,1.08,1,63.99
2025-12-18,2025-12-18,Handcrafted Wallet - TOF - Interests,Broad Interests - Handcrafted Wallet,Creative A - Handcrafted Wal,3.54,241,3,14.69,1.41,0,0.0
2025-12-18,2025-12-18,Last Season Dress - TOF - Interests,Broad Interests - Last Season Dress,Creative A - Last Season Dre,15.01,1089,16,13.78,1.49,0,0.0
2025-12-18,2025-12-18,Overstock Pants - TOF - Interests,Broad Interests - Overstock Pants,Creative A - Overstock Pants,12.14,752,6,16.14,0.89,0,0.0
2025-12-18,2025-12-18,Polo Shirt - BOF - Retargeting,Website Visitors - Polo Shirt,DPA - Polo Shirt,14.14,1330,41,10.63,3.12,1,59.99
2025-12-18,2025-12-18,Polo Shirt - TOF - Interests,Broad Interests - Polo Shirt,Creative A - Polo Shirt,33.01,2601,31,12.69,1.2,1,39.99
2025-12-18,2025-12-18,Premium Backpack - BOF - Retargeting,Website Visitors - Premium Backpack,DPA - Premium Backpac,13.28,928,22,14.31,2.37,1,107.99
2025-12-18,2025-12-18,Premium Backpack - TOF - Interests,Broad Interests - Premium Backpack,Creative A - Premium Backpac,30.98,1337,20,23.17,1.5,1,71.99
2025-12-18,2025-12-18,Standard Lanyard - TOF - Interests,Broad Interests - Standard Lanyard,Creative A - Standard Lanyar,13.3,1042,8,12.76,0.82,0,0.0
2025-12-19,2025-12-19,Casual Jeans - TOF - Interests,Broad Interests - Casual Jeans,Creative A - Casual Jeans,7.84,359,4,21.84,1.24,0,0.0
2025-12-19,2025-12-19,Last Season Dress - TOF - Interests,Broad Interests - Last Season Dress,Creative A - Last Season Dre,27.43,1748,22,15.69,1.29,0,0.0
2025-12-19,2025-12-19,Luxury Silk Scarf - TOF - Interests,Broad Interests - Luxury Silk Scarf,Creative A - Luxury Silk Sca,8.15,437,6,18.65,1.49,0,0.0
2025-12-19,2025-12-19,Running Shorts - TOF - Interests,Broad Interests - Running Shorts,Creative A - Running Shorts,9.12,605,8,15.07,1.35,0,0.0
2025-12-19,2025-12-19,Simple Keychain - TOF - Interests,Broad Interests - Simple Keychain,Creative A - Simple Keychain,11.46,684,9,16.76,1.46,0,0.0
2025-12-19,2025-12-19,Standard Lanyard - TOF - Interests,Broad Interests - Standard Lanyard,Creative A - Standard Lanyar,7.56,550,6,13.74,1.23,0,0.0
2025-12-20,2025-12-20,Last Season Dress - TOF - Interests,Broad Interests - Last Season Dress,Creative A - Last Season Dre,13.51,660,5,20.47,0.83,0,0.0
2025-12-20,2025-12-20,Luxury Belt - TOF - Interests,Broad Interests - Luxury Belt,Creative A - Luxury Belt,7.84,465,5,16.87,1.18,0,0.0
2025-12-20,2025-12-20,Luxury Silk Scarf - BOF - Retargeting,Website Visitors - Luxury Silk Scarf,DPA - Luxury Silk Sca,5.61,424,9,13.22,2.16,1,53.99
2025-12-20,2025-12-20,Luxury Silk Scarf - TOF - Interests,Broad Interests - Luxury Silk Scarf,Creative A - Luxury Silk Sca,13.07,793,11,16.48,1.49,1,36.0
2025-12-20,2025-12-20,Plain Beanie - TOF - Interests,Broad Interests - Plain Beanie,Creative A - Plain Beanie,12.6,570,6,22.1,1.19,0,0.0
2025-12-20,2025-12-20,Premium Leather Bag - TOF - Interests,Broad Interests - Premium Leather Bag,Creative A - Premium Leather,8.06,437,5,18.45,1.25,0,0.0
2025-12-21,2025-12-21,Baseball Cap - TOF - Interests,Broad Interests - Baseball Cap,Creative A - Baseball Cap,8.66,382,4,22.68,1.26,0,0.0
2025-12-21,2025-12-21,Clearance Jacket - BOF - Retargeting,Website Visitors - Clearance Jacket,DPA - Clearance Jacke,30.87,3243,117,9.52,3.61,1,35.99
2025-12-21,2025-12-21,Clearance Jacket - TOF - Interests,Broad Interests - Clearance Jacket,Creative A - Clearance Jacke,72.05,3123,35,23.07,1.13,1,23.99
2025-12-21,2025-12-21,Cotton Hoodie - TOF - Interests,Broad Interests - Cotton Hoodie,Creative A - Cotton Hoodie,14.07,574,5,24.51,0.92,0,0.0
2025-12-21,2025-12-21,Luxury Belt - TOF - Interests,Broad Interests - Luxury Belt,Creative A - Luxury Belt,9.72,567,5,17.14,0.97,0,0.0
2025-12-21,2025-12-21,Luxury Silk Scarf - TOF - Interests,Broad Interests - Luxury Silk Scarf,Creative A - Luxury Silk Sca,8.45,361,4,23.41,1.36,0,0.0
2025-12-21,2025-12-21,Premium Leather Bag - BOF - Retargeting,Website Visitors - Premium Leather Bag,DPA - Premium Leather,15.03,1837,39,8.18,2.16,1,143.99
2025-12-21,2025-12-21,Premium Leather Bag - TOF - Interests,Broad Interests - Premium Leather Bag,Creative A - Premium Leather,35.07,2005,20,17.49,1.03,1,95.99
2025-12-22,2025-12-22,Cashmere Sweater - BOF - Retargeting,Website Visitors - Cashmere Sweater,DPA - Cashmere Sweate,8.08,708,26,11.41,3.76,1,71.99
2025-12-22,2025-12-22,Cashmere Sweater - TOF - Interests,Broad Interests - Cashmere Sweater,Creative A - Cashmere Sweate,18.86,1030,10,18.31,1.05,1,48.0
2025-12-22,2025-12-22,Handcrafted Wallet - BOF - Retargeting,Website Visitors - Handcrafted Wallet,DPA - Handcrafted Wal,5.73,462,10,12.41,2.35,1,47.99
2025-12-22,2025-12-22,Handcrafted Wallet - TOF - Interests,Broad Interests - Handcrafted Wallet,Creative A - Handcrafted Wal,13.37,620,6,21.57,1.07,1,32.0
2025-12-22,2025-12-22,Overstock Pants - TOF - Interests,Broad Interests - Overstock Pants,Creative A - Overstock Pants,18.74,1088,14,17.22,1.36,0,0.0
2025-12-22,2025-12-22,Overstock Pants - TOF - Interests,Broad Interests - Overstock Pants,Creative A - Overstock Pants,22.31,1449,12,15.4,0.87,0,0.0
2025-12-22,2025-12-22,Sample Sale Coat - TOF - Interests,Broad Interests - Sample Sale Coat,Creative A - Sample Sale Coa,28.42,1623,16,17.51,1.05,0,0.0
2025-12-22,2025-12-22,Sample Sale Coat - TOF - Interests,Broad Interests - Sample Sale Coat,Creative A - Sample Sale Coa,20.38,1362,11,14.96,0.82,0,0.0
2025-12-22,2025-12-22,Simple Keychain - TOF - Interests,Broad Interests - Simple Keychain,Creative A - Simple Keychain,9.61,413,4,23.28,0.97,0,0.0
2025-12-22,2025-12-22,Standard Lanyard - BOF - Retargeting,Website Visitors - Standard Lanyard,DPA - Standard Lanyar,7.41,685,26,10.82,3.8,2,14.38
2025-12-22,2025-12-22,Standard Lanyard - TOF - Interests,Broad Interests - Standard Lanyard,Creative A - Standard Lanyar,17.3,742,10,23.31,1.45,1,9.59
2025-12-23,2025-12-23,Baseball Cap - TOF - Interests,Broad Interests - Baseball Cap,Creative A - Baseball Cap,9.12,370,3,24.65,0.89,0,0.0
2025-12-23,2025-12-23,Basic Phone Case - TOF - Interests,Broad Interests - Basic Phone Case,Creative A - Basic Phone Cas,8.67,395,3,21.96,0.81,0,0.0
2025-12-23,2025-12-23,Casual Jeans - TOF - Interests,Broad Interests - Casual Jeans,Creative A - Casual Jeans,13.58,806,11,16.85,1.37,0,0.0
2025-12-23,2025-12-23,Last Season Dress - BOF - Retargeting,Website Visitors - Last Season Dress,DPA - Last Season Dre,22.33,1710,47,13.06,2.79,1,29.99
2025-12-23,2025-12-23,Last Season Dress - TOF - Interests,Broad Interests - Last Season Dress,Creative A - Last Season Dre,52.13,3464,33,15.05,0.97,1,19.99
2025-12-23,2025-12-23,Premium Backpack - BOF - Retargeting,Website Visitors - Premium Backpack,DPA - Premium Backpac,5.72,446,10,12.83,2.38,1,53.99
2025-12-23,2025-12-23,Premium Backpack - TOF - Interests,Broad Interests - Premium Backpack,Creative A - Premium Backpac,13.34,614,4,21.73,0.81,1,36.0
2025-12-23,2025-12-23,Sample Sale Coat - BOF - Retargeting,Website Visitors - Sample Sale Coat,DPA - Sample Sale Coa,26.36,1951,76,13.51,3.94,1,29.99
2025-12-23,2025-12-23,Sample Sale Coat - TOF - Interests,Broad Interests - Sample Sale Coat,Creative A - Sample Sale Coa,61.55,4573,57,13.46,1.27,1,20.0
2025-12-23,2025-12-23,Sport Sneakers - TOF - Interests,Broad Interests - Sport Sneakers,Creative A - Sport Sneakers,11.13,647,8,17.2,1.33,0,0.0
2025-12-24,2025-12-24,Artisan Watch - BOF - Retargeting,Website Visitors - Artisan Watch,DPA - Artisan Watch,14.83,1532,33,9.68,2.17,1,131.99
2025-12-24,2025-12-24,Artisan Watch - TOF - Interests,Broad Interests - Artisan Watch,Creative A - Artisan Watch,34.6,1577,13,21.94,0.83,1,87.99
2025-12-24,2025-12-24,Discontinued Boots - BOF - Retargeting,Website Visitors - Discontinued Boots,DPA - Discontinued Bo,42.04,4000,136,10.51,3.41,1,47.99
2025-12-24,2025-12-24,Discontinued Boots - TOF - Interests,Broad Interests - Discontinued Boots,Creative A - Discontinued Bo,98.12,4754,41,20.64,0.87,1,31.99
2025-12-24,2025-12-24,Plain Beanie - TOF - Interests,Broad Interests - Plain Beanie,Creative A - Plain Beanie,5.56,297,2,18.73,0.89,0,0.0
2025-12-24,2025-12-24,Premium Leather Bag - TOF - Interests,Broad Interests - Premium Leather Bag,Creative A - Premium Leather,8.03,442,6,18.16,1.48,0,0.0
2025-12-24,2025-12-24,Standard Lanyard - TOF - Interests,Broad Interests - Standard Lanyard,Creative A - Standard Lanyar,12.33,749,8,16.46,1.19,0,0.0
2025-12-25,2025-12-25,Casual Jeans - TOF - Interests,Broad Interests - Casual Jeans,Creative A - Casual Jeans,10.09,827,9,12.2,1.11,0,0.0
2025-12-25,2025-12-25,Classic T-Shirt - TOF - Interests,Broad Interests - Classic T-Shirt,Creative A - Classic T-Shirt,10.17,789,11,12.89,1.47,0,0.0
2025-12-25,2025-12-25,Clearance Jacket - TOF - Interests,Broad Interests - Clearance Jacket,Creative A - Clearance Jacke,21.76,1607,20,13.54,1.31,0,0.0
2025-12-25,2025-12-25,Designer Sunglasses - BOF - Retargeting,Website Visitors - Designer Sunglasses,DPA - Designer Sungla,6.71,614,17,10.93,2.84,1,59.99
2025-12-25,2025-12-25,Designer Sunglasses - TOF - Interests,Broad Interests - Designer Sunglasses,Creative A - Designer Sungla,15.67,1268,13,12.36,1.09,1,40.0
2025-12-25,2025-12-25,Handcrafted Wallet - BOF - Retargeting,Website Visitors - Handcrafted Wallet,DPA - Handcrafted Wal,5.61,454,15,12.36,3.37,1,47.99
2025-12-25,2025-12-25,Handcrafted Wallet - TOF - Interests,Broad Interests - Handcrafted Wallet,Creative A - Handcrafted Wal,13.11,546,4,24.02,0.88,1,32.0
2025-12-26,2025-12-26,Casual Jeans - TOF - Interests,Broad Interests - Casual Jeans,Creative A - Casual Jeans,6.65,424,5,15.69,1.37,0,0.0
2025-12-26,2025-12-26,Clearance Jacket - TOF - Interests,Broad Interests - Clearance Jacket,Creative A - Clearance Jacke,13.82,573,7,24.11,1.26,0,0.0
2025-12-26,2025-12-26,Last Season Dress - TOF - Interests,Broad Interests - Last Season Dress,Creative A - Last Season Dre,22.14,981,12,22.57,1.29,0,0.0
2025-12-26,2025-12-26,Sample Sale Coat - TOF - Interests,Broad Interests - Sample Sale Coat,Creative A - Sample Sale Coa,27.12,1347,10,20.13,0.81,0,0.0
2025-12-26,2025-12-26,Standard Lanyard - TOF - Interests,Broad Interests - Standard Lanyard,Creative A - Standard Lanyar,9.72,414,5,23.47,1.26,0,0.0
2025-12-27,2025-12-27,Canvas Tote Bag - TOF - Interests,Broad Interests - Canvas Tote Bag,Creative A - Canvas Tote Bag,9.79,417,6,23.48,1.45,0,0.0
2025-12-27,2025-12-27,Cashmere Sweater - TOF - Interests,Broad Interests - Cashmere Sweater,Creative A - Cashmere Sweate,6.9,369,3,18.69,0.98,0,0.0
2025-12-27,2025-12-27,Casual Jeans - TOF - Interests,Broad Interests - Casual Jeans,Creative A - Casual Jeans,12.29,604,6,20.34,1.03,0,0.0
2025-12-27,2025-12-27,Clearance Jacket - TOF - Interests,Broad Interests - Clearance Jacket,Creative A - Clearance Jacke,18.87,776,11,24.32,1.5,0,0.0
2025-12-27,2025-12-27,Overstock Pants - TOF - Interests,Broad Interests - Overstock Pants,Creative A - Overstock Pants,23.77,951,11,24.99,1.19,0,0.0
2025-12-27,2025-12-27,Sample Sale Coat - TOF - Interests,Broad Interests - Sample Sale Coat,Creative A - Sample Sale Coa,24.72,1603,16,15.42,1.03,0,0.0
2025-12-28,2025-12-28,Artisan Watch - BOF - Retargeting,Website Visitors - Artisan Watch,DPA - Artisan Watch,15.07,1615,51,9.33,3.22,1,131.99
2025-12-28,2025-12-28,Artisan Watch - TOF - Interests,Broad Interests - Artisan Watch,Creative A - Artisan Watch,35.15,1501,15,23.42,1.03,1,87.99
2025-12-28,2025-12-28,Baseball Cap - TOF - Interests,Broad Interests - Baseball Cap,Creative A - Baseball Cap,13.1,822,8,15.94,1.0,0,0.0
2025-12-28,2025-12-28,Baseball Cap - TOF - Interests,Broad Interests - Baseball Cap,Creative A - Baseball Cap,5.25,293,2,17.93,0.81,0,0.0
2025-12-28,2025-12-28,Canvas Tote Bag - TOF - Interests,Broad Interests - Canvas Tote Bag,Creative A - Canvas Tote Bag,10.34,540,4,19.14,0.9,0,0.0
2025-12-28,2025-12-28,Designer Sunglasses - TOF - Interests,Broad Interests - Designer Sunglasses,Creative A - Designer Sungla,4.21,212,2,19.88,1.03,0,0.0
2025-12-28,2025-12-28,Sport Sneakers - TOF - Interests,Broad Interests - Sport Sneakers,Creative A - Sport Sneakers,8.71,513,6,16.97,1.18,0,0.0
2025-12-28,2025-12-28,Standard Lanyard - BOF - Retargeting,Website Visitors - Standard Lanyard,DPA - Standard Lanyar,2.1,231,4,9.08,2.09,1,4.79
2025-12-28,2025-12-28,Standard Lanyard - TOF - Interests,Broad Interests - Standard Lanyard,Creative A - Standard Lanyar,4.89,263,3,18.58,1.19,1,3.2
2025-12-29,2025-12-29,Canvas Tote Bag - TOF - Interests,Broad Interests - Canvas Tote Bag,Creative A - Canvas Tote Bag,13.31,953,9,13.97,0.99,0,0.0
2025-12-29,2025-12-29,Classic T-Shirt - BOF - Retargeting,Website Visitors - Classic T-Shirt,DPA - Classic T-Shirt,11.45,768,29,14.91,3.82,1,59.99
2025-12-29,2025-12-29,Classic T-Shirt - TOF - Interests,Broad Interests - Classic T-Shirt,Creative A - Classic T-Shirt,26.73,1336,11,20.01,0.87,1,39.99
2025-12-29,2025-12-29,Handcrafted Wallet - BOF - Retargeting,Website Visitors - Handcrafted Wallet,DPA - Handcrafted Wal,5.97,432,10,13.83,2.33,1,47.99
2025-12-29,2025-12-29,Handcrafted Wallet - TOF - Interests,Broad Interests - Handcrafted Wallet,Creative A - Handcrafted Wal,13.96,637,8,21.91,1.31,1,32.0
2025-12-29,2025-12-29,Last Season Dress - BOF - Retargeting,Website Visitors - Last Season Dress,DPA - Last Season Dre,28.01,2955,106,9.48,3.62,1,29.99
2025-12-29,2025-12-29,Last Season Dress - TOF - Interests,Broad Interests - Last Season Dress,Creative A - Last Season Dre,65.33,2959,28,22.08,0.98,1,19.99
2025-12-29,2025-12-29,Overstock Pants - TOF - Interests,Broad Interests - Overstock Pants,Creative A - Overstock Pants,28.14,2297,23,12.25,1.04,0,0.0
2025-12-29,2025-12-29,Plain Beanie - TOF - Interests,Broad Interests - Plain Beanie,Creative A - Plain Beanie,8.55,574,8,14.89,1.4,0,0.0
2025-12-29,2025-12-29,Simple Keychain - TOF - Interests,Broad Interests - Simple Keychain,Creative A - Simple Keychain,14.0,785,10,17.84,1.3,0,0.0
2025-12-29,2025-12-29,Standard Lanyard - TOF - Interests,Broad Interests - Standard Lanyard,Creative A - Standard Lanyar,10.18,700,7,14.55,1.12,0,0.0
2025-12-30,2025-12-30,Basic Phone Case - BOF - Retargeting,Website Visitors - Basic Phone Case,DPA - Basic Phone Cas,7.26,527,16,13.78,3.1,1,15.59
2025-12-30,2025-12-30,Basic Phone Case - TOF - Interests,Broad Interests - Basic Phone Case,Creative A - Basic Phone Cas,16.96,781,7,21.72,0.98,1,10.39
2025-12-30,2025-12-30,Clearance Jacket - TOF - Interests,Broad Interests - Clearance Jacket,Creative A - Clearance Jacke,9.3,540,8,17.23,1.48,0,0.0
2025-12-30,2025-12-30,Last Season Dress - TOF - Interests,Broad Interests - Last Season Dress,Creative A - Last Season Dre,14.5,647,8,22.41,1.31,0,0.0
2025-12-30,2025-12-30,Running Shorts - TOF - Interests,Broad Interests - Running Shorts,Creative A - Running Shorts,12.96,872,8,14.86,1.0,0,0.0
2025-12-31,2025-12-31,Clearance Jacket - TOF - Interests,Broad Interests - Clearance Jacket,Creative A - Clearance Jacke,19.59,1352,17,14.49,1.28,0,0.0
2025-12-31,2025-12-31,Luxury Silk Scarf - TOF - Interests,Broad Interests - Luxury Silk Scarf,Creative A - Luxury Silk Sca,5.43,227,2,23.9,0.99,0,0.0
2025-12-31,2025-12-31,Premium Leather Bag - TOF - Interests,Broad Interests - Premium Leather Bag,Creative A - Premium Leather,3.38,138,2,24.49,1.48,0,0.0
2025-12-31,2025-12-31,Premium Leather Bag - TOF - Interests,Broad Interests - Premium Leather Bag,Creative A - Premium Leather,9.15,477,6,19.18,1.39,0,0.0
2025-12-31,2025-12-31,Sample Sale Coat - TOF - Interests,Broad Interests - Sample Sale Coat,Creative A - Sample Sale Coa,25.74,1063,15,24.21,1.41,0,0.0
2026-01-01,2026-01-01,Artisan Watch - TOF - Interests,Broad Interests - Artisan Watch,Creative A - Artisan Watch,4.52,195,2,23.18,1.24,0,0.0
2026-01-01,2026-01-01,Cashmere Sweater - BOF - Retargeting,Website Visitors - Cashmere Sweater,DPA - Cashmere Sweate,8.85,772,24,11.46,3.12,1,71.99
2026-01-01,2026-01-01,Cashmere Sweater - TOF - Interests,Broad Interests - Cashmere Sweater,Creative A - Cashmere Sweate,20.67,1000,14,20.67,1.46,1,48.0
2026-01-01,2026-01-01,Clearance Jacket - TOF - Interests,Broad Interests - Clearance Jacket,Creative A - Clearance Jacke,13.04,595,7,21.91,1.31,0,0.0
2026-01-01,2026-01-01,Cotton Hoodie - TOF - Interests,Broad Interests - Cotton Hoodie,Creative A - Cotton Hoodie,9.42,717,6,13.14,0.97,0,0.0
2026-01-01,2026-01-01,Designer Sunglasses - TOF - Interests,Broad Interests - Designer Sunglasses,Creative A - Designer Sungla,9.24,563,7,16.41,1.37,0,0.0
2026-01-01,2026-01-01,Plain Beanie - TOF - Interests,Broad Interests - Plain Beanie,Creative A - Plain Beanie,7.54,304,4,24.81,1.45,0,0.0
2026-01-01,2026-01-01,Running Shorts - TOF - Interests,Broad Interests - Running Shorts,Creative A - Running Shorts,13.39,983,12,13.62,1.27,0,0.0
2026-01-01,2026-01-01,Sample Sale Coat - TOF - Interests,Broad Interests - Sample Sale Coat,Creative A - Sample Sale Coa,14.81,998,14,14.84,1.41,0,0.0
2026-01-02,2026-01-02,Basic Phone Case - TOF - Interests,Broad Interests - Basic Phone Case,Creative A - Basic Phone Cas,11.16,607,8,18.39,1.36,0,0.0
2026-01-02,2026-01-02,Classic T-Shirt - TOF - Interests,Broad Interests - Classic T-Shirt,Creative A - Classic T-Shirt,12.53,583,5,21.5,0.95,0,0.0
2026-01-02,2026-01-02,Clearance Jacket - TOF - Interests,Broad Interests - Clearance Jacket,Creative A - Clearance Jacke,12.65,731,10,17.31,1.49,0,0.0
2026-01-02,2026-01-02,Clearance Jacket - TOF - Interests,Broad Interests - Clearance Jacket,Creative A - Clearance Jacke,24.73,1638,19,15.1,1.19,0,0.0
2026-01-02,2026-01-02,Overstock Pants - TOF - Interests,Broad Interests - Overstock Pants,Creative A - Overstock Pants,29.92,2407,35,12.43,1.46,0,0.0
2026-01-03,2026-01-03,Canvas Tote Bag - TOF - Interests,Broad Interests - Canvas Tote Bag,Creative A - Canvas Tote Bag,8.27,518,6,15.96,1.3,0,0.0
2026-01-03,2026-01-03,Classic T-Shirt - TOF - Interests,Broad Interests - Classic T-Shirt,Creative A - Classic T-Shirt,12.1,520,6,23.27,1.33,0,0.0
2026-01-03,2026-01-03,Cotton Hoodie - TOF - Interests,Broad Interests - Cotton Hoodie,Creative A - Cotton Hoodie,13.48,795,7,16.96,1.0,0,0.0
2026-01-03,2026-01-03,Discontinued Boots - TOF - Interests,Broad Interests - Discontinued Boots,Creative A - Discontinued Bo,24.73,1117,14,22.14,1.32,0,0.0
2026-01-03,2026-01-03,Plain Beanie - TOF - Interests,Broad Interests - Plain Beanie,Creative A - Plain Beanie,6.1,281,2,21.7,0.86,0,0.0
2026-01-03,2026-01-03,Sample Sale Coat - TOF - Interests,Broad Interests - Sample Sale Coat,Creative A - Sample Sale Coa,24.75,1067,12,23.2,1.2,0,0.0
2026-01-04,2026-01-04,Basic Socks 3-Pack - BOF - Retargeting,Website Visitors - Basic Socks 3-Pack,DPA - Basic Socks 3-P,10.54,1171,27,9.0,2.33,1,23.99
2026-01-04,2026-01-04,Basic Socks 3-Pack - TOF - Interests,Broad Interests - Basic Socks 3-Pack,Creative A - Basic Socks 3-P,24.58,1073,10,22.91,0.97,1,15.99
2026-01-04,2026-01-04,Classic T-Shirt - TOF - Interests,Broad Interests - Classic T-Shirt,Creative A - Classic T-Shirt,11.67,576,7,20.26,1.35,0,0.0
2026-01-04,2026-01-04,Designer Sunglasses - BOF - Retargeting,Website Visitors - Designer Sunglasses,DPA - Designer Sungla,7.24,825,30,8.77,3.74,1,59.99
2026-01-04,2026-01-04,Designer Sunglasses - BOF - Retargeting,Website Visitors - Designer Sunglasses,DPA - Designer Sungla,6.33,606,13,10.45,2.2,1,59.99
2026-01-04,2026-01-04,Designer Sunglasses - TOF - Interests,Broad Interests - Designer Sunglasses,Creative A - Designer Sungla,16.87,805,9,20.96,1.18,1,40.0
2026-01-04,2026-01-04,Designer Sunglasses - TOF - Interests,Broad Interests - Designer Sunglasses,Creative A - Designer Sungla,14.77,631,7,23.41,1.18,1,40.0
2026-01-04,2026-01-04,Discontinued Boots - TOF - Interests,Broad Interests - Discontinued Boots,Creative A - Discontinued Bo,19.93,1483,12,13.44,0.83,0,0.0
2026-01-04,2026-01-04,Overstock Pants - TOF - Interests,Broad Interests - Overstock Pants,Creative A - Overstock Pants,24.52,1076,13,22.79,1.3,0,0.0
2026-01-04,2026-01-04,Premium Backpack - TOF - Interests,Broad Interests - Premium Backpack,Creative A - Premium Backpac,3.44,227,2,15.14,1.28,0,0.0
2026-01-04,2026-01-04,Premium Backpack - TOF - Interests,Broad Interests - Premium Backpack,Creative A - Premium Backpac,4.44,354,4,12.55,1.2,0,0.0
2026-01-04,2026-01-04,Simple Keychain - TOF - Interests,Broad Interests - Simple Keychain,Creative A - Simple Keychain,8.13,341,3,23.84,1.02,0,0.0
2026-01-04,2026-01-04,Standard Lanyard - TOF - Interests,Broad Interests - Standard Lanyard,Creative A - Standard Lanyar,9.53,707,9,13.48,1.32,0,0.0
2026-01-05,2026-01-05,Cotton Hoodie - TOF - Interests,Broad Interests - Cotton Hoodie,Creative A - Cotton Hoodie,8.96,659,9,13.6,1.44,0,0.0
2026-01-05,2026-01-05,Handcrafted Wallet - BOF - Retargeting,Website Visitors - Handcrafted Wallet,DPA - Handcrafted Wal,10.61,1029,39,10.31,3.87,1,95.99
2026-01-05,2026-01-05,Handcrafted Wallet - TOF - Interests,Broad Interests - Handcrafted Wallet,Creative A - Handcrafted Wal,24.76,1132,14,21.87,1.29,1,63.99
2026-01-05,2026-01-05,Overstock Pants - BOF - Retargeting,Website Visitors - Overstock Pants,DPA - Overstock Pants,8.58,699,25,12.28,3.69,1,11.99
2026-01-05,2026-01-05,Overstock Pants - TOF - Interests,Broad Interests - Overstock Pants,Creative A - Overstock Pants,20.06,1648,13,12.17,0.84,1,8.0
2026-01-05,2026-01-05,Standard Lanyard - TOF - Interests,Broad Interests - Standard Lanyard,Creative A - Standard Lanyar,6.38,488,5,13.08,1.07,0,0.0
2026-01-06,2026-01-06,Clearance Jacket - TOF - Interests,Broad Interests - Clearance Jacket,Creative A - Clearance Jacke,29.66,1226,17,24.19,1.39,0,0.0
2026-01-06,2026-01-06,Discontinued Boots - TOF - Interests,Broad Interests - Discontinued Boots,Creative A - Discontinued Bo,20.85,992,11,21.02,1.2,0,0.0
2026-01-06,2026-01-06,Luxury Silk Scarf - BOF - Retargeting,Website Visitors - Luxury Silk Scarf,DPA - Luxury Silk Sca,6.66,748,28,8.91,3.83,1,53.99
2026-01-06,2026-01-06,Luxury Silk Scarf - TOF - Interests,Broad Interests - Luxury Silk Scarf,Creative A - Luxury Silk Sca,15.57,1111,12,14.01,1.12,1,36.0
2026-01-06,2026-01-06,Plain Beanie - TOF - Interests,Broad Interests - Plain Beanie,Creative A - Plain Beanie,5.8,396,5,14.64,1.34,0,0.0
2026-01-06,2026-01-06,Premium Leather Bag - BOF - Retargeting,Website Visitors - Premium Leather Bag,DPA - Premium Leather,14.52,1366,32,10.63,2.41,1,143.99
2026-01-06,2026-01-06,Premium Leather Bag - TOF - Interests,Broad Interests - Premium Leather Bag,Creative A - Premium Leather,33.85,1563,21,21.66,1.4,1,95.99
2026-01-06,2026-01-06,Running Shorts - TOF - Interests,Broad Interests - Running Shorts,Creative A - Running Shorts,12.78,894,9,14.29,1.05,0,0.0
2026-01-07,2026-01-07,Artisan Watch - BOF - Retargeting,Website Visitors - Artisan Watch,DPA - Artisan Watch,16.18,1490,36,10.86,2.47,1,131.99
2026-01-07,2026-01-07,Artisan Watch - TOF - Interests,Broad Interests - Artisan Watch,Creative A - Artisan Watch,37.72,3087,39,12.22,1.27,1,87.99
2026-01-07,2026-01-07,Basic Socks 3-Pack - BOF - Retargeting,Website Visitors - Basic Socks 3-Pack,DPA - Basic Socks 3-P,5.74,602,21,9.53,3.62,1,11.99
2026-01-07,2026-01-07,Basic Socks 3-Pack - TOF - Interests,Broad Interests - Basic Socks 3-Pack,Creative A - Basic Socks 3-P,13.39,703,10,19.05,1.48,1,8.0
2026-01-07,2026-01-07,Classic T-Shirt - TOF - Interests,Broad Interests - Classic T-Shirt,Creative A - Classic T-Shirt,8.33,411,6,20.27,1.5,0,0.0
2026-01-07,2026-01-07,Designer Sunglasses - TOF - Interests,Broad Interests - Designer Sunglasses,Creative A - Designer Sungla,7.7,427,5,18.03,1.39,0,0.0
2026-01-07,2026-01-07,Last Season Dress - TOF - Interests,Broad Interests - Last Season Dress,Creative A - Last Season Dre,11.13,756,9,14.72,1.28,0,0.0
2026-01-07,2026-01-07,Luxury Belt - BOF - Retargeting,Website Visitors - Luxury Belt,DPA - Luxury Belt,4.91,464,14,10.58,3.12,1,47.99
2026-01-07,2026-01-07,Luxury Belt - TOF - Interests,Broad Interests - Luxury Belt,Creative A - Luxury Belt,11.47,481,4,23.85,0.84,1,32.0
2026-01-08,2026-01-08,Clearance Jacket - BOF - Retargeting,Website Visitors - Clearance Jacket,DPA - Clearance Jacke,23.27,1695,58,13.73,3.44,1,35.99
2026-01-08,2026-01-08,Clearance Jacket - TOF - Interests,Broad Interests - Clearance Jacket,Creative A - Clearance Jacke,54.3,2409,23,22.54,0.98,1,23.99
2026-01-08,2026-01-08,Overstock Pants - TOF - Interests,Broad Interests - Overstock Pants,Creative A - Overstock Pants,18.59,751,7,24.75,1.03,0,0.0
2026-01-08,2026-01-08,Polo Shirt - TOF - Interests,Broad Interests - Polo Shirt,Creative A - Polo Shirt,12.02,724,8,16.6,1.2,0,0.0
2026-01-08,2026-01-08,Sport Sneakers - BOF - Retargeting,Website Visitors - Sport Sneakers,DPA - Sport Sneakers,5.83,585,17,9.96,2.98,1,32.99
2026-01-08,2026-01-08,Sport Sneakers - TOF - Interests,Broad Interests - Sport Sneakers,Creative A - Sport Sneakers,13.6,622,7,21.87,1.28,1,22.0
2026-01-08,2026-01-08,Standard Lanyard - TOF - Interests,Broad Interests - Standard Lanyard,Creative A - Standard Lanyar,14.04,1114,13,12.6,1.19,0,0.0
2026-01-09,2026-01-09,Classic T-Shirt - TOF - Interests,Broad Interests - Classic T-Shirt,Creative A - Classic T-Shirt,13.24,628,7,21.08,1.18,0,0.0
2026-01-09,2026-01-09,Designer Sunglasses - BOF - Retargeting,Website Visitors - Designer Sunglasses,DPA - Designer Sungla,14.97,1213,36,12.34,2.98,1,119.99
2026-01-09,2026-01-09,Designer Sunglasses - TOF - Interests,Broad Interests - Designer Sunglasses,Creative A - Designer Sungla,34.94,2150,27,16.25,1.26,1,79.99
2026-01-09,2026-01-09,Overstock Pants - TOF - Interests,Broad Interests - Overstock Pants,Creative A - Overstock Pants,9.74,545,7,17.87,1.43,0,0.0
2026-01-09,2026-01-09,Sport Sneakers - TOF - Interests,Broad Interests - Sport Sneakers,Creative A - Sport Sneakers,8.64,412,3,20.96,0.81,0,0.0
2026-01-10,2026-01-10,Baseball Cap - TOF - Interests,Broad Interests - Baseball Cap,Creative A - Baseball Cap,5.41,314,4,17.23,1.42,0,0.0
2026-01-10,2026-01-10,Basic Socks 3-Pack - TOF - Interests,Broad Interests - Basic Socks 3-Pack,Creative A - Basic Socks 3-P,13.16,531,5,24.79,1.09,0,0.0
2026-01-10,2026-01-10,Basic Socks 3-Pack - TOF - Interests,Broad Interests - Basic Socks 3-Pack,Creative A - Basic Socks 3-P,9.57,703,9,13.62,1.33,0,0.0
2026-01-10,2026-01-10,Canvas Tote Bag - TOF - Interests,Broad Interests - Canvas Tote Bag,Creative A - Canvas Tote Bag,13.73,1107,9,12.4,0.88,0,0.0
2026-01-10,2026-01-10,Casual Jeans - TOF - Interests,Broad Interests - Casual Jeans,Creative A - Casual Jeans,7.31,477,6,15.32,1.4,0,0.0
2026-01-10,2026-01-10,Classic T-Shirt - TOF - Interests,Broad Interests - Classic T-Shirt,Creative A - Classic T-Shirt,11.04,484,4,22.8,0.87,0,0.0
2026-01-10,2026-01-10,Designer Sunglasses - TOF - Interests,Broad Interests - Designer Sunglasses,Creative A - Designer Sungla,7.08,292,2,24.23,0.88,0,0.0
2026-01-10,2026-01-10,Discontinued Boots - TOF - Interests,Broad Interests - Discontinued Boots,Creative A - Discontinued Bo,29.56,1200,16,24.63,1.41,0,0.0
2026-01-11,2026-01-11,Basic Socks 3-Pack - TOF - Interests,Broad Interests - Basic Socks 3-Pack,Creative A - Basic Socks 3-P,14.42,826,9,17.46,1.2,0,0.0
2026-01-11,2026-01-11,Cashmere Sweater - BOF - Retargeting,Website Visitors - Cashmere Sweater,DPA - Cashmere Sweate,16.11,1778,37,9.06,2.1,1,143.99
2026-01-11,2026-01-11,Cashmere Sweater - TOF - Interests,Broad Interests - Cashmere Sweater,Creative A - Cashmere Sweate,37.57,1919,15,19.58,0.83,1,95.99
2026-01-11,2026-01-11,Classic T-Shirt - TOF - Interests,Broad Interests - Classic T-Shirt,Creative A - Classic T-Shirt,7.89,532,4,14.83,0.87,0,0.0
2026-01-11,2026-01-11,Overstock Pants - TOF - Interests,Broad Interests - Overstock Pants,Creative A - Overstock Pants,13.48,590,5,22.84,0.94,0,0.0
2026-01-11,2026-01-11,Plain Beanie - TOF - Interests,Broad Interests - Plain Beanie,Creative A - Plain Beanie,8.64,653,6,13.23,1.04,0,0.0
2026-01-11,2026-01-11,Sample Sale Coat - TOF - Interests,Broad Interests - Sample Sale Coat,Creative A - Sample Sale Coa,10.96,820,7,13.36,0.93,0,0.0
2026-01-11,2026-01-11,Standard Lanyard - BOF - Retargeting,Website Visitors - Standard Lanyard,DPA - Standard Lanyar,4.78,408,11,11.71,2.79,1,9.59
2026-01-11,2026-01-11,Standard Lanyard - TOF - Interests,Broad Interests - Standard Lanyard,Creative A - Standard Lanyar,11.15,484,4,23.03,0.86,1,6.39
2026-01-12,2026-01-12,Designer Sunglasses - TOF - Interests,Broad Interests - Designer Sunglasses,Creative A - Designer Sungla,5.31,237,2,22.42,1.05,0,0.0
2026-01-12,2026-01-12,Handcrafted Wallet - TOF - Interests,Broad Interests - Handcrafted Wallet,Creative A - Handcrafted Wal,5.8,234,2,24.8,1.23,0,0.0
2026-01-12,2026-01-12,Last Season Dress - TOF - Interests,Broad Interests - Last Season Dress,Creative A - Last Season Dre,11.64,516,7,22.55,1.37,0,0.0
2026-01-12,2026-01-12,Overstock Pants - TOF - Interests,Broad Interests - Overstock Pants,Creative A - Overstock Pants,10.86,538,5,20.19,1.01,0,0.0
2026-01-12,2026-01-12,Plain Beanie - TOF - Interests,Broad Interests - Plain Beanie,Creative A - Plain Beanie,12.8,950,9,13.47,1.0,0,0.0
2026-01-13,2026-01-13,Baseball Cap - TOF - Interests,Broad Interests - Baseball Cap,Creative A - Baseball Cap,14.08,758,8,18.57,1.16,0,0.0
2026-01-13,2026-01-13,Basic Phone Case - TOF - Interests,Broad Interests - Basic Phone Case,Creative A - Basic Phone Cas,5.02,272,2,18.47,0.82,0,0.0
2026-01-13,2026-01-13,Basic Socks 3-Pack - BOF - Retargeting,Website Visitors - Basic Socks 3-Pack,DPA - Basic Socks 3-P,5.05,511,19,9.88,3.81,1,11.99
2026-01-13,2026-01-13,Basic Socks 3-Pack - TOF - Interests,Broad Interests - Basic Socks 3-Pack,Creative A - Basic Socks 3-P,11.78,662,6,17.79,1.04,1,8.0
2026-01-13,2026-01-13,Clearance Jacket - TOF - Interests,Broad Interests - Clearance Jacket,Creative A - Clearance Jacke,13.44,789,10,17.04,1.38,0,0.0
2026-01-13,2026-01-13,Cotton Hoodie - TOF - Interests,Broad Interests - Cotton Hoodie,Creative A - Cotton Hoodie,8.37,369,4,22.68,1.33,0,0.0
2026-01-13,2026-01-13,Last Season Dress - TOF - Interests,Broad Interests - Last Season Dress,Creative A - Last Season Dre,18.26,740,7,24.67,1.05,0,0.0
2026-01-13,2026-01-13,Overstock Pants - TOF - Interests,Broad Interests - Overstock Pants,Creative A - Overstock Pants,16.11,1021,11,15.78,1.09,0,0.0
2026-01-13,2026-01-13,Plain Beanie - BOF - Retargeting,Website Visitors - Plain Beanie,DPA - Plain Beanie,7.6,796,25,9.55,3.26,1,17.99
2026-01-13,2026-01-13,Plain Beanie - TOF - Interests,Broad Interests - Plain Beanie,Creative A - Plain Beanie,17.73,1444,12,12.28,0.9,1,11.99
2026-01-13,2026-01-13,Premium Backpack - TOF - Interests,Broad Interests - Premium Backpack,Creative A - Premium Backpac,5.66,402,4,14.07,1.1,0,0.0
2026-01-13,2026-01-13,Sample Sale Coat - TOF - Interests,Broad Interests - Sample Sale Coat,Creative A - Sample Sale Coa,12.85,633,8,20.3,1.29,0,0.0
2026-01-13,2026-01-13,Sample Sale Coat - TOF - Interests,Broad Interests - Sample Sale Coat,Creative A - Sample Sale Coa,22.92,1234,11,18.57,0.95,0,0.0
2026-01-13,2026-01-13,Simple Keychain - TOF - Interests,Broad Interests - Simple Keychain,Creative A - Simple Keychain,13.9,803,9,17.31,1.18,0,0.0
2026-01-13,2026-01-13,Standard Lanyard - TOF - Interests,Broad Interests - Standard Lanyard,Creative A - Standard Lanyar,5.87,270,3,21.73,1.22,0,0.0
2026-01-14,2026-01-14,Designer Sunglasses - TOF - Interests,Broad Interests - Designer Sunglasses,Creative A - Designer Sungla,7.14,420,4,17.0,1.02,0,0.0
2026-01-14,2026-01-14,Last Season Dress - TOF - Interests,Broad Interests - Last Season Dress,Creative A - Last Season Dre,26.19,2019,21,12.97,1.05,0,0.0
2026-01-14,2026-01-14,Luxury Silk Scarf - TOF - Interests,Broad Interests - Luxury Silk Scarf,Creative A - Luxury Silk Sca,9.79,472,5,20.74,1.07,0,0.0
2026-01-14,2026-01-14,Overstock Pants - TOF - Interests,Broad Interests - Overstock Pants,Creative A - Overstock Pants,27.53,2173,19,12.67,0.89,0,0.0
2026-01-14,2026-01-14,Simple Keychain - TOF - Interests,Broad Interests - Simple Keychain,Creative A - Simple Keychain,5.68,401,6,14.16,1.5,0,0.0
2026-01-14,2026-01-14,Sport Sneakers - TOF - Interests,Broad Interests - Sport Sneakers,Creative A - Sport Sneakers,10.44,435,4,24.01,1.02,0,0.0
2026-01-15,2026-01-15,Artisan Watch - BOF - Retargeting,Website Visitors - Artisan Watch,DPA - Artisan Watch,7.31,614,17,11.91,2.85,1,65.99
2026-01-15,2026-01-15,Artisan Watch - TOF - Interests,Broad Interests - Artisan Watch,Creative A - Artisan Watch,17.07,1132,9,15.08,0.88,1,44.0
2026-01-15,2026-01-15,Baseball Cap - TOF - Interests,Broad Interests - Baseball Cap,Creative A - Baseball Cap,10.26,664,9,15.45,1.42,0,0.0
2026-01-15,2026-01-15,Casual Jeans - BOF - Retargeting,Website Visitors - Casual Jeans,DPA - Casual Jeans,6.0,722,21,8.31,3.01,1,35.99
2026-01-15,2026-01-15,Casual Jeans - TOF - Interests,Broad Interests - Casual Jeans,Creative A - Casual Jeans,14.0,806,8,17.37,1.06,1,24.0
2026-01-15,2026-01-15,Clearance Jacket - TOF - Interests,Broad Interests - Clearance Jacket,Creative A - Clearance Jacke,19.18,936,9,20.49,0.99,0,0.0
2026-01-15,2026-01-15,Luxury Belt - TOF - Interests,Broad Interests - Luxury Belt,Creative A - Luxury Belt,9.9,477,4,20.76,0.99,0,0.0
2026-01-15,2026-01-15,Polo Shirt - BOF - Retargeting,Website Visitors - Polo Shirt,DPA - Polo Shirt,6.46,473,10,13.66,2.31,1,29.99
2026-01-15,2026-01-15,Polo Shirt - TOF - Interests,Broad Interests - Polo Shirt,Creative A - Polo Shirt,15.07,1022,8,14.75,0.82,1,20.0
2026-01-15,2026-01-15,Premium Leather Bag - BOF - Retargeting,Website Visitors - Premium Leather Bag,DPA - Premium Leather,14.43,1315,29,10.97,2.24,1,143.99
2026-01-15,2026-01-15,Premium Leather Bag - TOF - Interests,Broad Interests - Premium Leather Bag,Creative A - Premium Leather,33.65,2528,28,13.31,1.14,1,95.99
2026-01-15,2026-01-15,Sport Sneakers - BOF - Retargeting,Website Visitors - Sport Sneakers,DPA - Sport Sneakers,12.62,939,28,13.44,3.01,1,65.99
2026-01-15,2026-01-15,Sport Sneakers - BOF - Retargeting,Website Visitors - Sport Sneakers,DPA - Sport Sneakers,7.4,664,19,11.15,2.88,1,32.99
2026-01-15,2026-01-15,Sport Sneakers - TOF - Interests,Broad Interests - Sport Sneakers,Creative A - Sport Sneakers,29.47,1347,12,21.88,0.96,1,43.99
2026-01-15,2026-01-15,Sport Sneakers - TOF - Interests,Broad Interests - Sport Sneakers,Creative A - Sport Sneakers,17.26,908,12,19.01,1.33,1,22.0
2026-01-16,2026-01-16,Baseball Cap - TOF - Interests,Broad Interests - Baseball Cap,Creative A - Baseball Cap,6.26,407,5,15.38,1.24,0,0.0
2026-01-16,2026-01-16,Classic T-Shirt - TOF - Interests,Broad Interests - Classic T-Shirt,Creative A - Classic T-Shirt,10.37,499,6,20.79,1.34,0,0.0
2026-01-16,2026-01-16,Designer Sunglasses - TOF - Interests,Broad Interests - Designer Sunglasses,Creative A - Designer Sungla,5.44,340,3,16.01,1.05,0,0.0
2026-01-16,2026-01-16,Premium Leather Bag - BOF - Retargeting,Website Visitors - Premium Leather Bag,DPA - Premium Leather,7.52,854,32,8.81,3.86,1,71.99
2026-01-16,2026-01-16,Premium Leather Bag - TOF - Interests,Broad Interests - Premium Leather Bag,Creative A - Premium Leather,17.57,1433,20,12.26,1.46,1,48.0
2026-01-16,2026-01-16,Running Shorts - TOF - Interests,Broad Interests - Running Shorts,Creative A - Running Shorts,5.07,359,5,14.12,1.49,0,0.0
2026-01-16,2026-01-16,Standard Lanyard - TOF - Interests,Broad Interests - Standard Lanyard,Creative A - Standard Lanyar,11.78,721,9,16.34,1.39,0,0.0
2026-01-17,2026-01-17,Artisan Watch - BOF - Retargeting,Website Visitors - Artisan Watch,DPA - Artisan Watch,15.89,1905,61,8.34,3.21,1,131.99
2026-01-17,2026-01-17,Artisan Watch - TOF - Interests,Broad Interests - Artisan Watch,Creative A - Artisan Watch,37.07,2576,38,14.39,1.48,1,87.99
2026-01-17,2026-01-17,Basic Socks 3-Pack - TOF - Interests,Broad Interests - Basic Socks 3-Pack,Creative A - Basic Socks 3-P,5.21,328,3,15.87,1.17,0,0.0
2026-01-17,2026-01-17,Clearance Jacket - TOF - Interests,Broad Interests - Clearance Jacket,Creative A - Clearance Jacke,9.7,414,5,23.42,1.28,0,0.0
2026-01-17,2026-01-17,Handcrafted Wallet - TOF - Interests,Broad Interests - Handcrafted Wallet,Creative A - Handcrafted Wal,9.01,385,4,23.4,1.19,0,0.0
2026-01-17,2026-01-17,Plain Beanie - TOF - Interests,Broad Interests - Plain Beanie,Creative A - Plain Beanie,6.03,360,4,16.74,1.13,0,0.0
2026-01-17,2026-01-17,Sport Sneakers - TOF - Interests,Broad Interests - Sport Sneakers,Creative A - Sport Sneakers,13.47,907,13,14.85,1.5,0,0.0
2026-01-18,2026-01-18,Basic Phone Case - TOF - Interests,Broad Interests - Basic Phone Case,Creative A - Basic Phone Cas,9.86,411,5,23.98,1.3,0,0.0
2026-01-18,2026-01-18,Cashmere Sweater - BOF - Retargeting,Website Visitors - Cashmere Sweater,DPA - Cashmere Sweate,8.75,967,33,9.05,3.51,1,71.99
2026-01-18,2026-01-18,Cashmere Sweater - TOF - Interests,Broad Interests - Cashmere Sweater,Creative A - Cashmere Sweate,20.43,1090,14,18.74,1.34,1,48.0
2026-01-18,2026-01-18,Cashmere Sweater - TOF - Interests,Broad Interests - Cashmere Sweater,Creative A - Cashmere Sweate,6.4,483,5,13.26,1.09,0,0.0
2026-01-18,2026-01-18,Classic T-Shirt - TOF - Interests,Broad Interests - Classic T-Shirt,Creative A - Classic T-Shirt,8.92,595,6,15.0,1.02,0,0.0
2026-01-18,2026-01-18,Overstock Pants - TOF - Interests,Broad Interests - Overstock Pants,Creative A - Overstock Pants,12.43,906,11,13.72,1.24,0,0.0
2026-01-18,2026-01-18,Sport Sneakers - TOF - Interests,Broad Interests - Sport Sneakers,Creative A - Sport Sneakers,10.05,423,3,23.77,0.89,0,0.0
2026-01-19,2026-01-19,Clearance Jacket - TOF - Interests,Broad Interests - Clearance Jacket,Creative A - Clearance Jacke,25.25,1036,9,24.37,0.93,0,0.0
2026-01-19,2026-01-19,Cotton Hoodie - BOF - Retargeting,Website Visitors - Cotton Hoodie,DPA - Cotton Hoodie,12.36,1187,35,10.41,2.95,1,53.99
2026-01-19,2026-01-19,Cotton Hoodie - TOF - Interests,Broad Interests - Cotton Hoodie,Creative A - Cotton Hoodie,28.83,1653,23,17.44,1.45,1,35.99
2026-01-19,2026-01-19,Designer Sunglasses - TOF - Interests,Broad Interests - Designer Sunglasses,Creative A - Designer Sungla,8.77,625,5,14.04,0.92,0,0.0
2026-01-19,2026-01-19,Overstock Pants - TOF - Interests,Broad Interests - Overstock Pants,Creative A - Overstock Pants,22.73,1869,27,12.16,1.49,0,0.0
2026-01-19,2026-01-19,Sport Sneakers - TOF - Interests,Broad Interests - Sport Sneakers,Creative A - Sport Sneakers,8.22,614,6,13.39,1.01,0,0.0
2026-01-19,2026-01-19,Standard Lanyard - TOF - Interests,Broad Interests - Standard Lanyard,Creative A - Standard Lanyar,9.34,681,8,13.71,1.26,0,0.0
2026-01-20,2026-01-20,Basic Phone Case - BOF - Retargeting,Website Visitors - Basic Phone Case,DPA - Basic Phone Cas,6.97,495,15,14.08,3.05,1,15.59
2026-01-20,2026-01-20,Basic Phone Case - TOF - Interests,Broad Interests - Basic Phone Case,Creative A - Basic Phone Cas,16.27,925,11,17.59,1.23,1,10.39
2026-01-20,2026-01-20,Designer Sunglasses - BOF - Retargeting,Website Visitors - Designer Sunglasses,DPA - Designer Sungla,7.1,487,14,14.57,2.96,1,59.99
2026-01-20,2026-01-20,Designer Sunglasses - TOF - Interests,Broad Interests - Designer Sunglasses,Creative A - Designer Sungla,16.57,717,7,23.11,1.11,1,40.0
2026-01-20,2026-01-20,Last Season Dress - TOF - Interests,Broad Interests - Last Season Dress,Creative A - Last Season Dre,26.68,2109,30,12.65,1.43,0,0.0
2026-01-20,2026-01-20,Overstock Pants - TOF - Interests,Broad Interests - Overstock Pants,Creative A - Overstock Pants,8.72,353,4,24.71,1.31,0,0.0
2026-01-20,2026-01-20,Overstock Pants - TOF - Interests,Broad Interests - Overstock Pants,Creative A - Overstock Pants,8.58,354,4,24.25,1.29,0,0.0
2026-01-20,2026-01-20,Plain Beanie - TOF - Interests,Broad Interests - Plain Beanie,Creative A - Plain Beanie,7.29,325,4,22.42,1.45,0,0.0
2026-01-20,2026-01-20,Running Shorts - TOF - Interests,Broad Interests - Running Shorts,Creative A - Running Shorts,8.28,346,3,23.94,0.98,0,0.0
2026-01-20,2026-01-20,Standard Lanyard - TOF - Interests,Broad Interests - Standard Lanyard,Creative A - Standard Lanyar,10.27,509,6,20.18,1.37,0,0.0
2026-01-20,2026-01-20,Standard Lanyard - TOF - Interests,Broad Interests - Standard Lanyard,Creative A - Standard Lanyar,8.25,367,5,22.49,1.49,0,0.0
2026-01-21,2026-01-21,Classic T-Shirt - BOF - Retargeting,Website Visitors - Classic T-Shirt,DPA - Classic T-Shirt,14.38,1114,36,12.91,3.3,1,59.99
2026-01-21,2026-01-21,Classic T-Shirt - TOF - Interests,Broad Interests - Classic T-Shirt,Creative A - Classic T-Shirt,33.55,1628,15,20.61,0.98,1,39.99
2026-01-21,2026-01-21,Last Season Dress - TOF - Interests,Broad Interests - Last Season Dress,Creative A - Last Season Dre,8.02,578,8,13.87,1.43,0,0.0
2026-01-21,2026-01-21,Luxury Belt - TOF - Interests,Broad Interests - Luxury Belt,Creative A - Luxury Belt,3.92,278,3,14.11,1.1,0,0.0
2026-01-21,2026-01-21,Overstock Pants - TOF - Interests,Broad Interests - Overstock Pants,Creative A - Overstock Pants,26.83,2004,19,13.39,0.97,0,0.0
2026-01-21,2026-01-21,Plain Beanie - TOF - Interests,Broad Interests - Plain Beanie,Creative A - Plain Beanie,5.54,229,2,24.19,1.18,0,0.0
2026-01-21,2026-01-21,Polo Shirt - TOF - Interests,Broad Interests - Polo Shirt,Creative A - Polo Shirt,5.19,279,3,18.62,1.27,0,0.0
2026-01-22,2026-01-22,Artisan Watch - TOF - Interests,Broad Interests - Artisan Watch,Creative A - Artisan Watch,6.75,284,3,23.76,1.26,0,0.0
2026-01-22,2026-01-22,Baseball Cap - TOF - Interests,Broad Interests - Baseball Cap,Creative A - Baseball Cap,9.17,410,4,22.36,1.06,0,0.0
2026-01-22,2026-01-22,Canvas Tote Bag - TOF - Interests,Broad Interests - Canvas Tote Bag,Creative A - Canvas Tote Bag,9.4,470,6,20.0,1.28,0,0.0
2026-01-22,2026-01-22,Casual Jeans - TOF - Interests,Broad Interests - Casual Jeans,Creative A - Casual Jeans,14.2,618,6,22.97,0.98,0,0.0
2026-01-22,2026-01-22,Clearance Jacket - TOF - Interests,Broad Interests - Clearance Jacket,Creative A - Clearance Jacke,24.46,1192,13,20.52,1.17,0,0.0
2026-01-23,2026-01-23,Classic T-Shirt - TOF - Interests,Broad Interests - Classic T-Shirt,Creative A - Classic T-Shirt,6.14,278,2,22.07,1.02,0,0.0
2026-01-23,2026-01-23,Plain Beanie - TOF - Interests,Broad Interests - Plain Beanie,Creative A - Plain Beanie,9.48,411,5,23.06,1.39,0,0.0
2026-01-23,2026-01-23,Polo Shirt - TOF - Interests,Broad Interests - Polo Shirt,Creative A - Polo Shirt,5.93,272,2,21.81,1.06,0,0.0
2026-01-23,2026-01-23,Sample Sale Coat - TOF - Interests,Broad Interests - Sample Sale Coat,Creative A - Sample Sale Coa,16.64,1134,14,14.67,1.31,0,0.0
2026-01-23,2026-01-23,Standard Lanyard - TOF - Interests,Broad Interests - Standard Lanyard,Creative A - Standard Lanyar,11.16,610,8,18.29,1.41,0,0.0
2026-01-24,2026-01-24,Baseball Cap - TOF - Interests,Broad Interests - Baseball Cap,Creative A - Baseball Cap,9.45,554,6,17.06,1.17,0,0.0
2026-01-24,2026-01-24,Designer Sunglasses - TOF - Interests,Broad Interests - Designer Sunglasses,Creative A - Designer Sungla,8.14,329,3,24.75,1.11,0,0.0
2026-01-24,2026-01-24,Last Season Dress - TOF - Interests,Broad Interests - Last Season Dress,Creative A - Last Season Dre,17.34,708,8,24.49,1.25,0,0.0
2026-01-24,2026-01-24,Premium Backpack - TOF - Interests,Broad Interests - Premium Backpack,Creative A - Premium Backpac,9.32,555,7,16.8,1.29,0,0.0
2026-01-24,2026-01-24,Sample Sale Coat - BOF - Retargeting,Website Visitors - Sample Sale Coat,DPA - Sample Sale Coa,28.19,2369,88,11.9,3.75,1,29.99
2026-01-24,2026-01-24,Sample Sale Coat - TOF - Interests,Broad Interests - Sample Sale Coat,Creative A - Sample Sale Coa,65.77,4908,65,13.4,1.32,1,20.0
2026-01-25,2026-01-25,Discontinued Boots - TOF - Interests,Broad Interests - Discontinued Boots,Creative A - Discontinued Bo,24.14,1030,14,23.44,1.45,0,0.0
2026-01-25,2026-01-25,Luxury Silk Scarf - TOF - Interests,Broad Interests - Luxury Silk Scarf,Creative A - Luxury Silk Sca,7.94,552,7,14.39,1.39,0,0.0
2026-01-25,2026-01-25,Plain Beanie - TOF - Interests,Broad Interests - Plain Beanie,Creative A - Plain Beanie,6.43,263,3,24.46,1.38,0,0.0
2026-01-25,2026-01-25,Premium Backpack - BOF - Retargeting,Website Visitors - Premium Backpack,DPA - Premium Backpac,5.75,431,15,13.35,3.7,1,53.99
2026-01-25,2026-01-25,Premium Backpack - TOF - Interests,Broad Interests - Premium Backpack,Creative A - Premium Backpac,13.44,665,8,20.21,1.22,1,36.0
2026-01-25,2026-01-25,Sample Sale Coat - TOF - Interests,Broad Interests - Sample Sale Coat,Creative A - Sample Sale Coa,11.7,650,6,18.0,0.93,0,0.0
2026-01-25,2026-01-25,Standard Lanyard - TOF - Interests,Broad Interests - Standard Lanyard,Creative A - Standard Lanyar,8.91,370,5,24.08,1.45,0,0.0
2026-01-26,2026-01-26,Basic Socks 3-Pack - TOF - Interests,Broad Interests - Basic Socks 3-Pack,Creative A - Basic Socks 3-P,13.87,695,9,19.95,1.37,0,0.0
2026-01-26,2026-01-26,Sample Sale Coat - TOF - Interests,Broad Interests - Sample Sale Coat,Creative A - Sample Sale Coa,19.89,1488,12,13.37,0.86,0,0.0
2026-01-27,2026-01-27,Designer Sunglasses - TOF - Interests,Broad Interests - Designer Sunglasses,Creative A - Designer Sungla,6.13,261,3,23.5,1.41,0,0.0
2026-01-27,2026-01-27,Discontinued Boots - TOF - Interests,Broad Interests - Discontinued Boots,Creative A - Discontinued Bo,10.9,484,5,22.52,1.23,0,0.0
2026-01-27,2026-01-27,Handcrafted Wallet - BOF - Retargeting,Website Visitors - Handcrafted Wallet,DPA - Handcrafted Wal,9.7,799,31,12.14,3.95,1,95.99
2026-01-27,2026-01-27,Handcrafted Wallet - TOF - Interests,Broad Interests - Handcrafted Wallet,Creative A - Handcrafted Wal,22.66,1555,17,14.57,1.14,1,63.99
2026-01-27,2026-01-27,Overstock Pants - TOF - Interests,Broad Interests - Overstock Pants,Creative A - Overstock Pants,22.97,1241,16,18.51,1.33,0,0.0
2026-01-27,2026-01-27,Sample Sale Coat - TOF - Interests,Broad Interests - Sample Sale Coat,Creative A - Sample Sale Coa,11.71,853,12,13.73,1.44,0,0.0
2026-01-27,2026-01-27,Sport Sneakers - TOF - Interests,Broad Interests - Sport Sneakers,Creative A - Sport Sneakers,7.81,322,3,24.27,0.98,0,0.0
2026-01-28,2026-01-28,Casual Jeans - TOF - Interests,Broad Interests - Casual Jeans,Creative A - Casual Jeans,8.29,530,5,15.64,1.03,0,0.0
2026-01-28,2026-01-28,Classic T-Shirt - BOF - Retargeting,Website Visitors - Classic T-Shirt,DPA - Classic T-Shirt,10.59,807,30,13.12,3.78,1,59.99
2026-01-28,2026-01-28,Classic T-Shirt - TOF - Interests,Broad Interests - Classic T-Shirt,Creative A - Classic T-Shirt,24.71,1923,16,12.85,0.88,1,39.99
2026-01-28,2026-01-28,Clearance Jacket - TOF - Interests,Broad Interests - Clearance Jacket,Creative A - Clearance Jacke,11.37,675,7,16.85,1.15,0,0.0
2026-01-28,2026-01-28,Handcrafted Wallet - TOF - Interests,Broad Interests - Handcrafted Wallet,Creative A - Handcrafted Wal,7.35,372,5,19.75,1.35,0,0.0
2026-01-28,2026-01-28,Last Season Dress - TOF - Interests,Broad Interests - Last Season Dress,Creative A - Last Season Dre,16.0,713,9,22.44,1.31,0,0.0
2026-01-28,2026-01-28,Luxury Belt - BOF - Retargeting,Website Visitors - Luxury Belt,DPA - Luxury Belt,10.79,1093,35,9.87,3.22,1,95.99
2026-01-28,2026-01-28,Luxury Belt - TOF - Interests,Broad Interests - Luxury Belt,Creative A - Luxury Belt,25.16,2095,27,12.01,1.3,1,63.99
2026-01-29,2026-01-29,Artisan Watch - BOF - Retargeting,Website Visitors - Artisan Watch,DPA - Artisan Watch,6.99,540,18,12.94,3.5,1,65.99
2026-01-29,2026-01-29,Artisan Watch - TOF - Interests,Broad Interests - Artisan Watch,Creative A - Artisan Watch,16.32,721,6,22.63,0.84,1,44.0
2026-01-29,2026-01-29,Basic Phone Case - BOF - Retargeting,Website Visitors - Basic Phone Case,DPA - Basic Phone Cas,8.64,1068,23,8.09,2.2,1,15.59
2026-01-29,2026-01-29,Basic Phone Case - TOF - Interests,Broad Interests - Basic Phone Case,Creative A - Basic Phone Cas,20.17,1670,16,12.08,1.0,1,10.39
2026-01-29,2026-01-29,Basic Phone Case - TOF - Interests,Broad Interests - Basic Phone Case,Creative A - Basic Phone Cas,12.76,683,6,18.68,0.97,0,0.0
2026-01-29,2026-01-29,Cashmere Sweater - BOF - Retargeting,Website Visitors - Cashmere Sweater,DPA - Cashmere Sweate,16.28,1406,42,11.58,3.05,1,143.99
2026-01-29,2026-01-29,Cashmere Sweater - TOF - Interests,Broad Interests - Cashmere Sweater,Creative A - Cashmere Sweate,37.97,1640,20,23.15,1.25,1,95.99
2026-01-29,2026-01-29,Clearance Jacket - BOF - Retargeting,Website Visitors - Clearance Jacket,DPA - Clearance Jacke,12.02,1097,29,10.96,2.7,1,17.99
2026-01-29,2026-01-29,Clearance Jacket - TOF - Interests,Broad Interests - Clearance Jacket,Creative A - Clearance Jacke,28.06,1883,16,14.9,0.88,1,12.0
2026-01-29,2026-01-29,Designer Sunglasses - TOF - Interests,Broad Interests - Designer Sunglasses,Creative A - Designer Sungla,3.65,207,1,17.61,0.86,0,0.0
2026-01-29,2026-01-29,Luxury Silk Scarf - TOF - Interests,Broad Interests - Luxury Silk Scarf,Creative A - Luxury Silk Sca,9.93,497,4,19.98,0.85,0,0.0
2026-01-29,2026-01-29,Overstock Pants - TOF - Interests,Broad Interests - Overstock Pants,Creative A - Overstock Pants,28.38,1533,18,18.51,1.21,0,0.0
2026-01-29,2026-01-29,Simple Keychain - TOF - Interests,Broad Interests - Simple Keychain,Creative A - Simple Keychain,12.69,808,10,15.71,1.36,0,0.0
2026-01-29,2026-01-29,Standard Lanyard - TOF - Interests,Broad Interests - Standard Lanyard,Creative A - Standard Lanyar,6.46,323,4,20.0,1.49,0,0.0
